// AUTO-GENERATED by render_lessons.py
#pragma once
#include <Arduino.h>

const uint16_t LESSON_W   = 320;
const uint16_t LESSON_H   = 200;
const uint16_t LESSON_TOP = 0;
const uint8_t  LESSON_COUNT = 11;

const uint8_t LESSON_PAGE_0[11974] PROGMEM = {
  0xFF,0x00,0xFF,0x00,0xFF,0x00,0xFF,0x00,0xFF,0x00,0xFF,0x00,0xFF,0x00,0xFF,0x00,
  0xFF,0x00,0xFF,0x00,0x62,0x00,0x01,0x8D,0x01,0xFA,0x01,0xD5,0x01,0x6D,0x01,0x20,
  0xFF,0x00,0x3B,0x00,0x01,0x24,0x04,0xFA,0x01,0xD5,0x01,0x24,0x13,0x00,0x01,0x44,
  0x01,0x24,0xFF,0x00,0x27,0x00,0x01,0x24,0x01,0x6D,0x02,0xFA,0x01,0x8D,0x03,0x00,
  0x01,0x24,0x01,0xFA,0x01,0x24,0x0C,0x00,0x01,0x24,0x02,0xFA,0x01,0x8D,0x0B,0x00,
  0x01,0x24,0x01,0xFA,0x01,0x24,0x0D,0x00,0x01,0x24,0x01,0x8D,0x22,0x00,0x01,0xD5,
  0x01,0x48,0x03,0x00,0x01,0x44,0x01,0xFA,0x01,0x49,0x05,0x00,0x01,0xB1,0x01,0x8D,
  0x0D,0x00,0x01,0x48,0x01,0x8D,0x01,0x24,0x08,0x00,0x01,0x24,0x01,0xFA,0x01,0x24,
  0xBE,0x00,0x01,0x6D,0x01,0xFA,0x01,0xB1,0x03,0x00,0x01,0xD5,0x09,0xFA,0x01,0x8D,
  0x04,0x00,0x01,0x6D,0x03,0xFA,0x01,0xF9,0x01,0x49,0x09,0x00,0x01,0xD5,0x09,0xFA,
  0x01,0x8D,0x04,0x00,0x01,0x24,0x01,0xF9,0x01,0xFA,0x01,0x48,0x03,0x00,0x01,0x6D,
  0x01,0xF9,0x01,0xFA,0x01,0xD5,0x01,0x44,0x18,0x00,0x01,0x8D,0x09,0xFA,0x01,0x44,
  0x02,0x00,0x01,0x69,0x06,0xFA,0x01,0x8D,0x07,0x00,0x01,0x48,0x03,0xFA,0x01,0xB1,
  0x01,0x48,0x06,0x00,0x01,0xD5,0x0A,0xFA,0x01,0xF9,0x01,0x69,0xB4,0x00,0x01,0x48,
  0x01,0xFA,0x01,0x8D,0x02,0x00,0x01,0x8D,0x0B,0xFA,0x01,0x8D,0x04,0x00,0x01,0x44,
  0x01,0xD5,0x03,0xFA,0x01,0x91,0x07,0x00,0x01,0x8D,0x0B,0xFA,0x01,0x8D,0x03,0x00,
  0x01,0x69,0x02,0xFA,0x01,0xB1,0x02,0x00,0x01,0xB1,0x05,0xFA,0x01,0x44,0x16,0x00,
  0x01,0x24,0x09,0xFA,0x01,0xD5,0x03,0x00,0x08,0xFA,0x01,0xB5,0x05,0x00,0x01,0x24,
  0x01,0xFA,0x01,0x91,0x04,0xFA,0x01,0x8D,0x04,0x00,0x01,0x91,0x0D,0xFA,0xB4,0x00,
  0x01,0x8D,0x01,0xFA,0x01,0x24,0x03,0x00,0x09,0x24,0x01,0x91,0x01,0xFA,0x01,0xD5,
  0x05,0x00,0x01,0xD5,0x04,0xFA,0x08,0x00,0x09,0x24,0x01,0x91,0x01,0xFA,0x01,0xD5,
  0x04,0x00,0x01,0xB1,0x02,0xFA,0x01,0x24,0x01,0x6D,0x01,0xFA,0x01,0x69,0x01,0x24,
  0x01,0x69,0x02,0xFA,0x01,0xD5,0x17,0x00,0x06,0x24,0x01,0xB5,0x01,0xFA,0x01,0x91,
  0x04,0x00,0x05,0x24,0x01,0x48,0x01,0x91,0x02,0xFA,0x01,0x49,0x04,0x00,0x01,0xD5,
  0x01,0x8D,0x02,0x00,0x01,0x69,0x01,0xD5,0x02,0xFA,0x01,0x69,0x03,0x00,0x01,0x24,
  0x01,0xD5,0x01,0xFA,0x01,0xB1,0x07,0x24,0x01,0x6D,0x02,0xFA,0xB3,0x00,0x01,0x24,
  0x01,0xFA,0x01,0x69,0x0E,0x00,0x02,0xFA,0x04,0x00,0x01,0x24,0x01,0xFA,0x02,0x24,
  0x01,0xB1,0x01,0x91,0x12,0x00,0x02,0xFA,0x04,0x00,0x01,0x24,0x02,0xFA,0x01,0x69,
  0x01,0xD5,0x01,0x24,0x03,0x00,0x01,0x24,0x02,0xFA,0x01,0x44,0x1C,0x00,0x01,0x91,
  0x01,0xFA,0x01,0x48,0x0B,0x00,0x01,0x91,0x01,0xFA,0x01,0xB1,0x03,0x00,0x01,0x48,
  0x01,0xFA,0x01,0x48,0x04,0x00,0x01,0x91,0x01,0xFA,0x01,0xD5,0x04,0x00,0x01,0x48,
  0x01,0xFA,0x01,0xB5,0x08,0x00,0x01,0xF9,0x01,0xFA,0xB3,0x00,0x01,0xD5,0x01,0x91,
  0x06,0x00,0x01,0x24,0x01,0x69,0x07,0x00,0x01,0xB5,0x01,0xFA,0x01,0x24,0x03,0x00,
  0x01,0x48,0x01,0xFA,0x01,0x24,0x0C,0x00,0x01,0x24,0x01,0x69,0x07,0x00,0x01,0xB5,
  0x01,0xFA,0x01,0x24,0x04,0x00,0x01,0xB1,0x01,0xFA,0x01,0xF9,0x01,0x48,0x05,0x00,
  0x01,0x91,0x01,0xFA,0x01,0x6D,0x1C,0x00,0x01,0x8D,0x01,0xFA,0x01,0x48,0x0B,0x00,
  0x01,0x24,0x02,0xFA,0x03,0x00,0x01,0x6D,0x01,0xFA,0x01,0x6D,0x05,0x00,0x02,0xFA,
  0x05,0x00,0x02,0xFA,0x08,0x00,0x01,0xF9,0x01,0xFA,0xB2,0x00,0x01,0x91,0x01,0xFA,
  0x07,0x00,0x01,0xD5,0x01,0x91,0x07,0x00,0x01,0xB1,0x01,0xFA,0x01,0x24,0x03,0x00,
  0x01,0x49,0x01,0xFA,0x01,0x6D,0x0C,0x00,0x01,0xD5,0x01,0x91,0x07,0x00,0x01,0xB1,
  0x01,0xFA,0x01,0x24,0x04,0x00,0x01,0x8D,0x01,0xFA,0x01,0xD5,0x06,0x00,0x01,0x48,
  0x01,0xFA,0x01,0x91,0x09,0x00,0x06,0x24,0x0D,0x00,0x01,0x8D,0x01,0xFA,0x01,0x48,
  0x0C,0x00,0x01,0xD5,0x01,0xFA,0x03,0x00,0x01,0x69,0x02,0xFA,0x01,0x6D,0x04,0x00,
  0x01,0xB1,0x01,0xFA,0x01,0x24,0x04,0x00,0x01,0xD5,0x01,0xFA,0x01,0x24,0x07,0x00,
  0x01,0xFA,0x01,0xB1,0xB2,0x00,0x02,0xFA,0x06,0x00,0x01,0x24,0x01,0xFA,0x01,0xB1,
  0x07,0x00,0x01,0x91,0x01,0xFA,0x01,0x24,0x03,0x00,0x01,0x24,0x01,0xFA,0x01,0xD5,
  0x0B,0x00,0x01,0x24,0x01,0xFA,0x01,0xB1,0x07,0x00,0x01,0x91,0x01,0xFA,0x01,0x24,
  0x04,0x00,0x01,0x6D,0x01,0xFA,0x01,0x6D,0x07,0x00,0x01,0xFA,0x01,0xB5,0x08,0x00,
  0x01,0x44,0x06,0xFA,0x01,0x44,0x0C,0x00,0x01,0x6D,0x01,0xFA,0x01,0x48,0x0C,0x00,
  0x01,0xD5,0x01,0xFA,0x01,0x24,0x03,0x00,0x01,0xD5,0x02,0xFA,0x01,0x69,0x03,0x00,
  0x01,0x8D,0x01,0xFA,0x01,0x24,0x04,0x00,0x01,0x8D,0x01,0xFA,0x01,0x49,0x06,0x00,
  0x01,0x24,0x01,0xFA,0x01,0x49,0xB2,0x00,0x01,0xF9,0x01,0xFA,0x01,0x6D,0x05,0x00,
  0x01,0x24,0x01,0xFA,0x01,0xB1,0x07,0x00,0x01,0x8D,0x01,0xFA,0x01,0x44,0x04,0x00,
  0x01,0xB1,0x01,0xFA,0x01,0x49,0x0A,0x00,0x01,0x24,0x01,0xFA,0x01,0xB1,0x07,0x00,
  0x01,0x8D,0x01,0xFA,0x01,0x44,0x04,0x00,0x01,0x8D,0x01,0xFA,0x01,0x24,0x07,0x00,
  0x01,0xFA,0x01,0xD5,0x08,0x00,0x01,0xD5,0x05,0xFA,0x01,0x8D,0x0D,0x00,0x01,0x6D,
  0x01,0xFA,0x01,0x69,0x0C,0x00,0x01,0xB1,0x01,0xFA,0x01,0x24,0x03,0x00,0x01,0x24,
  0x01,0x91,0x01,0xB1,0x04,0x00,0x01,0x6D,0x01,0xFA,0x01,0x24,0x04,0x00,0x01,0x48,
  0x01,0xFA,0x01,0x8D,0x06,0x00,0x01,0x8D,0x01,0xD5,0xB3,0x00,0x01,0x48,0x01,0xD5,
  0x01,0x24,0x06,0x00,0x01,0xFA,0x01,0xB1,0x07,0x00,0x01,0x6D,0x01,0xFA,0x01,0x48,
  0x04,0x00,0x01,0x44,0x01,0xFA,0x01,0xD5,0x0B,0x00,0x01,0xFA,0x01,0xB1,0x07,0x00,
  0x01,0x6D,0x01,0xFA,0x01,0x48,0x04,0x00,0x01,0xB1,0x01,0xF9,0x08,0x00,0x02,0xD5,
  0x1C,0x00,0x01,0x69,0x01,0xFA,0x01,0x6D,0x0C,0x00,0x01,0x91,0x01,0xFA,0x01,0x24,
  0x0A,0x00,0x01,0x69,0x01,0xFA,0x01,0x44,0x04,0x00,0x01,0x20,0x01,0xFA,0x01,0xD5,
  0x05,0x00,0x01,0x24,0x01,0xFA,0x01,0x48,0xBC,0x00,0x01,0xFA,0x01,0xB5,0x07,0x00,
  0x01,0x6D,0x01,0xFA,0x01,0x48,0x05,0x00,0x01,0xD5,0x01,0xFA,0x01,0x6D,0x0A,0x00,
  0x01,0xFA,0x01,0xB5,0x07,0x00,0x01,0x6D,0x01,0xFA,0x01,0x48,0x04,0x00,0x01,0xFA,
  0x01,0x91,0x08,0x00,0x02,0xB5,0x1C,0x00,0x01,0x48,0x01,0xFA,0x01,0x6D,0x0C,0x00,
  0x01,0x8D,0x01,0xFA,0x01,0x44,0x0A,0x00,0x01,0x69,0x01,0xFA,0x01,0x24,0x05,0x00,
  0x01,0xD5,0x01,0xFA,0x01,0x24,0x03,0x00,0x01,0x24,0x01,0xD9,0x01,0x91,0xB5,0x00,
  0x01,0x48,0x07,0x00,0x01,0xFA,0x01,0xD5,0x07,0x00,0x01,0x69,0x01,0xFA,0x01,0x48,
  0x05,0x00,0x01,0x48,0x01,0xFA,0x01,0xF9,0x0A,0x00,0x01,0xFA,0x01,0xD5,0x07,0x00,
  0x01,0x69,0x01,0xFA,0x01,0x48,0x03,0x00,0x01,0x48,0x01,0xFA,0x01,0x48,0x02,0x00,
  0x06,0x24,0x01,0xD5,0x01,0x8D,0x1C,0x00,0x01,0x48,0x01,0xFA,0x01,0x6D,0x0C,0x00,
  0x01,0x8D,0x01,0xFA,0x01,0x44,0x03,0x00,0x07,0x24,0x01,0x6D,0x01,0xFA,0x06,0x00,
  0x01,0x8D,0x01,0xFA,0x01,0xB1,0x01,0x24,0x01,0x48,0x01,0x91,0x01,0xFA,0x01,0xB1,
  0xB5,0x00,0x01,0xB1,0x01,0xFA,0x01,0x8D,0x06,0x00,0x01,0xD5,0x01,0x91,0x07,0x00,
  0x01,0x69,0x01,0xFA,0x01,0x24,0x06,0x00,0x01,0xB1,0x01,0xFA,0x0A,0x00,0x01,0xD5,
  0x01,0x91,0x07,0x00,0x01,0x69,0x01,0xFA,0x01,0x24,0x03,0x00,0x01,0x91,0x01,0xD5,
  0x02,0x00,0x01,0x69,0x07,0xFA,0x01,0x24,0x1C,0x00,0x01,0x24,0x01,0xFA,0x01,0x44,
  0x0C,0x00,0x01,0x6D,0x01,0xFA,0x03,0x00,0x01,0x48,0x08,0xFA,0x01,0x8D,0x06,0x00,
  0x01,0x24,0x05,0xFA,0x01,0x91,0xB6,0x00,0x01,0xD5,0x01,0xFA,0x01,0xD5,0x06,0x00,
  0x01,0xB1,0x01,0x24,0x07,0x00,0x01,0x48,0x01,0x6D,0x07,0x00,0x01,0x24,0x01,0x91,
  0x0A,0x00,0x01,0xB1,0x01,0x24,0x07,0x00,0x01,0x48,0x01,0x6D,0x04,0x00,0x01,0xD5,
  0x01,0x24,0x01,0x00,0x01,0x24,0x07,0xFA,0x01,0x91,0x1D,0x00,0x01,0x24,0x01,0x91,
  0x0D,0x00,0x01,0x69,0x01,0x6D,0x03,0x00,0x01,0xD5,0x08,0xFA,0x01,0x24,0x07,0x00,
  0x01,0x6D,0x02,0xFA,0x01,0xB1,0x01,0x48,0xB7,0x00,0x01,0x24,0x01,0x91,0x01,0x24,
  0x33,0x00,0x01,0x24,0xFF,0x00,0xFF,0x00,0xFF,0x00,0xFF,0x00,0xFF,0x00,0xFF,0x00,
  0xFF,0x00,0xFF,0x00,0xFF,0x00,0xFF,0x00,0xFF,0x00,0xFB,0x00,0xFF,0xFA,0xFF,0xFA,
  0x82,0xFA,0xFF,0x00,0xFF,0x00,0xFF,0x00,0xFF,0x00,0xFF,0x00,0xFF,0x00,0xFF,0x00,
  0xFF,0x00,0xFF,0x00,0xFF,0x00,0xFF,0x00,0xFF,0x00,0xFF,0x00,0xFF,0x00,0xFF,0x00,
  0xFF,0x00,0xE1,0x00,0x01,0x24,0x01,0xDB,0xFF,0x00,0x3F,0x00,0x01,0x49,0x01,0xFF,
  0xFF,0x00,0x15,0x00,0x01,0x6D,0x09,0x00,0x01,0x49,0x01,0x24,0x06,0x00,0x01,0x49,
  0x01,0x24,0x04,0x00,0x01,0x49,0x01,0x24,0x07,0x00,0x01,0x24,0x08,0x00,0x01,0x24,
  0x01,0xFF,0x0B,0x00,0x01,0x6D,0x09,0x00,0x01,0x49,0x01,0x24,0x04,0x00,0x01,0x49,
  0x01,0x24,0x04,0x00,0x01,0xB6,0x01,0x92,0x05,0x00,0x01,0xB6,0x0C,0x00,0x01,0x49,
  0x01,0x24,0x06,0x00,0x01,0x49,0x01,0x24,0x05,0x00,0x01,0x49,0x0A,0x00,0x01,0x24,
  0x0C,0x00,0x01,0xB6,0x01,0x92,0x04,0x00,0x01,0x49,0x01,0x24,0x04,0x00,0x01,0x49,
  0x01,0x24,0x09,0x00,0x01,0xDB,0x01,0x24,0x02,0x00,0x01,0xDB,0x02,0x00,0x01,0x6D,
  0x01,0x49,0x02,0x00,0x01,0x49,0x01,0x24,0x07,0x00,0x01,0x49,0x01,0xDB,0x01,0x6D,
  0x06,0x00,0x01,0x6D,0x82,0x00,0x01,0xB6,0x06,0xFF,0x01,0x6D,0x03,0x00,0x04,0xFF,
  0x01,0xB6,0x03,0x00,0x02,0xFF,0x01,0x6D,0x03,0x00,0x04,0xFF,0x01,0xDB,0x01,0x24,
  0x02,0x00,0x02,0xDB,0x02,0x00,0x01,0x92,0x01,0xFF,0x01,0xDB,0x01,0x24,0x03,0x00,
  0x06,0xFF,0x05,0x00,0x01,0xB6,0x06,0xFF,0x01,0x6D,0x03,0x00,0x02,0xFF,0x01,0x6D,
  0x03,0x00,0x02,0xFF,0x01,0x6D,0x03,0x00,0x01,0xDB,0x02,0xFF,0x01,0x24,0x02,0x00,
  0x01,0xDB,0x07,0xFF,0x01,0x6D,0x05,0x00,0x04,0xFF,0x01,0xB6,0x03,0x00,0x02,0xFF,
  0x01,0x6D,0x03,0x00,0x01,0x49,0x05,0xFF,0x01,0x92,0x04,0x00,0x02,0xDB,0x02,0x00,
  0x01,0x92,0x01,0xFF,0x01,0xDB,0x01,0x24,0x05,0x00,0x01,0x24,0x02,0xFF,0x01,0xDB,
  0x03,0x00,0x02,0xFF,0x01,0x6D,0x02,0x00,0x01,0x24,0x04,0xFF,0x01,0xDB,0x01,0x24,
  0x05,0x00,0x01,0xFF,0x01,0x92,0x01,0x00,0x01,0x49,0x01,0xFF,0x01,0x24,0x01,0x00,
  0x01,0xFF,0x01,0x92,0x02,0x00,0x04,0xFF,0x01,0xB6,0x03,0x00,0x01,0x24,0x02,0xB6,
  0x02,0xFF,0x01,0x49,0x03,0x00,0x01,0xB6,0x06,0xFF,0x01,0x6D,0x7C,0x00,0x06,0x6D,
  0x01,0xB6,0x01,0xFF,0x02,0x00,0x01,0x24,0x03,0x6D,0x01,0x92,0x01,0xFF,0x01,0xB6,
  0x02,0x00,0x01,0x6D,0x02,0xFF,0x01,0xB6,0x01,0x00,0x01,0x24,0x04,0x6D,0x02,0xFF,
  0x02,0x00,0x01,0x92,0x01,0xFF,0x01,0x49,0x02,0x92,0x01,0x6D,0x01,0xDB,0x01,0xFF,
  0x03,0x00,0x01,0x49,0x04,0x6D,0x01,0xFF,0x01,0x49,0x04,0x00,0x06,0x6D,0x01,0xB6,
  0x01,0xFF,0x03,0x00,0x01,0x6D,0x02,0xFF,0x01,0xB6,0x02,0x00,0x01,0x6D,0x02,0xFF,
  0x01,0xB6,0x03,0x00,0x01,0x6D,0x01,0xFF,0x01,0xB6,0x02,0x00,0x01,0x49,0x01,0xFF,
  0x01,0x92,0x04,0x6D,0x02,0xDB,0x04,0x00,0x01,0x24,0x03,0x6D,0x01,0x92,0x01,0xFF,
  0x01,0xB6,0x02,0x00,0x01,0x6D,0x02,0xFF,0x01,0xB6,0x02,0x00,0x01,0xB6,0x01,0xFF,
  0x03,0x6D,0x01,0xB6,0x01,0xFF,0x01,0xB6,0x03,0x00,0x01,0x92,0x01,0xFF,0x01,0x49,
  0x02,0x92,0x01,0x6D,0x01,0xDB,0x01,0xFF,0x07,0x00,0x01,0x92,0x01,0xFF,0x01,0x92,
  0x02,0x00,0x01,0x6D,0x02,0xFF,0x01,0xB6,0x01,0x00,0x01,0x24,0x04,0x6D,0x01,0xFF,
  0x01,0x92,0x05,0x00,0x01,0x92,0x01,0xDB,0x02,0x00,0x01,0xFF,0x01,0x24,0x01,0x00,
  0x02,0xB6,0x01,0x00,0x01,0x24,0x03,0x6D,0x01,0x92,0x01,0xFF,0x01,0xB6,0x02,0x00,
  0x01,0xB6,0x01,0x24,0x01,0x00,0x01,0x24,0x01,0xDB,0x01,0xFF,0x03,0x00,0x06,0x6D,
  0x01,0xB6,0x01,0xFF,0x0C,0x00,0x03,0xFF,0x6E,0x00,0x01,0x49,0x05,0x00,0x01,0xFF,
  0x01,0x24,0x06,0x00,0x01,0x49,0x01,0xFF,0x04,0x00,0x01,0xDB,0x01,0xFF,0x06,0x00,
  0x01,0x24,0x01,0xFF,0x01,0x6D,0x02,0x00,0x01,0xFF,0x01,0xB6,0x01,0x6D,0x03,0x00,
  0x01,0xFF,0x01,0x49,0x07,0x00,0x01,0xDB,0x01,0x49,0x05,0x00,0x01,0x49,0x05,0x00,
  0x01,0xFF,0x01,0x24,0x04,0x00,0x01,0xDB,0x01,0xFF,0x04,0x00,0x01,0xDB,0x01,0xFF,
  0x04,0x00,0x01,0x92,0x01,0xDB,0x03,0x00,0x01,0xFF,0x01,0x24,0x04,0x00,0x01,0x6D,
  0x01,0xB6,0x09,0x00,0x01,0x49,0x01,0xFF,0x04,0x00,0x01,0xDB,0x01,0xFF,0x02,0x00,
  0x01,0x6D,0x01,0xFF,0x04,0x00,0x01,0x49,0x01,0xFF,0x01,0x24,0x03,0x00,0x01,0xFF,
  0x01,0xB6,0x01,0x6D,0x03,0x00,0x01,0xFF,0x01,0x49,0x07,0x00,0x02,0xB6,0x04,0x00,
  0x01,0xDB,0x01,0xFF,0x06,0x00,0x01,0x6D,0x01,0x92,0x05,0x00,0x01,0x24,0x01,0xFF,
  0x02,0x00,0x01,0xFF,0x02,0x00,0x01,0x92,0x01,0xB6,0x06,0x00,0x01,0x49,0x01,0xFF,
  0x02,0x00,0x01,0xFF,0x01,0x49,0x03,0x00,0x01,0xFF,0x01,0x24,0x03,0x00,0x01,0x49,
  0x05,0x00,0x01,0xFF,0x01,0x24,0x0A,0x00,0x05,0xFF,0x6D,0x00,0x01,0xFF,0x05,0x00,
  0x01,0xFF,0x01,0x24,0x07,0x00,0x01,0xFF,0x01,0x24,0x03,0x00,0x01,0x92,0x01,0xB6,
  0x07,0x00,0x01,0xB6,0x01,0x92,0x02,0x00,0x01,0xB6,0x01,0xDB,0x04,0x00,0x01,0xB6,
  0x01,0x92,0x07,0x00,0x01,0xDB,0x06,0x00,0x01,0xFF,0x05,0x00,0x01,0xFF,0x01,0x24,
  0x04,0x00,0x01,0x92,0x01,0xB6,0x04,0x00,0x01,0x92,0x01,0xB6,0x04,0x00,0x01,0x49,
  0x01,0xFF,0x03,0x00,0x01,0xFF,0x01,0x49,0x04,0x00,0x01,0x92,0x01,0x6D,0x0A,0x00,
  0x01,0xFF,0x01,0x24,0x03,0x00,0x01,0x92,0x01,0xB6,0x02,0x00,0x01,0x49,0x01,0xFF,
  0x05,0x00,0x01,0xDB,0x01,0x6D,0x03,0x00,0x01,0xB6,0x01,0xDB,0x04,0x00,0x01,0xB6,
  0x01,0x92,0x07,0x00,0x01,0x6D,0x01,0xDB,0x04,0x00,0x01,0x92,0x01,0xB6,0x06,0x00,
  0x01,0x6D,0x01,0xB6,0x06,0x00,0x01,0xFF,0x01,0x49,0x01,0xB6,0x01,0x49,0x02,0x00,
  0x01,0x92,0x01,0x6D,0x07,0x00,0x01,0xFF,0x01,0x24,0x01,0x00,0x01,0xB6,0x01,0xFF,
  0x01,0x49,0x02,0x00,0x01,0xDB,0x01,0x49,0x03,0x00,0x01,0xFF,0x05,0x00,0x01,0xFF,
  0x01,0x24,0x09,0x00,0x07,0xFF,0x6C,0x00,0x01,0xFF,0x05,0x00,0x01,0xDB,0x01,0x49,
  0x07,0x00,0x01,0xFF,0x01,0x49,0x03,0x00,0x01,0xDB,0x01,0x24,0x07,0x00,0x01,0x92,
  0x01,0x6D,0x02,0x00,0x01,0xB6,0x01,0x6D,0x04,0x00,0x01,0x6D,0x01,0xB6,0x06,0x00,
  0x01,0x24,0x01,0x92,0x06,0x00,0x01,0xFF,0x05,0x00,0x01,0xDB,0x01,0x49,0x04,0x00,
  0x01,0xDB,0x01,0x24,0x04,0x00,0x01,0xDB,0x01,0x24,0x04,0x00,0x01,0x24,0x01,0xFF,
  0x03,0x00,0x01,0xFF,0x01,0x49,0x04,0x00,0x01,0xB6,0x0B,0x00,0x01,0xFF,0x01,0x49,
  0x03,0x00,0x01,0xDB,0x01,0x24,0x02,0x00,0x01,0x24,0x01,0xFF,0x05,0x00,0x01,0xB6,
  0x01,0x92,0x03,0x00,0x01,0xB6,0x01,0x6D,0x04,0x00,0x01,0x6D,0x01,0xB6,0x07,0x00,
  0x01,0x6D,0x01,0xDB,0x04,0x00,0x01,0xDB,0x01,0x24,0x06,0x00,0x01,0x6D,0x01,0xB6,
  0x06,0x00,0x01,0xB6,0x01,0xFF,0x01,0x49,0x03,0x00,0x01,0xDB,0x08,0x00,0x01,0xFF,
  0x01,0x49,0x02,0x00,0x01,0x92,0x03,0x00,0x01,0xB6,0x01,0x49,0x03,0x00,0x01,0xFF,
  0x05,0x00,0x01,0xDB,0x01,0x49,0x09,0x00,0x07,0xFF,0x6C,0x00,0x01,0xFF,0x05,0x00,
  0x01,0xDB,0x01,0x49,0x07,0x00,0x01,0xDB,0x01,0x49,0x02,0x00,0x02,0x49,0x08,0x00,
  0x01,0xB6,0x03,0x00,0x01,0xDB,0x01,0x24,0x04,0x00,0x01,0x49,0x01,0xB6,0x05,0x00,
  0x01,0x24,0x01,0xDB,0x07,0x00,0x01,0xFF,0x05,0x00,0x01,0xDB,0x01,0x49,0x03,0x00,
  0x02,0x49,0x04,0x00,0x02,0x49,0x05,0x00,0x01,0x24,0x01,0xFF,0x03,0x00,0x01,0xDB,
  0x01,0x49,0x03,0x00,0x01,0x6D,0x01,0x49,0x0B,0x00,0x01,0xDB,0x01,0x49,0x02,0x00,
  0x02,0x49,0x03,0x00,0x01,0x24,0x01,0xFF,0x05,0x00,0x02,0x92,0x03,0x00,0x01,0xDB,
  0x01,0x24,0x04,0x00,0x01,0x49,0x01,0xB6,0x07,0x00,0x01,0x49,0x01,0xDB,0x03,0x00,
  0x02,0x49,0x07,0x00,0x01,0x6D,0x01,0xB6,0x06,0x00,0x01,0x92,0x01,0xB6,0x03,0x00,
  0x01,0xB6,0x01,0x6D,0x08,0x00,0x01,0xDB,0x01,0x49,0x06,0x00,0x01,0xB6,0x01,0x49,
  0x03,0x00,0x01,0xFF,0x05,0x00,0x01,0xDB,0x01,0x49,0x09,0x00,0x07,0xFF,0x6C,0x00,
  0x01,0xFF,0x05,0x00,0x01,0xDB,0x01,0x49,0x07,0x00,0x01,0xDB,0x01,0x49,0x07,0x00,
  0x01,0x49,0x03,0x6D,0x01,0x92,0x01,0x6D,0x03,0x00,0x01,0xFF,0x01,0x00,0x01,0x24,
  0x03,0x6D,0x01,0x92,0x01,0x6D,0x03,0x00,0x01,0x6D,0x01,0xDB,0x01,0xFF,0x01,0x24,
  0x07,0x00,0x01,0xFF,0x05,0x00,0x01,0xDB,0x01,0x49,0x0E,0x00,0x01,0x49,0x01,0x6D,
  0x02,0x92,0x03,0x00,0x01,0xDB,0x01,0x49,0x01,0x00,0x01,0x92,0x01,0xFF,0x01,0x92,
  0x0C,0x00,0x01,0xDB,0x01,0x49,0x08,0x00,0x01,0xFF,0x05,0x00,0x01,0x6D,0x01,0x92,
  0x03,0x00,0x01,0xFF,0x01,0x00,0x01,0x24,0x03,0x6D,0x01,0x92,0x01,0x6D,0x07,0x00,
  0x01,0x49,0x01,0xDB,0x08,0x00,0x01,0x49,0x03,0x6D,0x01,0xB6,0x01,0xFF,0x01,0x49,
  0x05,0x00,0x01,0x49,0x01,0xFF,0x01,0x6D,0x01,0x92,0x01,0xFF,0x01,0x92,0x09,0x00,
  0x01,0xDB,0x01,0x49,0x01,0x00,0x01,0x49,0x04,0x6D,0x01,0xDB,0x04,0x00,0x01,0xFF,
  0x05,0x00,0x01,0xDB,0x01,0x49,0x0A,0x00,0x05,0xFF,0x6D,0x00,0x01,0x92,0x05,0x00,
  0x01,0x92,0x08,0x00,0x01,0x92,0x07,0x00,0x01,0x24,0x04,0xFF,0x01,0xB6,0x03,0x00,
  0x02,0x6D,0x01,0x00,0x05,0xFF,0x03,0x00,0x01,0x49,0x01,0xDB,0x01,0x6D,0x09,0x00,
  0x01,0x92,0x05,0x00,0x01,0x92,0x0E,0x00,0x01,0x49,0x03,0xFF,0x01,0x24,0x03,0x00,
  0x01,0xDB,0x02,0x49,0x01,0xB6,0x01,0x49,0x0D,0x00,0x01,0x92,0x09,0x00,0x01,0xDB,
  0x05,0x00,0x01,0x49,0x01,0x92,0x02,0x00,0x02,0x6D,0x01,0x00,0x05,0xFF,0x08,0x00,
  0x01,0x49,0x01,0xDB,0x07,0x00,0x01,0x24,0x06,0xFF,0x01,0x6D,0x06,0x00,0x01,0xB6,
  0x01,0xFF,0x01,0xDB,0x01,0x49,0x0A,0x00,0x01,0x92,0x01,0x00,0x01,0x24,0x05,0xFF,
  0x01,0x92,0x04,0x00,0x01,0x92,0x05,0x00,0x01,0x92,0x0C,0x00,0x03,0xFF,0x8E,0x00,
  0x01,0x49,0x33,0x00,0x01,0xDB,0x01,0x49,0x1A,0x00,0x01,0x24,0x05,0x00,0x01,0x24,
  0x03,0x00,0x01,0x49,0x0F,0x00,0x01,0x49,0x01,0xDB,0xFF,0x00,0x09,0x00,0x01,0xDB,
  0x01,0x49,0x34,0x00,0x01,0x49,0x01,0xDB,0xFF,0x00,0x09,0x00,0x01,0xB6,0x35,0x00,
  0x01,0x24,0x01,0xB6,0xFF,0x00,0xFF,0x00,0xFF,0x00,0xFF,0x00,0xFF,0x00,0xFF,0x00,
  0xFF,0x00,0x2F,0x00,0x01,0x04,0xFF,0x00,0x3F,0x00,0x01,0x2E,0x01,0x7B,0x01,0x29,
  0xFF,0x00,0x3F,0x00,0x01,0x77,0x01,0x29,0xFF,0x00,0x35,0x00,0x01,0x04,0x01,0x77,
  0x08,0x00,0x01,0x77,0x01,0x29,0x1A,0x00,0x01,0x04,0x01,0x53,0xFF,0x00,0x0F,0x00,
  0x01,0x29,0x01,0x52,0x04,0x77,0x01,0x29,0x03,0x00,0x01,0x25,0x01,0x77,0x08,0x00,
  0x01,0x77,0x01,0x29,0x1A,0x00,0x01,0x25,0x01,0x77,0xFF,0x00,0x10,0x00,0x01,0x29,
  0x01,0x77,0x02,0x00,0x01,0x29,0x01,0x7B,0x01,0x29,0x0C,0x00,0x01,0x77,0x01,0x29,
  0x10,0x00,0x01,0x25,0x01,0x4E,0x09,0x00,0x01,0x7B,0x07,0x00,0x01,0x53,0x01,0x04,
  0x02,0x00,0x01,0x77,0x02,0x00,0x02,0x29,0x03,0x00,0x01,0x04,0x0D,0x00,0x01,0x29,
  0x09,0x00,0x02,0x4E,0x04,0x00,0x01,0x52,0x01,0x4E,0x05,0x00,0x01,0x52,0x09,0x00,
  0x01,0x53,0x01,0x04,0x02,0x00,0x01,0x77,0x02,0x00,0x02,0x29,0x05,0x00,0x01,0x25,
  0x01,0x04,0x06,0x00,0x01,0x25,0x06,0x00,0x01,0x29,0x0A,0x00,0x01,0x04,0xA4,0x00,
  0x01,0x29,0x01,0x77,0x03,0x00,0x01,0x77,0x01,0x29,0x01,0x00,0x01,0x04,0x01,0x4E,
  0x01,0x77,0x04,0x00,0x01,0x04,0x01,0x73,0x03,0x77,0x01,0x29,0x10,0x00,0x01,0x77,
  0x06,0x7B,0x01,0x53,0x03,0x00,0x05,0x7B,0x01,0x77,0x02,0x00,0x01,0x77,0x01,0x4E,
  0x01,0x00,0x01,0x29,0x01,0x7B,0x01,0x04,0x01,0x00,0x01,0x77,0x01,0x4E,0x02,0x00,
  0x01,0x53,0x01,0x77,0x02,0x00,0x01,0x4E,0x02,0x77,0x01,0x04,0x06,0x00,0x01,0x52,
  0x05,0x7B,0x01,0x77,0x01,0x29,0x03,0x00,0x01,0x77,0x01,0x7B,0x01,0x77,0x03,0x00,
  0x01,0x77,0x01,0x7B,0x01,0x77,0x03,0x00,0x01,0x53,0x07,0x7B,0x01,0x29,0x02,0x00,
  0x01,0x77,0x01,0x4E,0x01,0x00,0x01,0x29,0x01,0x7B,0x01,0x04,0x01,0x00,0x01,0x77,
  0x01,0x4E,0x05,0x00,0x01,0x77,0x03,0x7B,0x01,0x52,0x03,0x00,0x01,0x77,0x01,0x7B,
  0x01,0x2D,0x03,0x00,0x01,0x29,0x04,0x7B,0x01,0x77,0x01,0x4E,0x04,0x00,0x01,0x53,
  0x01,0x77,0x02,0x00,0x01,0x4E,0x02,0x77,0x01,0x04,0x9E,0x00,0x01,0x29,0x01,0x77,
  0x02,0x00,0x01,0x29,0x01,0x52,0x03,0x00,0x01,0x29,0x01,0x7B,0x03,0x00,0x01,0x25,
  0x01,0x53,0x02,0x00,0x01,0x25,0x01,0x7B,0x01,0x29,0x05,0x00,0x06,0x77,0x01,0x29,
  0x04,0x00,0x01,0x53,0x01,0x52,0x04,0x29,0x01,0x2E,0x01,0x7B,0x01,0x2D,0x02,0x00,
  0x05,0x29,0x01,0x7B,0x01,0x29,0x01,0x00,0x01,0x4E,0x01,0x77,0x02,0x00,0x01,0x7B,
  0x02,0x00,0x02,0x52,0x02,0x00,0x01,0x4E,0x01,0x7B,0x01,0x25,0x02,0x4E,0x01,0x29,
  0x02,0x77,0x06,0x00,0x06,0x29,0x01,0x52,0x01,0x7B,0x04,0x00,0x01,0x29,0x01,0x7B,
  0x01,0x52,0x03,0x00,0x01,0x4E,0x01,0x7B,0x01,0x4E,0x02,0x00,0x01,0x25,0x01,0x7B,
  0x01,0x4E,0x04,0x29,0x01,0x77,0x01,0x53,0x02,0x00,0x01,0x4E,0x01,0x77,0x02,0x00,
  0x01,0x7B,0x02,0x00,0x02,0x52,0x05,0x00,0x03,0x29,0x01,0x2E,0x01,0x77,0x01,0x52,
  0x02,0x00,0x01,0x29,0x01,0x77,0x01,0x7B,0x01,0x52,0x02,0x00,0x01,0x52,0x01,0x77,
  0x03,0x29,0x01,0x4E,0x01,0x7B,0x01,0x52,0x03,0x00,0x01,0x4E,0x01,0x7B,0x01,0x25,
  0x02,0x4E,0x01,0x29,0x02,0x77,0x0C,0x00,0x03,0x7B,0x8F,0x00,0x01,0x29,0x04,0x7B,
  0x01,0x52,0x03,0x00,0x01,0x05,0x01,0x7B,0x03,0x00,0x01,0x77,0x01,0x04,0x03,0x00,
  0x01,0x77,0x01,0x29,0x10,0x00,0x01,0x4E,0x01,0x2E,0x05,0x00,0x02,0x4E,0x07,0x00,
  0x01,0x77,0x01,0x29,0x01,0x00,0x01,0x04,0x01,0x7B,0x02,0x00,0x01,0x77,0x02,0x00,
  0x02,0x4E,0x03,0x00,0x01,0x77,0x01,0x52,0x01,0x29,0x03,0x00,0x01,0x77,0x01,0x29,
  0x06,0x00,0x01,0x29,0x05,0x00,0x01,0x7B,0x01,0x04,0x04,0x00,0x01,0x4E,0x01,0x77,
  0x04,0x00,0x02,0x52,0x03,0x00,0x01,0x7B,0x01,0x04,0x04,0x00,0x01,0x29,0x01,0x52,
  0x02,0x00,0x01,0x04,0x01,0x7B,0x02,0x00,0x01,0x77,0x02,0x00,0x02,0x4E,0x09,0x00,
  0x01,0x29,0x01,0x7B,0x04,0x00,0x01,0x77,0x01,0x7B,0x02,0x00,0x01,0x29,0x01,0x77,
  0x04,0x00,0x01,0x29,0x01,0x7B,0x04,0x00,0x01,0x77,0x01,0x52,0x01,0x29,0x03,0x00,
  0x01,0x77,0x01,0x29,0x0A,0x00,0x05,0x7B,0x8E,0x00,0x01,0x29,0x01,0x7B,0x02,0x00,
  0x01,0x04,0x01,0x73,0x01,0x77,0x02,0x00,0x01,0x05,0x01,0x7B,0x02,0x00,0x01,0x04,
  0x01,0x7B,0x04,0x00,0x01,0x77,0x01,0x29,0x10,0x00,0x01,0x4E,0x01,0x2E,0x05,0x00,
  0x01,0x29,0x01,0x52,0x07,0x00,0x01,0x77,0x03,0x00,0x01,0x77,0x01,0x29,0x01,0x52,
  0x01,0x29,0x02,0x00,0x01,0x4E,0x01,0x29,0x03,0x00,0x01,0x52,0x01,0x77,0x04,0x00,
  0x01,0x52,0x01,0x4E,0x06,0x00,0x01,0x7B,0x05,0x00,0x01,0x77,0x01,0x04,0x04,0x00,
  0x01,0x05,0x01,0x77,0x04,0x00,0x01,0x2E,0x01,0x52,0x03,0x00,0x01,0x7B,0x01,0x25,
  0x04,0x00,0x01,0x2E,0x01,0x29,0x03,0x00,0x01,0x77,0x01,0x29,0x01,0x52,0x01,0x29,
  0x02,0x00,0x01,0x4E,0x01,0x29,0x0A,0x00,0x01,0x7B,0x01,0x04,0x03,0x00,0x01,0x4E,
  0x01,0x52,0x02,0x00,0x01,0x25,0x01,0x7B,0x05,0x00,0x01,0x77,0x01,0x29,0x03,0x00,
  0x01,0x52,0x01,0x77,0x04,0x00,0x01,0x52,0x01,0x4E,0x09,0x00,0x07,0x7B,0x8D,0x00,
  0x01,0x29,0x01,0x77,0x04,0x00,0x01,0x7B,0x01,0x29,0x01,0x00,0x01,0x05,0x01,0x7B,
  0x02,0x00,0x01,0x25,0x01,0x77,0x04,0x00,0x01,0x77,0x01,0x29,0x05,0x00,0x06,0x77,
  0x01,0x29,0x04,0x00,0x02,0x4E,0x05,0x00,0x01,0x29,0x01,0x52,0x06,0x00,0x01,0x04,
  0x01,0x4E,0x03,0x00,0x01,0x52,0x01,0x77,0x01,0x29,0x03,0x00,0x01,0x53,0x04,0x00,
  0x01,0x52,0x01,0x2D,0x04,0x00,0x01,0x29,0x01,0x52,0x06,0x00,0x01,0x7B,0x05,0x00,
  0x01,0x77,0x01,0x25,0x04,0x00,0x01,0x04,0x01,0x77,0x04,0x00,0x01,0x29,0x01,0x52,
  0x03,0x00,0x01,0x77,0x01,0x25,0x04,0x00,0x01,0x52,0x04,0x00,0x01,0x52,0x01,0x77,
  0x01,0x29,0x03,0x00,0x01,0x53,0x0B,0x00,0x01,0x77,0x01,0x25,0x03,0x00,0x01,0x77,
  0x01,0x04,0x02,0x00,0x01,0x04,0x01,0x7B,0x05,0x00,0x01,0x52,0x01,0x4E,0x03,0x00,
  0x01,0x52,0x01,0x2D,0x04,0x00,0x01,0x29,0x01,0x52,0x09,0x00,0x07,0x7B,0x8D,0x00,
  0x01,0x29,0x01,0x77,0x04,0x00,0x01,0x7B,0x01,0x29,0x01,0x00,0x01,0x05,0x01,0x7B,
  0x03,0x00,0x01,0x7B,0x01,0x04,0x03,0x00,0x01,0x77,0x01,0x29,0x10,0x00,0x02,0x4E,
  0x05,0x00,0x01,0x29,0x01,0x52,0x05,0x00,0x01,0x04,0x01,0x53,0x04,0x00,0x01,0x2E,
  0x01,0x52,0x03,0x00,0x01,0x4E,0x01,0x29,0x04,0x00,0x01,0x77,0x01,0x04,0x04,0x00,
  0x01,0x29,0x01,0x52,0x06,0x00,0x01,0x7B,0x05,0x00,0x01,0x53,0x01,0x25,0x05,0x00,
  0x01,0x77,0x04,0x00,0x01,0x29,0x01,0x52,0x03,0x00,0x01,0x77,0x01,0x25,0x03,0x00,
  0x01,0x2D,0x01,0x29,0x04,0x00,0x01,0x2E,0x01,0x52,0x03,0x00,0x01,0x4E,0x01,0x29,
  0x0B,0x00,0x01,0x77,0x01,0x25,0x02,0x00,0x02,0x29,0x03,0x00,0x01,0x04,0x01,0x7B,
  0x05,0x00,0x02,0x4E,0x03,0x00,0x01,0x77,0x01,0x04,0x04,0x00,0x01,0x29,0x01,0x52,
  0x09,0x00,0x07,0x7B,0x8D,0x00,0x01,0x29,0x01,0x7B,0x03,0x00,0x01,0x4E,0x01,0x77,
  0x02,0x00,0x01,0x05,0x01,0x7B,0x03,0x00,0x01,0x52,0x01,0x77,0x02,0x00,0x01,0x4E,
  0x01,0x77,0x01,0x29,0x10,0x00,0x01,0x29,0x01,0x77,0x05,0x29,0x01,0x52,0x01,0x29,
  0x03,0x00,0x01,0x29,0x01,0x53,0x01,0x77,0x01,0x04,0x04,0x00,0x01,0x05,0x01,0x7B,
  0x01,0x2D,0x01,0x4E,0x01,0x77,0x01,0x4E,0x05,0x00,0x01,0x77,0x01,0x00,0x01,0x04,
  0x03,0x29,0x01,0x4E,0x01,0x29,0x06,0x00,0x01,0x7B,0x05,0x00,0x01,0x53,0x01,0x25,
  0x02,0x00,0x02,0x29,0x02,0x4E,0x04,0x00,0x01,0x29,0x01,0x52,0x03,0x00,0x01,0x77,
  0x01,0x25,0x01,0x00,0x01,0x2E,0x01,0x77,0x01,0x4E,0x05,0x00,0x01,0x05,0x01,0x7B,
  0x01,0x2D,0x01,0x4E,0x01,0x77,0x01,0x4E,0x0C,0x00,0x01,0x53,0x01,0x25,0x08,0x00,
  0x01,0x7B,0x05,0x00,0x01,0x29,0x01,0x4E,0x03,0x00,0x01,0x77,0x01,0x00,0x01,0x04,
  0x03,0x29,0x01,0x4E,0x01,0x29,0x0A,0x00,0x05,0x7B,0x8D,0x00,0x01,0x29,0x01,0x77,
  0x02,0x7B,0x02,0x77,0x01,0x52,0x02,0x00,0x01,0x04,0x01,0x52,0x01,0x7B,0x01,0x4E,
  0x03,0x00,0x01,0x52,0x01,0x77,0x01,0x53,0x01,0x04,0x01,0x4E,0x01,0x53,0x01,0x25,
  0x10,0x00,0x01,0x77,0x05,0x7B,0x01,0x77,0x03,0x00,0x01,0x25,0x01,0x53,0x01,0x29,
  0x07,0x00,0x01,0x52,0x01,0x77,0x01,0x53,0x01,0x29,0x05,0x00,0x01,0x29,0x01,0x2D,
  0x01,0x00,0x01,0x77,0x03,0x7B,0x01,0x77,0x07,0x00,0x01,0x4E,0x05,0x00,0x01,0x4E,
  0x02,0x00,0x01,0x05,0x02,0x7B,0x01,0x77,0x05,0x00,0x02,0x29,0x03,0x00,0x01,0x77,
  0x02,0x25,0x01,0x52,0x01,0x05,0x07,0x00,0x01,0x52,0x01,0x77,0x01,0x53,0x01,0x29,
  0x0D,0x00,0x01,0x4E,0x09,0x00,0x01,0x73,0x05,0x00,0x01,0x29,0x01,0x2E,0x02,0x00,
  0x01,0x29,0x01,0x2D,0x01,0x00,0x01,0x77,0x03,0x7B,0x01,0x77,0x0C,0x00,0x03,0x7B,
  0xD2,0x00,0x01,0x29,0x25,0x00,0x01,0x73,0x01,0x25,0x25,0x00,0x01,0x04,0x05,0x00,
  0x01,0x04,0x03,0x00,0x01,0x29,0xFF,0x00,0x0F,0x00,0x01,0x53,0x01,0x25,0xFF,0x00,
  0x3F,0x00,0x01,0x52,0xFF,0x00,0xFF,0x00,0xFF,0x00,0xFF,0x00,0xFF,0x00,0xFF,0x00,
  0xFF,0x00,0xFF,0x00,0x6F,0x00,0x01,0x04,0x01,0x53,0x01,0x77,0xFF,0x00,0x32,0x00,
  0x01,0x04,0x0C,0x00,0x01,0x29,0x01,0x77,0xFF,0x00,0x31,0x00,0x02,0x52,0x0C,0x00,
  0x01,0x29,0x01,0x77,0x14,0x00,0x01,0x04,0x01,0x53,0xFF,0x00,0x1B,0x00,0x01,0x77,
  0x01,0x7B,0x0C,0x00,0x01,0x29,0x01,0x77,0x14,0x00,0x01,0x25,0x01,0x77,0xFF,0x00,
  0x1A,0x00,0x01,0x29,0x01,0x4E,0x01,0x77,0x01,0x29,0x0B,0x00,0x01,0x29,0x01,0x77,
  0x15,0x00,0x01,0x7B,0x07,0x00,0x01,0x29,0x08,0x00,0x01,0x52,0x0A,0x00,0x01,0x04,
  0x0C,0x00,0x01,0x25,0x01,0x04,0x06,0x00,0x01,0x25,0x01,0x04,0x06,0x00,0x01,0x52,
  0x01,0x4E,0x05,0x00,0x01,0x04,0x09,0x00,0x01,0x53,0x01,0x04,0x02,0x00,0x01,0x77,
  0x02,0x00,0x02,0x29,0x05,0x00,0x01,0x25,0x01,0x04,0x06,0x00,0x01,0x25,0x06,0x00,
  0x01,0x29,0x0A,0x00,0x01,0x04,0xA7,0x00,0x01,0x52,0x01,0x05,0x01,0x4E,0x01,0x52,
  0x04,0x00,0x01,0x25,0x02,0x77,0x01,0x53,0x01,0x04,0x02,0x00,0x01,0x29,0x01,0x77,
  0x02,0x00,0x01,0x77,0x02,0x7B,0x01,0x04,0x0F,0x00,0x05,0x7B,0x01,0x77,0x02,0x00,
  0x04,0x7B,0x01,0x77,0x03,0x00,0x01,0x53,0x07,0x7B,0x01,0x29,0x02,0x00,0x01,0x53,
  0x01,0x77,0x02,0x00,0x01,0x4E,0x02,0x77,0x01,0x04,0x06,0x00,0x01,0x77,0x03,0x7B,
  0x01,0x52,0x03,0x00,0x01,0x77,0x03,0x7B,0x01,0x53,0x01,0x04,0x02,0x00,0x01,0x77,
  0x01,0x7B,0x01,0x77,0x03,0x00,0x01,0x53,0x01,0x77,0x02,0x00,0x01,0x4E,0x02,0x77,
  0x01,0x04,0x03,0x00,0x01,0x77,0x01,0x4E,0x01,0x00,0x01,0x29,0x01,0x7B,0x01,0x04,
  0x01,0x00,0x01,0x77,0x01,0x4E,0x05,0x00,0x01,0x77,0x03,0x7B,0x01,0x52,0x03,0x00,
  0x01,0x77,0x01,0x7B,0x01,0x2D,0x03,0x00,0x01,0x29,0x04,0x7B,0x01,0x77,0x01,0x4E,
  0x04,0x00,0x01,0x53,0x01,0x77,0x02,0x00,0x01,0x4E,0x02,0x77,0x01,0x04,0xA1,0x00,
  0x01,0x77,0x01,0x00,0x01,0x04,0x01,0x7B,0x04,0x00,0x01,0x77,0x02,0x00,0x01,0x4E,
  0x01,0x29,0x02,0x00,0x01,0x29,0x01,0x77,0x02,0x00,0x01,0x4E,0x01,0x52,0x06,0x00,
  0x06,0x77,0x01,0x29,0x04,0x00,0x05,0x29,0x01,0x7B,0x01,0x29,0x01,0x00,0x04,0x29,
  0x01,0x77,0x01,0x4E,0x02,0x00,0x01,0x25,0x01,0x7B,0x01,0x4E,0x04,0x29,0x01,0x77,
  0x01,0x53,0x02,0x00,0x01,0x4E,0x01,0x7B,0x01,0x25,0x02,0x4E,0x01,0x29,0x02,0x77,
  0x06,0x00,0x03,0x29,0x01,0x2E,0x01,0x77,0x01,0x52,0x02,0x00,0x03,0x29,0x01,0x2D,
  0x02,0x77,0x03,0x00,0x01,0x4E,0x01,0x7B,0x01,0x4E,0x02,0x00,0x01,0x4E,0x01,0x7B,
  0x01,0x25,0x02,0x4E,0x01,0x29,0x02,0x77,0x03,0x00,0x01,0x4E,0x01,0x77,0x02,0x00,
  0x01,0x7B,0x02,0x00,0x02,0x52,0x05,0x00,0x03,0x29,0x01,0x2E,0x01,0x77,0x01,0x52,
  0x02,0x00,0x01,0x29,0x01,0x77,0x01,0x7B,0x01,0x52,0x02,0x00,0x01,0x52,0x01,0x77,
  0x03,0x29,0x01,0x4E,0x01,0x7B,0x01,0x52,0x03,0x00,0x01,0x4E,0x01,0x7B,0x01,0x25,
  0x02,0x4E,0x01,0x29,0x02,0x77,0x0C,0x00,0x03,0x7B,0x91,0x00,0x01,0x29,0x01,0x4E,
  0x02,0x00,0x01,0x77,0x01,0x29,0x03,0x00,0x01,0x7B,0x01,0x29,0x05,0x00,0x01,0x29,
  0x01,0x77,0x01,0x00,0x01,0x4E,0x01,0x2D,0x17,0x00,0x01,0x77,0x01,0x29,0x05,0x00,
  0x01,0x2D,0x01,0x4E,0x03,0x00,0x01,0x7B,0x01,0x04,0x04,0x00,0x01,0x29,0x01,0x52,
  0x03,0x00,0x01,0x77,0x01,0x52,0x01,0x29,0x03,0x00,0x01,0x77,0x01,0x29,0x09,0x00,
  0x01,0x29,0x01,0x7B,0x07,0x00,0x01,0x77,0x01,0x29,0x03,0x00,0x02,0x52,0x03,0x00,
  0x01,0x77,0x01,0x52,0x01,0x29,0x03,0x00,0x01,0x77,0x01,0x29,0x02,0x00,0x01,0x04,
  0x01,0x7B,0x02,0x00,0x01,0x77,0x02,0x00,0x02,0x4E,0x09,0x00,0x01,0x29,0x01,0x7B,
  0x04,0x00,0x01,0x77,0x01,0x7B,0x02,0x00,0x01,0x29,0x01,0x77,0x04,0x00,0x01,0x29,
  0x01,0x7B,0x04,0x00,0x01,0x77,0x01,0x52,0x01,0x29,0x03,0x00,0x01,0x77,0x01,0x29,
  0x0A,0x00,0x05,0x7B,0x90,0x00,0x01,0x52,0x03,0x77,0x01,0x7B,0x01,0x53,0x03,0x00,
  0x01,0x25,0x01,0x77,0x01,0x53,0x01,0x04,0x03,0x00,0x01,0x29,0x01,0x77,0x01,0x52,
  0x01,0x29,0x18,0x00,0x01,0x77,0x06,0x00,0x01,0x29,0x01,0x52,0x03,0x00,0x01,0x7B,
  0x01,0x25,0x04,0x00,0x01,0x2E,0x01,0x29,0x03,0x00,0x01,0x52,0x01,0x77,0x04,0x00,
  0x01,0x52,0x01,0x4E,0x0A,0x00,0x01,0x7B,0x01,0x04,0x06,0x00,0x01,0x52,0x01,0x2E,
  0x03,0x00,0x01,0x2E,0x01,0x52,0x03,0x00,0x01,0x52,0x01,0x77,0x04,0x00,0x01,0x52,
  0x01,0x4E,0x03,0x00,0x01,0x77,0x01,0x29,0x01,0x52,0x01,0x29,0x02,0x00,0x01,0x4E,
  0x01,0x29,0x0A,0x00,0x01,0x7B,0x01,0x04,0x03,0x00,0x01,0x4E,0x01,0x52,0x02,0x00,
  0x01,0x25,0x01,0x7B,0x05,0x00,0x01,0x77,0x01,0x29,0x03,0x00,0x01,0x52,0x01,0x77,
  0x04,0x00,0x01,0x52,0x01,0x4E,0x09,0x00,0x07,0x7B,0x8F,0x00,0x01,0x77,0x03,0x00,
  0x01,0x05,0x01,0x7B,0x05,0x00,0x01,0x2E,0x01,0x7B,0x01,0x29,0x02,0x00,0x01,0x29,
  0x01,0x77,0x01,0x4E,0x01,0x77,0x08,0x00,0x06,0x77,0x01,0x29,0x08,0x00,0x01,0x04,
  0x01,0x4E,0x06,0x00,0x01,0x29,0x01,0x52,0x03,0x00,0x01,0x77,0x01,0x25,0x04,0x00,
  0x01,0x52,0x04,0x00,0x01,0x52,0x01,0x2D,0x04,0x00,0x01,0x29,0x01,0x52,0x0A,0x00,
  0x01,0x77,0x01,0x25,0x06,0x00,0x01,0x4E,0x01,0x29,0x03,0x00,0x01,0x29,0x01,0x52,
  0x03,0x00,0x01,0x52,0x01,0x2D,0x04,0x00,0x01,0x29,0x01,0x52,0x03,0x00,0x01,0x52,
  0x01,0x77,0x01,0x29,0x03,0x00,0x01,0x53,0x0B,0x00,0x01,0x77,0x01,0x25,0x03,0x00,
  0x01,0x77,0x01,0x04,0x02,0x00,0x01,0x04,0x01,0x7B,0x05,0x00,0x01,0x52,0x01,0x4E,
  0x03,0x00,0x01,0x52,0x01,0x2D,0x04,0x00,0x01,0x29,0x01,0x52,0x09,0x00,0x07,0x7B,
  0x8E,0x00,0x01,0x29,0x01,0x4E,0x04,0x00,0x01,0x77,0x01,0x2D,0x02,0x00,0x01,0x04,
  0x02,0x00,0x01,0x29,0x01,0x53,0x02,0x00,0x01,0x29,0x01,0x77,0x01,0x00,0x02,0x52,
  0x15,0x00,0x01,0x04,0x01,0x53,0x07,0x00,0x01,0x29,0x01,0x52,0x03,0x00,0x01,0x77,
  0x01,0x25,0x03,0x00,0x01,0x2D,0x01,0x29,0x04,0x00,0x01,0x77,0x01,0x04,0x04,0x00,
  0x01,0x29,0x01,0x52,0x0A,0x00,0x01,0x77,0x01,0x25,0x06,0x00,0x01,0x52,0x04,0x00,
  0x01,0x29,0x01,0x52,0x03,0x00,0x01,0x77,0x01,0x04,0x04,0x00,0x01,0x29,0x01,0x52,
  0x03,0x00,0x01,0x2E,0x01,0x52,0x03,0x00,0x01,0x4E,0x01,0x29,0x0B,0x00,0x01,0x77,
  0x01,0x25,0x02,0x00,0x02,0x29,0x03,0x00,0x01,0x04,0x01,0x7B,0x05,0x00,0x02,0x4E,
  0x03,0x00,0x01,0x77,0x01,0x04,0x04,0x00,0x01,0x29,0x01,0x52,0x09,0x00,0x07,0x7B,
  0x8E,0x00,0x01,0x52,0x01,0x29,0x04,0x00,0x01,0x4E,0x01,0x77,0x01,0x00,0x01,0x04,
  0x01,0x53,0x02,0x00,0x02,0x4E,0x02,0x00,0x01,0x29,0x01,0x77,0x02,0x00,0x01,0x77,
  0x01,0x52,0x12,0x00,0x01,0x29,0x01,0x53,0x01,0x77,0x01,0x04,0x03,0x00,0x01,0x25,
  0x03,0x29,0x01,0x4E,0x01,0x77,0x01,0x29,0x02,0x00,0x01,0x77,0x01,0x25,0x01,0x00,
  0x01,0x2E,0x01,0x77,0x01,0x4E,0x05,0x00,0x01,0x77,0x01,0x00,0x01,0x04,0x03,0x29,
  0x01,0x4E,0x01,0x29,0x0A,0x00,0x01,0x53,0x01,0x25,0x01,0x00,0x01,0x05,0x03,0x29,
  0x01,0x2E,0x01,0x29,0x04,0x00,0x01,0x29,0x01,0x52,0x03,0x00,0x01,0x77,0x01,0x00,
  0x01,0x04,0x03,0x29,0x01,0x4E,0x01,0x29,0x03,0x00,0x01,0x05,0x01,0x7B,0x01,0x2D,
  0x01,0x4E,0x01,0x77,0x01,0x4E,0x0C,0x00,0x01,0x53,0x01,0x25,0x08,0x00,0x01,0x7B,
  0x05,0x00,0x01,0x29,0x01,0x4E,0x03,0x00,0x01,0x77,0x01,0x00,0x01,0x04,0x03,0x29,
  0x01,0x4E,0x01,0x29,0x0A,0x00,0x05,0x7B,0x8E,0x00,0x01,0x77,0x02,0x7B,0x01,0x29,
  0x02,0x00,0x01,0x2E,0x02,0x7B,0x01,0x77,0x01,0x00,0x01,0x52,0x02,0x77,0x01,0x4E,
  0x02,0x00,0x01,0x25,0x01,0x77,0x01,0x7B,0x01,0x29,0x02,0x00,0x01,0x77,0x01,0x52,
  0x01,0x04,0x0F,0x00,0x01,0x25,0x01,0x53,0x01,0x29,0x04,0x00,0x01,0x04,0x06,0x7B,
  0x01,0x29,0x02,0x00,0x01,0x77,0x02,0x25,0x01,0x52,0x01,0x05,0x05,0x00,0x01,0x29,
  0x01,0x2D,0x01,0x00,0x01,0x77,0x03,0x7B,0x01,0x77,0x0B,0x00,0x01,0x4E,0x02,0x00,
  0x04,0x7B,0x01,0x52,0x05,0x00,0x02,0x29,0x02,0x00,0x01,0x29,0x01,0x2D,0x01,0x00,
  0x01,0x77,0x03,0x7B,0x01,0x77,0x05,0x00,0x01,0x52,0x01,0x77,0x01,0x53,0x01,0x29,
  0x0D,0x00,0x01,0x4E,0x09,0x00,0x01,0x73,0x05,0x00,0x01,0x29,0x01,0x2E,0x02,0x00,
  0x01,0x29,0x01,0x2D,0x01,0x00,0x01,0x77,0x03,0x7B,0x01,0x77,0x0C,0x00,0x03,0x7B,
  0xC9,0x00,0x01,0x73,0x01,0x25,0x08,0x00,0x01,0x29,0x23,0x00,0x01,0x29,0x27,0x00,
  0x01,0x04,0x05,0x00,0x01,0x04,0x03,0x00,0x01,0x29,0xDF,0x00,0x01,0x53,0x01,0x25,
  0xFF,0x00,0x3F,0x00,0x01,0x52,0xFF,0x00,0xFF,0x00,0xFF,0x00,0xFF,0x00,0xFF,0x00,
  0xFF,0x00,0xFF,0x00,0xA2,0x00,0x01,0x24,0x4A,0x00,0x01,0x24,0xF3,0x00,0x01,0x8D,
  0x01,0xFA,0x01,0x68,0x20,0x00,0x01,0x24,0x02,0xD5,0x25,0x00,0x01,0x8D,0x01,0xFA,
  0x01,0x68,0xF3,0x00,0x01,0xD5,0x01,0x68,0x14,0x00,0x01,0x24,0x0C,0x00,0x01,0x6C,
  0x01,0xD5,0x26,0x00,0x01,0xD5,0x01,0x68,0xF3,0x00,0x01,0xD5,0x01,0x68,0x13,0x00,
  0x02,0xB1,0x0C,0x00,0x01,0x68,0x01,0xD5,0x1C,0x00,0x01,0x24,0x01,0xFA,0x01,0x20,
  0x07,0x00,0x01,0xD5,0x01,0x68,0xC7,0x00,0x01,0x8D,0x01,0xF9,0x01,0xFA,0x01,0xD5,
  0x01,0x48,0x27,0x00,0x01,0xD5,0x01,0x68,0x13,0x00,0x02,0xFA,0x0C,0x00,0x01,0x68,
  0x01,0xD5,0x12,0x00,0x01,0x48,0x01,0xB1,0x01,0xD9,0x01,0xF9,0x01,0xFA,0x01,0xD5,
  0x01,0x6C,0x03,0x00,0x01,0x44,0x01,0xD5,0x08,0x00,0x01,0xD5,0x01,0x68,0xC6,0x00,
  0x01,0xB1,0x01,0x8D,0x02,0x00,0x02,0x6D,0x27,0x00,0x01,0xD5,0x01,0x68,0x12,0x00,
  0x01,0x48,0x01,0x91,0x01,0xF9,0x01,0x68,0x0B,0x00,0x01,0x68,0x01,0xD5,0x13,0x00,
  0x01,0x68,0x01,0xFA,0x02,0x00,0x01,0x48,0x01,0xFA,0x01,0x48,0x0C,0x00,0x01,0xD5,
  0x01,0x68,0xC6,0x00,0x01,0xFA,0x01,0x24,0x05,0x00,0x01,0x24,0x02,0xB1,0x01,0x00,
  0x01,0x8D,0x01,0xF9,0x01,0xD5,0x01,0x24,0x01,0x00,0x01,0x24,0x02,0xB1,0x01,0x00,
  0x01,0xB5,0x01,0xFA,0x01,0x48,0x02,0x00,0x01,0x48,0x01,0xD5,0x01,0xFA,0x01,0xB5,
  0x04,0x00,0x01,0x48,0x01,0xD5,0x01,0xFA,0x01,0xB5,0x04,0x00,0x01,0x24,0x01,0xD5,
  0x01,0xFA,0x01,0xD5,0x01,0xF9,0x01,0x68,0x12,0x00,0x01,0xB1,0x01,0x44,0x01,0x91,
  0x01,0xB5,0x04,0x00,0x01,0x44,0x01,0xD5,0x01,0xFA,0x01,0xD5,0x01,0x24,0x02,0x00,
  0x01,0x68,0x01,0xD5,0x02,0x00,0x01,0xF9,0x02,0xFA,0x01,0x24,0x0D,0x00,0x01,0x68,
  0x01,0xFA,0x03,0x00,0x01,0xD5,0x01,0x68,0x01,0x00,0x01,0x24,0x01,0x8D,0x01,0xF9,
  0x04,0x00,0x01,0x24,0x01,0xD5,0x01,0xFA,0x01,0xD5,0x01,0xF9,0x01,0x68,0xC6,0x00,
  0x01,0x91,0x01,0xF9,0x01,0x48,0x05,0x00,0x01,0x6D,0x01,0xD5,0x01,0xB1,0x01,0x24,
  0x01,0x00,0x01,0xB1,0x01,0xD5,0x02,0x00,0x01,0x6D,0x01,0xD5,0x01,0xB1,0x01,0x00,
  0x01,0x8D,0x01,0x44,0x01,0x00,0x01,0x48,0x01,0xB1,0x02,0x00,0x01,0xB1,0x01,0xB5,
  0x02,0x00,0x01,0x91,0x01,0xB1,0x02,0x00,0x01,0xFA,0x01,0x48,0x02,0x00,0x01,0x44,
  0x01,0xB5,0x02,0x00,0x01,0x48,0x01,0xFA,0x01,0x68,0x05,0x00,0x06,0xF9,0x01,0x68,
  0x06,0x00,0x01,0xD9,0x01,0x00,0x01,0x24,0x01,0xFA,0x04,0x00,0x01,0xFA,0x01,0x20,
  0x01,0x00,0x01,0x91,0x01,0x48,0x02,0x00,0x01,0x68,0x01,0xD5,0x02,0x00,0x01,0x8D,
  0x01,0xB1,0x0F,0x00,0x01,0x68,0x01,0xFA,0x02,0x00,0x01,0x68,0x01,0xB5,0x03,0x00,
  0x01,0x6C,0x01,0xFA,0x03,0x00,0x01,0x44,0x01,0xB5,0x02,0x00,0x01,0x48,0x01,0xFA,
  0x01,0x68,0x0B,0x00,0x03,0xFA,0xB9,0x00,0x01,0x6D,0x01,0xFA,0x01,0xF9,0x01,0x68,
  0x03,0x00,0x01,0x68,0x01,0xFA,0x01,0x24,0x02,0x00,0x01,0x20,0x01,0xFA,0x01,0x24,
  0x01,0x00,0x01,0x68,0x01,0xFA,0x01,0x48,0x04,0x00,0x01,0xFA,0x01,0x20,0x02,0x00,
  0x01,0x24,0x01,0xFA,0x02,0x00,0x01,0x6D,0x03,0x00,0x01,0xD5,0x01,0x68,0x02,0x00,
  0x01,0xD9,0x01,0x24,0x03,0x00,0x01,0xD5,0x01,0x68,0x11,0x00,0x01,0x48,0x01,0x91,
  0x02,0x00,0x01,0xF9,0x01,0x6C,0x03,0x00,0x01,0xFA,0x01,0x48,0x05,0x00,0x01,0x68,
  0x01,0xD5,0x01,0x00,0x01,0x91,0x01,0x6D,0x10,0x00,0x01,0x68,0x04,0xFA,0x01,0xB5,
  0x01,0x24,0x02,0x00,0x01,0x44,0x01,0xFA,0x03,0x00,0x01,0xD9,0x01,0x24,0x03,0x00,
  0x01,0xD5,0x01,0x68,0x0A,0x00,0x05,0xFA,0xBA,0x00,0x01,0x6C,0x01,0xFA,0x01,0xB1,
  0x02,0x00,0x01,0x68,0x01,0xD5,0x04,0x00,0x01,0xD5,0x01,0x48,0x01,0x00,0x01,0x68,
  0x01,0xFA,0x04,0x00,0x01,0x24,0x01,0xFA,0x03,0xF9,0x01,0xFA,0x01,0xD5,0x04,0x00,
  0x01,0x48,0x01,0x8D,0x01,0xFA,0x01,0x68,0x01,0x00,0x01,0x24,0x01,0xFA,0x04,0x00,
  0x01,0xD5,0x01,0x68,0x11,0x00,0x01,0xB1,0x01,0xFA,0x02,0xF9,0x01,0xFA,0x01,0xD5,
  0x03,0x00,0x01,0x48,0x01,0xFA,0x01,0xD5,0x01,0x24,0x03,0x00,0x01,0x68,0x01,0xF9,
  0x01,0xB5,0x01,0x48,0x08,0x00,0x01,0xD5,0x02,0xF9,0x01,0xD5,0x01,0x24,0x04,0x00,
  0x01,0x68,0x01,0xFA,0x02,0x00,0x01,0x24,0x02,0xD5,0x02,0x00,0x01,0x44,0x01,0xFA,
  0x02,0x00,0x01,0x24,0x01,0xFA,0x04,0x00,0x01,0xD5,0x01,0x68,0x09,0x00,0x07,0xFA,
  0xBA,0x00,0x01,0x20,0x01,0xFA,0x01,0x44,0x01,0x00,0x01,0x68,0x01,0xD5,0x04,0x00,
  0x01,0xD5,0x01,0x44,0x01,0x00,0x01,0x68,0x01,0xD5,0x04,0x00,0x01,0x48,0x01,0xFA,
  0x07,0x00,0x01,0x68,0x01,0xD5,0x01,0x48,0x01,0x00,0x01,0xD5,0x01,0x68,0x01,0x00,
  0x01,0x48,0x01,0xFA,0x04,0x00,0x01,0xD5,0x01,0x68,0x05,0x00,0x06,0xF9,0x01,0x68,
  0x05,0x00,0x01,0xF9,0x03,0x00,0x01,0x44,0x01,0xFA,0x01,0x20,0x04,0x00,0x01,0x8D,
  0x01,0xFA,0x01,0x68,0x02,0x00,0x01,0x68,0x01,0xD5,0x01,0x91,0x01,0xD5,0x11,0x00,
  0x01,0x68,0x01,0xFA,0x03,0x00,0x01,0x20,0x01,0xFA,0x01,0x48,0x01,0x00,0x01,0x44,
  0x01,0xFA,0x02,0x00,0x01,0x48,0x01,0xFA,0x04,0x00,0x01,0xD5,0x01,0x68,0x09,0x00,
  0x07,0xFA,0xB6,0x00,0x01,0x48,0x04,0x00,0x01,0xD5,0x01,0x24,0x01,0x00,0x01,0x68,
  0x01,0xD5,0x04,0x00,0x01,0xD5,0x02,0x00,0x01,0x68,0x01,0xD5,0x04,0x00,0x01,0x20,
  0x01,0xFA,0x01,0x24,0x05,0x00,0x01,0x20,0x01,0xFA,0x01,0x24,0x02,0x00,0x01,0xD5,
  0x01,0x68,0x01,0x00,0x01,0x20,0x01,0xFA,0x01,0x24,0x03,0x00,0x01,0xD5,0x01,0x68,
  0x10,0x00,0x01,0x48,0x01,0x91,0x04,0x00,0x01,0xF9,0x01,0x6D,0x02,0x00,0x01,0x24,
  0x02,0x00,0x01,0x68,0x01,0xD5,0x02,0x00,0x01,0x68,0x01,0xD5,0x01,0x00,0x02,0xB5,
  0x10,0x00,0x01,0x68,0x01,0xFA,0x04,0x00,0x01,0xFA,0x01,0x48,0x01,0x00,0x01,0x44,
  0x01,0xFA,0x02,0x00,0x01,0x20,0x01,0xFA,0x01,0x24,0x03,0x00,0x01,0xD5,0x01,0x68,
  0x09,0x00,0x07,0xFA,0xB6,0x00,0x01,0xFA,0x01,0x68,0x02,0x00,0x01,0x6D,0x01,0xD5,
  0x02,0x00,0x01,0x68,0x01,0xFA,0x01,0x68,0x02,0x00,0x01,0x8D,0x01,0x48,0x02,0x00,
  0x01,0x68,0x01,0xD5,0x05,0x00,0x01,0xB1,0x01,0xD5,0x01,0x20,0x01,0x00,0x01,0x24,
  0x01,0x8D,0x01,0x00,0x01,0x44,0x01,0xFA,0x01,0x24,0x01,0x00,0x01,0x6D,0x01,0xFA,
  0x01,0x6C,0x02,0x00,0x01,0xB1,0x01,0xD5,0x02,0x00,0x01,0x91,0x01,0xFA,0x01,0x6D,
  0x10,0x00,0x01,0xB1,0x01,0x48,0x04,0x00,0x01,0x91,0x01,0xD5,0x01,0x00,0x01,0x24,
  0x01,0xD5,0x02,0x00,0x01,0x8D,0x01,0x91,0x02,0x00,0x01,0x68,0x01,0xD5,0x02,0x00,
  0x01,0xD5,0x01,0xB1,0x0F,0x00,0x01,0x68,0x01,0xFA,0x03,0x00,0x01,0x91,0x01,0xF9,
  0x02,0x00,0x01,0x44,0x01,0xFA,0x03,0x00,0x01,0xB1,0x01,0xD5,0x02,0x00,0x01,0x91,
  0x01,0xFA,0x01,0x6D,0x0A,0x00,0x05,0xFA,0xB7,0x00,0x01,0x68,0x01,0xD5,0x01,0xFA,
  0x01,0xF9,0x01,0x8D,0x03,0x00,0x01,0x68,0x01,0xF9,0x01,0x6D,0x01,0xD5,0x01,0xF9,
  0x01,0x68,0x02,0x00,0x01,0x24,0x01,0xD5,0x01,0xFA,0x01,0x8D,0x05,0x00,0x01,0xB1,
  0x01,0xFA,0x01,0xD5,0x01,0x91,0x03,0x00,0x01,0xB1,0x01,0xFA,0x01,0xB5,0x01,0x24,
  0x01,0xB1,0x01,0xD5,0x01,0x44,0x02,0x00,0x01,0xB1,0x01,0xFA,0x01,0xD5,0x01,0x24,
  0x01,0x8D,0x01,0xD5,0x01,0x44,0x0E,0x00,0x03,0xFA,0x01,0x68,0x02,0x00,0x01,0x8D,
  0x02,0xFA,0x01,0xF9,0x01,0x00,0x01,0xB1,0x01,0xFA,0x01,0xD9,0x01,0x91,0x02,0x00,
  0x01,0x44,0x01,0xD5,0x01,0xFA,0x01,0x68,0x01,0x00,0x01,0x20,0x01,0xD5,0x01,0xB1,
  0x01,0x24,0x0C,0x00,0x01,0x68,0x01,0xF9,0x04,0xFA,0x01,0xB1,0x01,0x20,0x01,0x00,
  0x01,0x24,0x01,0xB1,0x01,0xFA,0x01,0x8D,0x03,0x00,0x01,0xB1,0x01,0xFA,0x01,0xD5,
  0x01,0x24,0x01,0x8D,0x01,0xD5,0x01,0x44,0x0A,0x00,0x03,0xFA,0xC0,0x00,0x01,0x68,
  0x01,0xD5,0xFF,0x00,0x3F,0x00,0x01,0x68,0x01,0xD5,0xFF,0x00,0x3F,0x00,0x01,0x68,
  0x01,0xD5,0xFF,0x00,0x3E,0x00,0x01,0x24,0x01,0xD5,0x01,0xFA,0x01,0x8D,0xFF,0x00,
  0xFF,0x00,0xFF,0x00,0xFF,0x00,0xFF,0x00,0xFF,0x00,0xFF,0x00,0xFF,0x00,0xFF,0x00,
  0xFC,0x00,0x01,0x6D,0xFF,0x00,0x3F,0x00,0x01,0x24,0x01,0x92,0xFF,0x00,0x01,0x24,
  0x09,0x00,0x01,0x24,0x05,0x00,0x01,0x6D,0x01,0x49,0x10,0x00,0x01,0x49,0x0C,0x00,
  0x01,0x24,0x01,0x6D,0x09,0x00,0x01,0x6D,0x01,0x49,0x04,0x00,0x01,0x92,0x07,0x00,
  0x01,0x6D,0x01,0x24,0x03,0x00,0x01,0x92,0x0E,0x00,0x01,0x24,0x08,0x00,0x01,0x6D,
  0x09,0x00,0x01,0x6D,0x01,0x49,0x04,0x00,0x01,0x24,0x07,0x00,0x01,0x24,0x08,0x00,
  0x01,0x24,0x0D,0x00,0x01,0x24,0x09,0x00,0x01,0x6D,0x01,0x49,0x04,0x00,0x01,0x6D,
  0x01,0x49,0x04,0x00,0x01,0x24,0x0B,0x00,0x01,0x24,0x09,0x00,0x02,0x92,0x01,0x49,
  0x7C,0x00,0x01,0x6D,0x06,0x92,0x01,0x24,0x03,0x00,0x02,0x92,0x01,0x49,0x03,0x00,
  0x02,0x92,0x01,0x6D,0x03,0x00,0x02,0x6D,0x02,0x00,0x01,0x49,0x01,0x92,0x01,0x6D,
  0x04,0x00,0x01,0x6D,0x07,0x92,0x01,0x49,0x05,0x00,0x07,0x92,0x01,0x49,0x03,0x00,
  0x02,0x92,0x01,0x6D,0x03,0x00,0x06,0x92,0x02,0x00,0x01,0x92,0x01,0x6D,0x03,0x00,
  0x01,0x92,0x01,0x24,0x0D,0x00,0x04,0x92,0x01,0x6D,0x03,0x00,0x01,0x6D,0x07,0x92,
  0x01,0x49,0x02,0x00,0x02,0x92,0x01,0x6D,0x03,0x00,0x04,0x92,0x01,0x6D,0x03,0x00,
  0x04,0x92,0x01,0x6D,0x03,0x00,0x01,0x6D,0x06,0x92,0x01,0x24,0x06,0x00,0x01,0x24,
  0x05,0x92,0x01,0x49,0x04,0x00,0x02,0x92,0x01,0x6D,0x03,0x00,0x02,0x92,0x01,0x6D,
  0x03,0x00,0x04,0x92,0x01,0x6D,0x06,0x00,0x01,0x6D,0x06,0x92,0x01,0x24,0x03,0x00,
  0x01,0x24,0x02,0x92,0x01,0x6D,0x7B,0x00,0x06,0x24,0x01,0x6D,0x01,0x92,0x03,0x00,
  0x01,0x24,0x02,0x92,0x01,0x6D,0x03,0x00,0x01,0x49,0x01,0x92,0x01,0x49,0x02,0x00,
  0x01,0x49,0x01,0x92,0x01,0x24,0x03,0x49,0x02,0x92,0x03,0x00,0x01,0x6D,0x01,0x92,
  0x05,0x24,0x02,0x6D,0x05,0x00,0x01,0x24,0x01,0x6D,0x01,0x92,0x03,0x24,0x01,0x49,
  0x01,0x92,0x04,0x00,0x01,0x49,0x01,0x92,0x01,0x49,0x02,0x00,0x04,0x24,0x01,0x49,
  0x01,0x92,0x01,0x24,0x01,0x00,0x01,0x24,0x01,0x92,0x03,0x00,0x01,0x92,0x01,0x24,
  0x0D,0x00,0x03,0x24,0x01,0x49,0x01,0x92,0x01,0x6D,0x02,0x00,0x01,0x24,0x01,0x92,
  0x01,0x49,0x04,0x24,0x02,0x6D,0x03,0x00,0x01,0x49,0x01,0x92,0x01,0x49,0x02,0x00,
  0x03,0x24,0x01,0x49,0x01,0x92,0x01,0x6D,0x02,0x00,0x03,0x24,0x01,0x49,0x01,0x92,
  0x01,0x49,0x02,0x00,0x06,0x24,0x01,0x6D,0x01,0x92,0x06,0x00,0x01,0x6D,0x01,0x92,
  0x03,0x24,0x01,0x49,0x01,0x92,0x01,0x6D,0x04,0x00,0x01,0x49,0x01,0x92,0x01,0x49,
  0x03,0x00,0x01,0x49,0x01,0x92,0x01,0x49,0x02,0x00,0x03,0x24,0x01,0x49,0x01,0x92,
  0x01,0x6D,0x05,0x00,0x06,0x24,0x01,0x6D,0x01,0x92,0x04,0x00,0x01,0x92,0x01,0x49,
  0x01,0x92,0x7C,0x00,0x01,0x24,0x05,0x00,0x01,0x92,0x05,0x00,0x01,0x6D,0x01,0x92,
  0x04,0x00,0x02,0x6D,0x03,0x00,0x01,0x92,0x01,0x6D,0x01,0x49,0x03,0x00,0x01,0x92,
  0x01,0x24,0x03,0x00,0x01,0x92,0x05,0x00,0x01,0x24,0x01,0x6D,0x06,0x00,0x01,0x24,
  0x01,0x92,0x04,0x00,0x01,0x92,0x01,0x24,0x04,0x00,0x02,0x6D,0x07,0x00,0x01,0x6D,
  0x01,0x24,0x02,0x00,0x01,0x92,0x01,0x24,0x02,0x00,0x01,0x6D,0x01,0x24,0x11,0x00,
  0x01,0x24,0x01,0x92,0x03,0x00,0x01,0x92,0x01,0x24,0x04,0x00,0x01,0x49,0x01,0x6D,
  0x04,0x00,0x02,0x6D,0x06,0x00,0x01,0x24,0x01,0x92,0x06,0x00,0x02,0x49,0x03,0x00,
  0x01,0x24,0x05,0x00,0x01,0x92,0x06,0x00,0x01,0x49,0x01,0x92,0x04,0x00,0x01,0x24,
  0x01,0x92,0x05,0x00,0x02,0x6D,0x04,0x00,0x02,0x6D,0x06,0x00,0x01,0x24,0x01,0x92,
  0x06,0x00,0x01,0x24,0x05,0x00,0x01,0x92,0x03,0x00,0x01,0x24,0x01,0x6D,0x7E,0x00,
  0x01,0x92,0x05,0x00,0x01,0x92,0x01,0x24,0x04,0x00,0x01,0x49,0x01,0x6D,0x04,0x00,
  0x01,0x49,0x01,0x6D,0x03,0x00,0x02,0x6D,0x04,0x00,0x01,0x6D,0x01,0x49,0x03,0x00,
  0x01,0x6D,0x01,0x24,0x04,0x00,0x02,0x49,0x07,0x00,0x01,0x92,0x04,0x00,0x01,0x6D,
  0x01,0x24,0x04,0x00,0x01,0x49,0x01,0x6D,0x07,0x00,0x01,0x92,0x03,0x00,0x01,0x49,
  0x01,0x6D,0x02,0x00,0x01,0x49,0x01,0x24,0x04,0x00,0x01,0x6D,0x03,0x92,0x0A,0x00,
  0x01,0x92,0x03,0x00,0x01,0x92,0x01,0x24,0x04,0x00,0x01,0x49,0x01,0x24,0x04,0x00,
  0x01,0x49,0x01,0x6D,0x07,0x00,0x01,0x92,0x06,0x00,0x01,0x49,0x01,0x6D,0x03,0x00,
  0x01,0x92,0x05,0x00,0x01,0x92,0x01,0x24,0x05,0x00,0x01,0x24,0x01,0x92,0x05,0x00,
  0x01,0x92,0x01,0x49,0x04,0x00,0x01,0x49,0x01,0x6D,0x04,0x00,0x01,0x49,0x01,0x6D,
  0x07,0x00,0x01,0x92,0x06,0x00,0x01,0x92,0x05,0x00,0x01,0x92,0x01,0x24,0x03,0x00,
  0x01,0x92,0x7E,0x00,0x01,0x92,0x05,0x00,0x01,0x6D,0x01,0x24,0x04,0x00,0x01,0x92,
  0x05,0x00,0x01,0x49,0x01,0x6D,0x03,0x00,0x01,0x6D,0x01,0x49,0x04,0x00,0x01,0x49,
  0x01,0x6D,0x03,0x00,0x02,0x49,0x04,0x00,0x01,0x6D,0x08,0x00,0x01,0x92,0x01,0x24,
  0x03,0x00,0x01,0x6D,0x01,0x24,0x04,0x00,0x01,0x49,0x01,0x6D,0x07,0x00,0x01,0x49,
  0x03,0x00,0x01,0x24,0x01,0x92,0x02,0x00,0x01,0x6D,0x13,0x00,0x01,0x92,0x01,0x24,
  0x02,0x00,0x01,0x92,0x01,0x24,0x04,0x00,0x01,0x6D,0x05,0x00,0x01,0x49,0x01,0x6D,
  0x07,0x00,0x01,0x92,0x01,0x24,0x05,0x00,0x01,0x24,0x01,0x6D,0x03,0x00,0x01,0x92,
  0x05,0x00,0x01,0x6D,0x01,0x24,0x05,0x00,0x01,0x24,0x01,0x92,0x05,0x00,0x01,0x6D,
  0x01,0x49,0x04,0x00,0x01,0x49,0x01,0x6D,0x04,0x00,0x01,0x49,0x01,0x6D,0x07,0x00,
  0x01,0x92,0x01,0x24,0x05,0x00,0x01,0x92,0x05,0x00,0x01,0x6D,0x01,0x24,0x03,0x00,
  0x01,0x6D,0x01,0x49,0x7D,0x00,0x01,0x92,0x05,0x00,0x01,0x6D,0x01,0x24,0x03,0x00,
  0x02,0x24,0x05,0x00,0x01,0x49,0x01,0x6D,0x03,0x00,0x01,0x6D,0x05,0x00,0x01,0x24,
  0x01,0x6D,0x03,0x00,0x01,0x24,0x01,0x92,0x03,0x00,0x02,0x49,0x08,0x00,0x01,0x6D,
  0x01,0x24,0x03,0x00,0x01,0x6D,0x01,0x24,0x04,0x00,0x01,0x49,0x01,0x6D,0x06,0x00,
  0x01,0x6D,0x05,0x00,0x01,0x92,0x01,0x24,0x01,0x6D,0x01,0x24,0x13,0x00,0x01,0x6D,
  0x01,0x24,0x02,0x00,0x01,0x92,0x01,0x24,0x03,0x00,0x01,0x49,0x01,0x24,0x05,0x00,
  0x01,0x49,0x01,0x6D,0x07,0x00,0x01,0x6D,0x01,0x24,0x05,0x00,0x01,0x24,0x01,0x6D,
  0x03,0x00,0x01,0x92,0x05,0x00,0x01,0x6D,0x01,0x24,0x06,0x00,0x01,0x92,0x05,0x00,
  0x02,0x49,0x04,0x00,0x01,0x49,0x01,0x6D,0x04,0x00,0x01,0x49,0x01,0x6D,0x07,0x00,
  0x01,0x6D,0x01,0x24,0x05,0x00,0x01,0x92,0x05,0x00,0x01,0x6D,0x01,0x24,0x03,0x00,
  0x01,0x24,0x01,0x92,0x7D,0x00,0x01,0x92,0x05,0x00,0x01,0x6D,0x01,0x24,0x0A,0x00,
  0x01,0x24,0x01,0x6D,0x03,0x00,0x01,0x92,0x02,0x00,0x03,0x24,0x02,0x49,0x04,0x00,
  0x01,0x92,0x02,0x49,0x01,0x6D,0x01,0x49,0x07,0x00,0x02,0x24,0x01,0x6D,0x04,0x00,
  0x01,0x49,0x01,0x24,0x04,0x00,0x01,0x24,0x01,0x6D,0x03,0x00,0x01,0x24,0x01,0x6D,
  0x01,0x92,0x01,0x24,0x05,0x00,0x02,0x92,0x01,0x24,0x14,0x00,0x01,0x6D,0x01,0x24,
  0x02,0x00,0x01,0x6D,0x01,0x24,0x01,0x00,0x01,0x49,0x01,0x92,0x01,0x49,0x06,0x00,
  0x01,0x24,0x01,0x6D,0x07,0x00,0x01,0x6D,0x01,0x24,0x01,0x00,0x04,0x24,0x01,0x49,
  0x01,0x92,0x01,0x24,0x02,0x00,0x01,0x92,0x05,0x00,0x01,0x6D,0x01,0x24,0x06,0x00,
  0x01,0x92,0x05,0x00,0x02,0x49,0x04,0x00,0x01,0x24,0x01,0x6D,0x04,0x00,0x01,0x24,
  0x01,0x6D,0x07,0x00,0x01,0x6D,0x01,0x24,0x05,0x00,0x01,0x92,0x05,0x00,0x01,0x6D,
  0x01,0x24,0x04,0x00,0x01,0x6D,0x01,0x49,0x7C,0x00,0x01,0x49,0x05,0x00,0x01,0x49,
  0x0B,0x00,0x01,0x24,0x01,0x49,0x02,0x00,0x01,0x24,0x01,0x49,0x01,0x00,0x05,0x92,
  0x05,0x00,0x01,0x49,0x01,0x92,0x01,0x6D,0x01,0x24,0x08,0x00,0x02,0x92,0x01,0x6D,
  0x04,0x00,0x01,0x49,0x05,0x00,0x01,0x24,0x01,0x49,0x02,0x00,0x01,0x24,0x01,0x6D,
  0x01,0x49,0x05,0x00,0x01,0x6D,0x01,0x92,0x01,0x49,0x16,0x00,0x01,0x49,0x03,0x00,
  0x01,0x6D,0x02,0x24,0x01,0x6D,0x01,0x24,0x07,0x00,0x01,0x24,0x01,0x49,0x07,0x00,
  0x01,0x49,0x02,0x00,0x06,0x92,0x01,0x49,0x02,0x00,0x01,0x49,0x05,0x00,0x01,0x49,
  0x07,0x00,0x01,0x6D,0x05,0x00,0x01,0x24,0x01,0x49,0x04,0x00,0x01,0x24,0x01,0x49,
  0x04,0x00,0x01,0x24,0x01,0x49,0x07,0x00,0x01,0x49,0x06,0x00,0x01,0x49,0x05,0x00,
  0x01,0x49,0x05,0x00,0x02,0x24,0x92,0x00,0x01,0x24,0x30,0x00,0x01,0x24,0x01,0x6D,
  0x1C,0x00,0x01,0x6D,0x01,0x24,0xFF,0x00,0x3F,0x00,0x01,0x6D,0x01,0x24,0xFF,0x00,
  0x3F,0x00,0x01,0x6D,0xFF,0x00,0xFF,0x00,0xFF,0x00,0xFF,0x00,0xFF,0x00,0xFF,0x00,
  0xFF,0x00,0xFF,0x00,0xFF,0x00,0xFF,0x00,0xFF,0x00,0xF5,0x00,0x01,0x20,0x83,0x00,
  0x01,0x20,0x88,0x00,0x01,0x64,0x03,0x00,0x01,0x84,0x03,0x00,0x01,0x40,0x01,0x20,
  0x07,0x00,0x01,0x20,0x01,0xC9,0x01,0x64,0x06,0x00,0x01,0x64,0x0A,0x00,0x01,0x64,
  0x0C,0x00,0x01,0x44,0x01,0xA9,0x09,0x00,0x01,0xA9,0x01,0x64,0x05,0x00,0x01,0xC9,
  0x06,0x00,0x01,0x64,0x03,0x00,0x01,0x84,0x03,0x00,0x01,0x40,0x01,0x20,0x05,0x00,
  0x01,0x64,0x0A,0x00,0x01,0x20,0x01,0xC9,0x01,0x64,0x06,0x00,0x01,0x20,0x18,0x00,
  0x01,0x64,0x09,0x00,0x01,0x40,0x01,0x20,0x04,0x00,0x02,0x84,0x04,0x00,0x01,0xC9,
  0x01,0x20,0x02,0x00,0x01,0xC9,0x02,0x00,0x01,0x64,0x01,0x44,0x06,0x00,0x01,0x64,
  0x09,0x00,0x01,0x44,0x01,0xA9,0x09,0x00,0x01,0xA9,0x01,0x84,0x04,0x00,0x01,0xA9,
  0x01,0x64,0x05,0x00,0x01,0xC9,0x03,0x00,0x01,0x44,0x01,0x20,0x09,0x00,0x01,0x40,
  0x01,0x20,0x06,0x00,0x01,0x40,0x01,0x20,0x06,0x00,0x01,0xA9,0x01,0x84,0x05,0x00,
  0x01,0x20,0x09,0x00,0x01,0xA9,0x01,0x84,0x08,0x00,0x01,0x64,0x09,0x00,0x02,0x84,
  0x04,0x00,0x01,0xA9,0x01,0x84,0x05,0x00,0x01,0xA9,0x1F,0x00,0x01,0x20,0x06,0xED,
  0x01,0x20,0x01,0x00,0x01,0xE9,0x03,0xED,0x01,0xA9,0x03,0x00,0x01,0x20,0x02,0xA9,
  0x01,0xED,0x01,0xE9,0x01,0x40,0x03,0x00,0x01,0xC9,0x07,0xED,0x01,0x64,0x02,0x00,
  0x01,0xA9,0x05,0xED,0x01,0xE9,0x01,0x64,0x06,0x00,0x01,0xC9,0x06,0xED,0x01,0x84,
  0x03,0x00,0x01,0xA9,0x01,0xED,0x01,0xA9,0x03,0x00,0x01,0x64,0x01,0xED,0x01,0x20,
  0x04,0x00,0x01,0x20,0x06,0xED,0x01,0x20,0x01,0x00,0x01,0xE9,0x01,0xED,0x01,0x64,
  0x03,0x00,0x01,0xC9,0x07,0xED,0x01,0x64,0x02,0x00,0x01,0x20,0x02,0xA9,0x01,0xED,
  0x01,0xE9,0x01,0x40,0x03,0x00,0x01,0xA9,0x01,0xC9,0x02,0x00,0x01,0x84,0x01,0xED,
  0x01,0xC9,0x01,0x20,0x11,0x00,0x01,0xA9,0x05,0xED,0x01,0xE9,0x01,0x64,0x03,0x00,
  0x01,0xE9,0x01,0xED,0x01,0x64,0x03,0x00,0x01,0xC9,0x01,0xED,0x01,0xC9,0x01,0x20,
  0x02,0x00,0x01,0xE9,0x01,0x84,0x01,0x00,0x01,0x44,0x01,0xED,0x01,0x20,0x01,0x00,
  0x01,0xE9,0x01,0x84,0x05,0x00,0x01,0xA9,0x05,0xED,0x01,0xE9,0x01,0x64,0x03,0x00,
  0x01,0xC9,0x06,0xED,0x01,0x84,0x03,0x00,0x01,0xC9,0x01,0xED,0x01,0xC9,0x03,0x00,
  0x01,0xA9,0x01,0xED,0x01,0xA9,0x03,0x00,0x01,0x64,0x01,0xED,0x01,0x20,0x01,0x00,
  0x01,0x20,0x04,0xED,0x01,0xC9,0x01,0x20,0x05,0x00,0x01,0xE9,0x03,0xED,0x01,0xA9,
  0x03,0x00,0x01,0xE9,0x03,0xED,0x01,0xA9,0x01,0x20,0x02,0x00,0x01,0xC9,0x01,0xED,
  0x01,0xC9,0x03,0x00,0x01,0xA9,0x01,0xC9,0x02,0x00,0x01,0x84,0x01,0xED,0x01,0xC9,
  0x01,0x20,0x03,0x00,0x01,0xC9,0x01,0xED,0x01,0xC9,0x06,0x00,0x01,0xA9,0x05,0xED,
  0x01,0xE9,0x01,0x64,0x03,0x00,0x01,0xC9,0x01,0xED,0x01,0xC9,0x01,0x20,0x02,0x00,
  0x01,0xC9,0x01,0xED,0x01,0xC9,0x03,0x00,0x01,0xA9,0x07,0xED,0x01,0x64,0x18,0x00,
  0x01,0x20,0x03,0x64,0x01,0x84,0x01,0xED,0x01,0x64,0x01,0x00,0x01,0x20,0x03,0x64,
  0x01,0x84,0x01,0xE9,0x01,0xA9,0x02,0x00,0x01,0xA9,0x01,0x20,0x01,0x00,0x01,0x20,
  0x01,0xC9,0x01,0xE9,0x03,0x00,0x01,0x89,0x01,0xED,0x05,0x64,0x02,0xC9,0x02,0x00,
  0x06,0x64,0x01,0xA9,0x01,0xED,0x06,0x00,0x01,0x44,0x01,0xA9,0x01,0xC9,0x03,0x44,
  0x01,0x84,0x01,0xED,0x01,0x20,0x03,0x00,0x01,0x64,0x01,0xED,0x01,0xC9,0x02,0x00,
  0x01,0x20,0x01,0xED,0x05,0x00,0x01,0x20,0x03,0x64,0x01,0x84,0x01,0xED,0x01,0x64,
  0x02,0x00,0x01,0x64,0x01,0xE9,0x01,0xED,0x01,0xA9,0x02,0x00,0x01,0x89,0x01,0xED,
  0x05,0x64,0x02,0xC9,0x02,0x00,0x01,0xA9,0x01,0x20,0x01,0x00,0x01,0x20,0x01,0xC9,
  0x01,0xE9,0x03,0x00,0x01,0x84,0x01,0xED,0x01,0x40,0x02,0x84,0x01,0x64,0x01,0xC9,
  0x01,0xE9,0x06,0x00,0x01,0xC9,0x05,0xE9,0x01,0x64,0x04,0x00,0x06,0x64,0x01,0xA9,
  0x01,0xED,0x03,0x00,0x01,0x64,0x01,0xE9,0x01,0xED,0x01,0xA9,0x03,0x00,0x01,0x64,
  0x01,0xED,0x01,0xA9,0x02,0x00,0x01,0x84,0x01,0xC9,0x02,0x00,0x01,0xED,0x01,0x20,
  0x01,0x00,0x02,0xA9,0x05,0x00,0x06,0x64,0x01,0xA9,0x01,0xED,0x03,0x00,0x01,0x44,
  0x01,0xA9,0x01,0xC9,0x03,0x44,0x01,0x84,0x01,0xED,0x01,0x20,0x03,0x00,0x01,0x84,
  0x01,0xED,0x01,0x84,0x03,0x00,0x01,0x64,0x01,0xED,0x01,0xC9,0x02,0x00,0x01,0x20,
  0x01,0xED,0x02,0x00,0x01,0x20,0x04,0x64,0x01,0xC9,0x01,0x84,0x04,0x00,0x01,0x20,
  0x03,0x64,0x01,0x84,0x01,0xE9,0x01,0xA9,0x01,0x00,0x01,0x20,0x04,0x64,0x01,0xC9,
  0x01,0xE9,0x03,0x00,0x01,0x84,0x01,0xED,0x01,0x84,0x02,0x00,0x01,0x84,0x01,0xED,
  0x01,0x40,0x02,0x84,0x01,0x64,0x01,0xC9,0x01,0xE9,0x04,0x00,0x01,0x84,0x01,0xED,
  0x01,0x84,0x05,0x00,0x06,0x64,0x01,0xA9,0x01,0xED,0x04,0x00,0x01,0x64,0x01,0xED,
  0x01,0xA9,0x03,0x00,0x01,0x84,0x01,0xED,0x01,0x84,0x02,0x00,0x01,0x40,0x01,0xED,
  0x01,0x84,0x04,0x64,0x02,0xC9,0x1D,0x00,0x01,0xED,0x07,0x00,0x01,0x44,0x01,0xED,
  0x02,0x00,0x01,0xED,0x01,0x40,0x03,0x00,0x01,0xED,0x01,0x20,0x03,0x00,0x01,0xED,
  0x01,0x20,0x04,0x00,0x01,0x64,0x01,0xC9,0x03,0x00,0x01,0x44,0x05,0x00,0x01,0xED,
  0x01,0x20,0x06,0x00,0x01,0x44,0x01,0xE9,0x04,0x00,0x01,0xC9,0x01,0x40,0x03,0x00,
  0x01,0x40,0x01,0xA9,0x01,0xE9,0x01,0xC9,0x01,0x00,0x01,0x20,0x01,0xC9,0x0A,0x00,
  0x01,0xED,0x05,0x00,0x01,0xC9,0x01,0xED,0x03,0x00,0x01,0xED,0x01,0x20,0x04,0x00,
  0x01,0x64,0x01,0xC9,0x02,0x00,0x01,0xED,0x01,0x40,0x03,0x00,0x01,0xED,0x01,0x20,
  0x03,0x00,0x01,0xED,0x01,0xA9,0x01,0x64,0x03,0x00,0x01,0xE9,0x01,0x44,0x11,0x00,
  0x01,0x44,0x05,0x00,0x01,0xED,0x01,0x20,0x04,0x00,0x01,0xC9,0x01,0xED,0x04,0x00,
  0x01,0x84,0x01,0xC9,0x02,0x00,0x01,0x20,0x01,0xED,0x02,0x00,0x01,0xE9,0x02,0x00,
  0x01,0x84,0x01,0x89,0x06,0x00,0x01,0x44,0x05,0x00,0x01,0xED,0x01,0x20,0x03,0x00,
  0x01,0x44,0x01,0xE9,0x04,0x00,0x01,0xC9,0x01,0x40,0x04,0x00,0x02,0xA9,0x03,0x00,
  0x01,0x40,0x01,0xA9,0x01,0xE9,0x01,0xC9,0x01,0x00,0x01,0x20,0x01,0xC9,0x07,0x00,
  0x01,0x64,0x01,0x84,0x09,0x00,0x01,0x44,0x01,0xED,0x06,0x00,0x01,0x20,0x01,0xE9,
  0x01,0x64,0x03,0x00,0x02,0xA9,0x03,0x00,0x01,0xED,0x01,0xA9,0x01,0x64,0x03,0x00,
  0x01,0xE9,0x01,0x44,0x04,0x00,0x02,0xA9,0x06,0x00,0x01,0x44,0x05,0x00,0x01,0xED,
  0x01,0x20,0x04,0x00,0x01,0x84,0x01,0xC9,0x04,0x00,0x02,0xA9,0x03,0x00,0x01,0xED,
  0x01,0x20,0x04,0x00,0x01,0x64,0x01,0xA9,0x1D,0x00,0x01,0xED,0x08,0x00,0x01,0xED,
  0x01,0x20,0x01,0x00,0x01,0xA9,0x01,0xED,0x01,0x44,0x02,0x00,0x01,0xC9,0x01,0x40,
  0x03,0x00,0x01,0xC9,0x01,0x44,0x04,0x00,0x01,0x64,0x01,0x84,0x03,0x00,0x01,0xED,
  0x05,0x00,0x01,0xE9,0x01,0x20,0x07,0x00,0x01,0xED,0x04,0x00,0x01,0xA9,0x01,0x44,
  0x03,0x00,0x01,0xC9,0x01,0x00,0x01,0x20,0x01,0xE9,0x01,0xC9,0x01,0xA9,0x01,0x40,
  0x0A,0x00,0x01,0xED,0x05,0x00,0x01,0x84,0x01,0xA9,0x03,0x00,0x01,0xC9,0x01,0x44,
  0x04,0x00,0x01,0x64,0x01,0x84,0x02,0x00,0x01,0xA9,0x01,0xED,0x01,0x44,0x02,0x00,
  0x01,0xC9,0x01,0x40,0x03,0x00,0x01,0xA9,0x01,0xC9,0x04,0x00,0x01,0xA9,0x01,0x84,
  0x11,0x00,0x01,0xED,0x05,0x00,0x01,0xE9,0x01,0x20,0x04,0x00,0x01,0x84,0x01,0xA9,
  0x04,0x00,0x01,0x40,0x01,0xE9,0x03,0x00,0x01,0xED,0x01,0x44,0x01,0xA9,0x01,0x44,
  0x02,0x00,0x01,0x84,0x01,0x64,0x06,0x00,0x01,0xED,0x05,0x00,0x01,0xE9,0x01,0x20,
  0x04,0x00,0x01,0xED,0x04,0x00,0x01,0xA9,0x01,0x44,0x04,0x00,0x01,0x64,0x01,0xA9,
  0x03,0x00,0x01,0xC9,0x01,0x00,0x01,0x20,0x01,0xE9,0x01,0xC9,0x01,0xA9,0x01,0x40,
  0x07,0x00,0x01,0x64,0x01,0xA9,0x0A,0x00,0x01,0xED,0x01,0x20,0x06,0x00,0x01,0xA9,
  0x01,0x84,0x03,0x00,0x01,0x64,0x01,0xA9,0x03,0x00,0x01,0xA9,0x01,0xC9,0x04,0x00,
  0x01,0xA9,0x01,0x84,0x04,0x00,0x01,0x64,0x01,0xA9,0x06,0x00,0x01,0xED,0x05,0x00,
  0x01,0xE9,0x01,0x20,0x04,0x00,0x01,0x40,0x01,0xE9,0x04,0x00,0x01,0x64,0x01,0xA9,
  0x03,0x00,0x01,0xED,0x01,0x40,0x04,0x00,0x01,0x84,0x01,0x64,0x1D,0x00,0x01,0xED,
  0x08,0x00,0x01,0xC9,0x01,0x40,0x02,0x00,0x01,0x64,0x03,0x00,0x01,0xA9,0x01,0x40,
  0x03,0x00,0x02,0x84,0x04,0x00,0x01,0xA9,0x04,0x00,0x01,0xED,0x05,0x00,0x01,0xC9,
  0x01,0x40,0x07,0x00,0x01,0xC9,0x01,0x40,0x03,0x00,0x01,0xA9,0x01,0x64,0x02,0x00,
  0x01,0x20,0x01,0xC9,0x02,0x00,0x01,0x20,0x01,0xC9,0x01,0xE9,0x0B,0x00,0x01,0xED,
  0x05,0x00,0x01,0xC9,0x01,0x20,0x03,0x00,0x02,0x84,0x04,0x00,0x01,0xA9,0x04,0x00,
  0x01,0x64,0x03,0x00,0x01,0xA9,0x01,0x40,0x03,0x00,0x01,0xA9,0x01,0x64,0x04,0x00,
  0x01,0x64,0x01,0x89,0x05,0x00,0x01,0xC9,0x05,0xE9,0x01,0x64,0x05,0x00,0x01,0xED,
  0x05,0x00,0x01,0xC9,0x01,0x40,0x04,0x00,0x01,0xC9,0x01,0x20,0x04,0x00,0x01,0x20,
  0x01,0xE9,0x03,0x00,0x01,0xA9,0x01,0xE9,0x01,0x44,0x03,0x00,0x01,0xC9,0x07,0x00,
  0x01,0xED,0x05,0x00,0x01,0xC9,0x01,0x40,0x04,0x00,0x01,0xC9,0x01,0x40,0x03,0x00,
  0x01,0xA9,0x01,0x64,0x04,0x00,0x01,0x64,0x01,0xA9,0x02,0x00,0x01,0x20,0x01,0xC9,
  0x02,0x00,0x01,0x20,0x01,0xC9,0x01,0xE9,0x08,0x00,0x01,0x64,0x01,0xA9,0x0A,0x00,
  0x01,0xC9,0x01,0x40,0x06,0x00,0x01,0x84,0x01,0x64,0x03,0x00,0x01,0x64,0x01,0xA9,
  0x03,0x00,0x01,0xA9,0x01,0x64,0x04,0x00,0x01,0x64,0x01,0x89,0x04,0x00,0x01,0x64,
  0x01,0xA9,0x06,0x00,0x01,0xED,0x05,0x00,0x01,0xC9,0x01,0x40,0x04,0x00,0x01,0x20,
  0x01,0xE9,0x04,0x00,0x01,0x64,0x01,0xA9,0x03,0x00,0x01,0xC9,0x01,0x40,0x04,0x00,
  0x01,0xA9,0x1E,0x00,0x01,0xED,0x01,0x20,0x07,0x00,0x01,0xC9,0x01,0x40,0x06,0x00,
  0x01,0xA9,0x01,0x40,0x03,0x00,0x01,0x40,0x01,0xC9,0x03,0x00,0x02,0x64,0x04,0x00,
  0x01,0xED,0x05,0x00,0x01,0xC9,0x01,0x40,0x07,0x00,0x01,0xA9,0x01,0x44,0x03,0x00,
  0x01,0xA9,0x01,0x64,0x02,0x00,0x01,0x64,0x01,0xA9,0x04,0x00,0x02,0xC9,0x0A,0x00,
  0x01,0xED,0x01,0x20,0x03,0x00,0x02,0x44,0x04,0x00,0x01,0x40,0x01,0xC9,0x03,0x00,
  0x02,0x64,0x08,0x00,0x01,0xA9,0x01,0x40,0x03,0x00,0x01,0xC9,0x01,0x20,0x04,0x00,
  0x01,0x44,0x01,0xA9,0x11,0x00,0x01,0xED,0x05,0x00,0x01,0xC9,0x01,0x40,0x03,0x00,
  0x02,0x44,0x05,0x00,0x01,0x20,0x01,0xC9,0x03,0x00,0x01,0x84,0x01,0xA9,0x03,0x00,
  0x01,0x89,0x01,0x64,0x07,0x00,0x01,0xED,0x05,0x00,0x01,0xC9,0x01,0x40,0x04,0x00,
  0x01,0xA9,0x01,0x44,0x03,0x00,0x01,0xA9,0x01,0x64,0x04,0x00,0x01,0x64,0x01,0xA9,
  0x02,0x00,0x01,0x64,0x01,0xA9,0x04,0x00,0x02,0xC9,0x07,0x00,0x01,0x44,0x01,0xA9,
  0x0A,0x00,0x01,0xC9,0x01,0x40,0x06,0x00,0x01,0xA9,0x04,0x00,0x01,0x64,0x01,0xA9,
  0x03,0x00,0x01,0xC9,0x01,0x20,0x04,0x00,0x01,0x44,0x01,0xA9,0x04,0x00,0x01,0x64,
  0x01,0xA9,0x06,0x00,0x01,0xED,0x05,0x00,0x01,0xC9,0x01,0x40,0x04,0x00,0x01,0x20,
  0x01,0xC9,0x04,0x00,0x01,0x64,0x01,0xA9,0x03,0x00,0x01,0xC9,0x01,0x40,0x03,0x00,
  0x01,0x64,0x01,0x44,0x1E,0x00,0x01,0xE9,0x01,0x20,0x07,0x00,0x01,0xA9,0x01,0x40,
  0x01,0x00,0x01,0x40,0x04,0x64,0x01,0xC9,0x05,0x00,0x01,0xED,0x01,0x84,0x01,0x64,
  0x01,0xC9,0x01,0x84,0x05,0x00,0x01,0xED,0x05,0x00,0x01,0xA9,0x01,0x40,0x05,0x00,
  0x01,0x20,0x01,0x44,0x01,0xA9,0x01,0x20,0x03,0x00,0x01,0x84,0x01,0x44,0x02,0x00,
  0x01,0x64,0x01,0xED,0x01,0x64,0x03,0x00,0x01,0x20,0x01,0xE9,0x01,0xA9,0x09,0x00,
  0x01,0xE9,0x01,0x20,0x0A,0x00,0x01,0xED,0x01,0x84,0x01,0x64,0x01,0xC9,0x01,0x84,
  0x04,0x00,0x01,0x40,0x04,0x64,0x01,0xC9,0x04,0x00,0x01,0xC9,0x01,0x00,0x01,0x20,
  0x03,0x64,0x01,0x84,0x01,0x64,0x11,0x00,0x01,0xED,0x05,0x00,0x01,0xA9,0x01,0x40,
  0x08,0x00,0x01,0x44,0x01,0x64,0x02,0x84,0x03,0x00,0x01,0x40,0x01,0xED,0x01,0x64,
  0x01,0x84,0x01,0xE9,0x01,0x84,0x08,0x00,0x01,0xED,0x05,0x00,0x01,0xA9,0x01,0x40,
  0x02,0x00,0x01,0x20,0x01,0x44,0x01,0xA9,0x01,0x20,0x03,0x00,0x01,0x84,0x01,0x44,
  0x04,0x00,0x01,0x64,0x01,0xA9,0x02,0x00,0x01,0x64,0x01,0xED,0x01,0x64,0x03,0x00,
  0x01,0x20,0x01,0xE9,0x01,0xA9,0x02,0x00,0x01,0x40,0x03,0x64,0x01,0x89,0x01,0xE9,
  0x01,0x44,0x09,0x00,0x01,0xA9,0x01,0x40,0x01,0x00,0x01,0x40,0x03,0x64,0x01,0x84,
  0x01,0x64,0x04,0x00,0x01,0x64,0x01,0xA9,0x03,0x00,0x01,0xC9,0x01,0x00,0x01,0x20,
  0x03,0x64,0x01,0x84,0x01,0x64,0x04,0x00,0x01,0x64,0x01,0xA9,0x06,0x00,0x01,0xED,
  0x05,0x00,0x01,0xA9,0x01,0x40,0x02,0x00,0x01,0x44,0x01,0x64,0x02,0x84,0x04,0x00,
  0x01,0x64,0x01,0xA9,0x03,0x00,0x01,0xC9,0x01,0x40,0x01,0x00,0x01,0x84,0x01,0xC9,
  0x01,0x84,0x1F,0x00,0x01,0x84,0x08,0x00,0x01,0x84,0x01,0x00,0x01,0x20,0x05,0xED,
  0x01,0x84,0x05,0x00,0x01,0x64,0x01,0xED,0x01,0xC9,0x01,0x44,0x06,0x00,0x01,0x84,
  0x05,0x00,0x01,0x84,0x06,0x00,0x02,0xED,0x01,0xC9,0x04,0x00,0x01,0x64,0x03,0x00,
  0x01,0x84,0x01,0xED,0x01,0x84,0x04,0x00,0x01,0x40,0x01,0xC9,0x09,0x00,0x01,0x84,
  0x0B,0x00,0x01,0x64,0x01,0xED,0x01,0xC9,0x01,0x44,0x04,0x00,0x01,0x20,0x05,0xED,
  0x01,0x84,0x03,0x00,0x02,0x64,0x01,0x00,0x01,0xE9,0x03,0xED,0x01,0xE9,0x12,0x00,
  0x01,0x84,0x05,0x00,0x01,0x84,0x08,0x00,0x01,0x20,0x02,0xED,0x01,0xE9,0x01,0x20,
  0x04,0x00,0x01,0xA9,0x01,0xE9,0x01,0xA9,0x01,0x44,0x09,0x00,0x01,0x84,0x05,0x00,
  0x01,0x84,0x03,0x00,0x02,0xED,0x01,0xC9,0x04,0x00,0x01,0x64,0x05,0x00,0x02,0x64,
  0x02,0x00,0x01,0x84,0x01,0xED,0x01,0x84,0x04,0x00,0x01,0x40,0x01,0xC9,0x01,0x00,
  0x01,0x20,0x06,0xED,0x01,0x64,0x09,0x00,0x01,0x84,0x01,0x00,0x01,0x20,0x04,0xED,
  0x01,0xA9,0x05,0x00,0x02,0x64,0x02,0x00,0x02,0x64,0x01,0x00,0x01,0xE9,0x03,0xED,
  0x01,0xE9,0x05,0x00,0x02,0x64,0x06,0x00,0x01,0x84,0x05,0x00,0x01,0x84,0x02,0x00,
  0x01,0x20,0x02,0xED,0x01,0xE9,0x01,0x20,0x04,0x00,0x02,0x64,0x03,0x00,0x01,0xC9,
  0x02,0x40,0x01,0xA9,0x01,0x40,0x89,0x00,0x01,0x44,0x85,0x00,0x01,0x44,0x2B,0x00,
  0x01,0xC9,0x01,0x40,0xFF,0x00,0x3F,0x00,0x01,0xC9,0x01,0x40,0xFF,0x00,0x3F,0x00,
  0x01,0xA9,0xFF,0x00,0xFF,0x00,0xFF,0x00,0xFF,0x00,0xFF,0x00,0xFF,0x00,0xFF,0x00,
  0xFF,0x00,0xFF,0x00,0xFF,0x00,0xFF,0x00,0xFF,0x00,0xFF,0x00,0xFF,0x00,0xFF,0x00,
  0xFF,0x00,0xFF,0x00,0xFF,0x00,0xFF,0x00,0xFF,0x00,0x02,0x00,0x01,0x49,0x01,0x6D,
  0x05,0x00,0x01,0x49,0x01,0x24,0x02,0x00,0x01,0x49,0x01,0x6D,0x04,0x00,0x01,0x49,
  0x01,0x6D,0x1C,0x00,0x01,0x4E,0x06,0x00,0x01,0x04,0x01,0x52,0x01,0x25,0x03,0x00,
  0x01,0x29,0x02,0x00,0x01,0x29,0x01,0x00,0x01,0x04,0x01,0x52,0x01,0x25,0x03,0x00,
  0x01,0x29,0x06,0x00,0x01,0x24,0x01,0x77,0x01,0x29,0xEE,0x00,0x01,0x49,0x01,0x92,
  0x01,0x6D,0x05,0x00,0x01,0x6D,0x02,0x00,0x01,0x49,0x01,0x92,0x01,0x6D,0x03,0x00,
  0x01,0x49,0x01,0x92,0x01,0x6D,0x1B,0x00,0x01,0x25,0x05,0x7B,0x01,0x52,0x01,0x00,
  0x01,0x25,0x01,0x77,0x01,0x7B,0x01,0x25,0x01,0x00,0x01,0x29,0x04,0x7B,0x01,0x4E,
  0x01,0x25,0x01,0x77,0x01,0x7B,0x01,0x25,0x01,0x00,0x01,0x25,0x06,0x7B,0x01,0x29,
  0x01,0x04,0x01,0x52,0x01,0x7B,0x01,0x4E,0xEE,0x00,0x01,0x49,0x01,0x6D,0x04,0x00,
  0x01,0x24,0x01,0x49,0x03,0x00,0x01,0x49,0x01,0x6D,0x04,0x00,0x01,0x49,0x01,0x6D,
  0x1C,0x00,0x01,0x25,0x01,0x77,0x02,0x00,0x01,0x04,0x01,0x77,0x03,0x00,0x01,0x52,
  0x01,0x4E,0x02,0x00,0x02,0x04,0x01,0x29,0x01,0x52,0x03,0x00,0x01,0x52,0x01,0x4E,
  0x02,0x00,0x01,0x52,0x01,0x29,0x03,0x04,0x02,0x4E,0x02,0x00,0x01,0x4E,0x01,0x77,
  0xEE,0x00,0x01,0x24,0x01,0x6E,0x04,0x00,0x01,0x49,0x04,0x00,0x01,0x24,0x01,0x6E,
  0x04,0x00,0x01,0x24,0x01,0x6E,0x1D,0x00,0x01,0x77,0x01,0x04,0x02,0x00,0x01,0x52,
  0x01,0x25,0x02,0x00,0x01,0x29,0x01,0x4E,0x04,0x00,0x01,0x29,0x01,0x52,0x03,0x00,
  0x01,0x29,0x01,0x4E,0x02,0x00,0x01,0x29,0x01,0x4E,0x03,0x00,0x01,0x4E,0x01,0x29,
  0x02,0x00,0x01,0x4E,0x01,0x29,0xEE,0x00,0x01,0x24,0x01,0x92,0x03,0x00,0x01,0x24,
  0x01,0x49,0x04,0x00,0x01,0x24,0x01,0x92,0x04,0x00,0x01,0x24,0x01,0x92,0x1D,0x00,
  0x01,0x4E,0x01,0x29,0x02,0x00,0x01,0x52,0x01,0x25,0x02,0x00,0x01,0x29,0x01,0x52,
  0x04,0x00,0x01,0x25,0x01,0x52,0x03,0x00,0x01,0x29,0x01,0x52,0x02,0x00,0x01,0x24,
  0x01,0x77,0x03,0x00,0x01,0x52,0x03,0x00,0x01,0x4E,0xEF,0x00,0x01,0x24,0x01,0x92,
  0x03,0x00,0x01,0x49,0x01,0x24,0x04,0x00,0x01,0x24,0x01,0x92,0x04,0x00,0x01,0x24,
  0x01,0x92,0x1D,0x00,0x02,0x29,0x02,0x00,0x01,0x52,0x01,0x25,0x02,0x00,0x01,0x29,
  0x01,0x4E,0x04,0x00,0x01,0x24,0x01,0x52,0x03,0x00,0x01,0x29,0x01,0x4E,0x03,0x00,
  0x01,0x77,0x02,0x25,0x01,0x52,0x01,0x25,0xF3,0x00,0x01,0x24,0x01,0x92,0x03,0x00,
  0x01,0x6D,0x05,0x00,0x01,0x24,0x01,0x92,0x04,0x00,0x01,0x24,0x01,0x92,0x1B,0x00,
  0x01,0x25,0x01,0x7B,0x01,0x77,0x03,0x00,0x01,0x4E,0x03,0x00,0x01,0x29,0x01,0x4E,
  0x05,0x00,0x01,0x4E,0x03,0x00,0x01,0x29,0x01,0x4E,0x03,0x00,0x01,0x29,0x01,0x7B,
  0x01,0x53,0x01,0x25,0xF2,0x00,0x01,0x24,0x01,0x6D,0x02,0x92,0x01,0x6D,0x01,0x24,
  0x01,0x49,0x01,0x24,0x03,0x00,0x01,0x24,0x01,0x6D,0x02,0x92,0x01,0x6D,0x02,0x24,
  0x01,0x6D,0x02,0x92,0x01,0x6D,0x01,0x24,0xFF,0x00,0x30,0x00,0x01,0x24,0xFF,0x00,
  0xFF,0x00,0xFF,0x00,0xE4,0x00,
};

const uint8_t LESSON_PAGE_1[11436] PROGMEM = {
  0xFF,0x00,0xFF,0x00,0xFF,0x00,0xFF,0x00,0xFF,0x00,0xFF,0x00,0xFF,0x00,0xFF,0x00,
  0xF2,0x00,0x01,0x8D,0x01,0x49,0x07,0x00,0x01,0xD5,0x01,0x91,0x01,0x24,0x06,0x00,
  0x01,0x8D,0x01,0x49,0x08,0x00,0x01,0xB1,0x01,0x6D,0x0E,0x00,0x01,0x48,0x01,0x44,
  0x06,0x00,0x02,0x24,0x07,0x00,0x01,0xD5,0x01,0x91,0x01,0x24,0x06,0x00,0x01,0xB5,
  0x01,0x69,0x2C,0x00,0x01,0x8D,0x01,0x49,0x07,0x00,0x01,0xB1,0x01,0x8D,0x0B,0x00,
  0x01,0x8D,0x01,0x49,0x07,0x00,0x01,0xD5,0x01,0x91,0x01,0x24,0x19,0x00,0x01,0x24,
  0x01,0xFA,0x01,0x24,0x0D,0x00,0x01,0x24,0x01,0x8D,0x0E,0x00,0x01,0x24,0x01,0xD5,
  0x01,0x8D,0x07,0x00,0x01,0x8D,0x01,0x49,0x07,0x00,0x01,0xD5,0x01,0x48,0x03,0x00,
  0x01,0x44,0x01,0xFA,0x01,0x49,0x55,0x00,0x01,0x69,0x02,0xFA,0x01,0xB1,0x01,0x24,
  0x04,0x00,0x01,0x8D,0x03,0xFA,0x01,0x48,0x04,0x00,0x01,0x69,0x02,0xFA,0x01,0xB5,
  0x01,0x24,0x05,0x00,0x01,0x8D,0x0A,0xFA,0x01,0xF9,0x01,0x48,0x03,0x00,0x01,0x44,
  0x01,0xFA,0x01,0xB5,0x04,0x00,0x01,0x6D,0x01,0xD9,0x02,0xFA,0x01,0xD5,0x01,0x48,
  0x04,0x00,0x01,0x8D,0x03,0xFA,0x01,0x48,0x04,0x00,0x01,0x8D,0x06,0xFA,0x01,0xD5,
  0x01,0x24,0x25,0x00,0x01,0x69,0x02,0xFA,0x01,0xB5,0x01,0x24,0x04,0x00,0x01,0x69,
  0x06,0xFA,0x01,0x8D,0x05,0x00,0x01,0x69,0x02,0xFA,0x01,0xB5,0x01,0x24,0x04,0x00,
  0x01,0x8D,0x03,0xFA,0x01,0x48,0x18,0x00,0x01,0xD5,0x09,0xFA,0x01,0x8D,0x04,0x00,
  0x01,0x24,0x01,0xF9,0x01,0xFA,0x01,0x48,0x03,0x00,0x01,0x6D,0x01,0xF9,0x01,0xFA,
  0x01,0xD5,0x01,0x44,0x05,0x00,0x01,0xB1,0x02,0xFA,0x01,0xD5,0x01,0x44,0x04,0x00,
  0x01,0x69,0x02,0xFA,0x01,0xB5,0x01,0x24,0x04,0x00,0x01,0x8D,0x09,0xFA,0x01,0x44,
  0x53,0x00,0x01,0xB1,0x04,0xFA,0x01,0x24,0x03,0x00,0x01,0x6D,0x04,0xFA,0x01,0x91,
  0x03,0x00,0x01,0xB1,0x03,0xFA,0x01,0xF9,0x01,0x24,0x03,0x00,0x01,0x48,0x0C,0xFA,
  0x01,0xD5,0x03,0x00,0x01,0x91,0x02,0xFA,0x01,0x24,0x02,0x00,0x01,0x8D,0x06,0xFA,
  0x01,0x48,0x03,0x00,0x01,0x6D,0x04,0xFA,0x01,0x91,0x03,0x00,0x08,0xFA,0x01,0xD5,
  0x08,0x00,0x01,0x8D,0x03,0xFA,0x01,0xB1,0x01,0x24,0x02,0x00,0x01,0x69,0x01,0xD5,
  0x02,0xFA,0x01,0x69,0x02,0x00,0x01,0x24,0x01,0xB1,0x02,0xFA,0x01,0xD5,0x01,0x6D,
  0x08,0x00,0x01,0xB1,0x03,0xFA,0x01,0xF9,0x01,0x24,0x03,0x00,0x08,0xFA,0x01,0xB5,
  0x04,0x00,0x01,0xB1,0x03,0xFA,0x01,0xF9,0x01,0x24,0x03,0x00,0x01,0x6D,0x04,0xFA,
  0x01,0x91,0x16,0x00,0x01,0x8D,0x0B,0xFA,0x01,0x8D,0x03,0x00,0x01,0x69,0x02,0xFA,
  0x01,0xB1,0x02,0x00,0x01,0xB1,0x05,0xFA,0x01,0x44,0x04,0x00,0x01,0x6D,0x01,0xF9,
  0x03,0xFA,0x01,0x24,0x03,0x00,0x01,0xB1,0x03,0xFA,0x01,0xF9,0x01,0x24,0x02,0x00,
  0x01,0x24,0x09,0xFA,0x01,0xD5,0x55,0x00,0x01,0x49,0x01,0xF9,0x02,0xFA,0x01,0xD5,
  0x04,0x00,0x01,0x24,0x01,0xB1,0x03,0xFA,0x01,0x8D,0x03,0x00,0x01,0x48,0x01,0xD5,
  0x02,0xFA,0x01,0xD5,0x03,0x00,0x01,0x24,0x01,0x91,0x02,0xFA,0x07,0x24,0x01,0x6D,
  0x02,0xFA,0x03,0x00,0x01,0x24,0x02,0xFA,0x01,0x69,0x02,0x00,0x01,0xF9,0x01,0x8D,
  0x01,0x24,0x01,0x00,0x01,0x44,0x01,0xD5,0x01,0xFA,0x01,0xD5,0x04,0x00,0x01,0x24,
  0x01,0xB1,0x03,0xFA,0x01,0x8D,0x02,0x00,0x06,0x24,0x01,0x48,0x02,0xFA,0x09,0x00,
  0x01,0x69,0x01,0xFA,0x01,0xD5,0x05,0x00,0x01,0x48,0x01,0xFA,0x01,0x24,0x02,0x00,
  0x01,0x24,0x01,0xFA,0x01,0xD5,0x01,0x6D,0x01,0x8D,0x02,0xFA,0x01,0x6D,0x08,0x00,
  0x01,0x48,0x01,0xD5,0x02,0xFA,0x01,0xD5,0x03,0x00,0x05,0x24,0x01,0x48,0x01,0x91,
  0x02,0xFA,0x01,0x49,0x04,0x00,0x01,0x48,0x01,0xD5,0x02,0xFA,0x01,0xD5,0x04,0x00,
  0x01,0x24,0x01,0xB1,0x03,0xFA,0x01,0x8D,0x16,0x00,0x09,0x24,0x01,0x91,0x01,0xFA,
  0x01,0xD5,0x04,0x00,0x01,0xB1,0x02,0xFA,0x01,0x24,0x01,0x6D,0x01,0xFA,0x01,0x69,
  0x01,0x24,0x01,0x69,0x02,0xFA,0x01,0xD5,0x06,0x00,0x01,0x8D,0x02,0xFA,0x01,0x8D,
  0x04,0x00,0x01,0x48,0x01,0xD5,0x02,0xFA,0x01,0xD5,0x03,0x00,0x06,0x24,0x01,0xB5,
  0x01,0xFA,0x01,0x91,0x57,0x00,0x01,0x24,0x01,0xB1,0x02,0xFA,0x01,0x24,0x05,0x00,
  0x01,0x6D,0x02,0xFA,0x01,0xD5,0x05,0x00,0x01,0xB1,0x02,0xFA,0x01,0x24,0x03,0x00,
  0x01,0x24,0x02,0xFA,0x08,0x00,0x02,0xFA,0x04,0x00,0x01,0xB1,0x01,0xFA,0x01,0xB1,
  0x01,0x00,0x01,0x20,0x01,0x24,0x04,0x00,0x01,0x24,0x02,0xFA,0x01,0x24,0x05,0x00,
  0x01,0x6D,0x02,0xFA,0x01,0xD5,0x09,0x00,0x01,0xB1,0x01,0xFA,0x01,0x24,0x09,0x00,
  0x02,0xFA,0x01,0x24,0x04,0x00,0x01,0xB1,0x01,0xD5,0x03,0x00,0x01,0x91,0x01,0xFA,
  0x01,0x24,0x02,0x00,0x01,0x24,0x01,0xD5,0x01,0x24,0x0A,0x00,0x01,0xB1,0x02,0xFA,
  0x01,0x24,0x09,0x00,0x01,0x91,0x01,0xFA,0x01,0xB1,0x06,0x00,0x01,0xB1,0x02,0xFA,
  0x01,0x24,0x05,0x00,0x01,0x6D,0x02,0xFA,0x01,0xD5,0x20,0x00,0x02,0xFA,0x04,0x00,
  0x01,0x24,0x02,0xFA,0x01,0x69,0x01,0xD5,0x01,0x24,0x03,0x00,0x01,0x24,0x02,0xFA,
  0x01,0x44,0x06,0x00,0x01,0x6D,0x01,0xFA,0x01,0xD5,0x06,0x00,0x01,0xB1,0x02,0xFA,
  0x01,0x24,0x08,0x00,0x01,0x91,0x01,0xFA,0x01,0x48,0x59,0x00,0x01,0xD5,0x01,0xFA,
  0x01,0x44,0x06,0x00,0x01,0xB1,0x01,0xFA,0x01,0x91,0x06,0x00,0x01,0xD9,0x01,0xFA,
  0x01,0x24,0x04,0x00,0x02,0xFA,0x08,0x00,0x01,0xFA,0x01,0xD5,0x04,0x00,0x01,0x48,
  0x01,0xFA,0x01,0xD5,0x08,0x00,0x01,0x91,0x01,0xFA,0x01,0x48,0x06,0x00,0x01,0xB1,
  0x01,0xFA,0x01,0x91,0x09,0x00,0x01,0x91,0x01,0xFA,0x01,0x24,0x09,0x00,0x01,0x8D,
  0x01,0xFA,0x01,0x91,0x04,0x00,0x01,0xFA,0x01,0x6D,0x03,0x00,0x01,0xB1,0x01,0xFA,
  0x01,0x48,0x10,0x00,0x01,0xD9,0x01,0xFA,0x01,0x24,0x09,0x00,0x01,0x24,0x02,0xFA,
  0x07,0x00,0x01,0xD9,0x01,0xFA,0x01,0x24,0x06,0x00,0x01,0xB1,0x01,0xFA,0x01,0x91,
  0x17,0x00,0x01,0x24,0x01,0x69,0x07,0x00,0x01,0xB5,0x01,0xFA,0x01,0x24,0x04,0x00,
  0x01,0xB1,0x01,0xFA,0x01,0xF9,0x01,0x48,0x05,0x00,0x01,0x91,0x01,0xFA,0x01,0x6D,
  0x07,0x00,0x01,0xFA,0x01,0xF9,0x07,0x00,0x01,0xD9,0x01,0xFA,0x01,0x24,0x08,0x00,
  0x01,0x8D,0x01,0xFA,0x01,0x48,0x59,0x00,0x01,0xB1,0x01,0xFA,0x01,0x48,0x06,0x00,
  0x01,0xD5,0x01,0xFA,0x01,0x24,0x06,0x00,0x01,0xB1,0x01,0xFA,0x01,0x24,0x04,0x00,
  0x02,0xFA,0x08,0x00,0x01,0xFA,0x01,0x8D,0x05,0x00,0x02,0xFA,0x08,0x00,0x01,0x6D,
  0x01,0xFA,0x01,0x44,0x06,0x00,0x01,0xD5,0x01,0xFA,0x01,0x24,0x09,0x00,0x01,0x8D,
  0x01,0xFA,0x01,0x24,0x09,0x00,0x01,0x24,0x02,0xFA,0x03,0x00,0x01,0x69,0x01,0xFA,
  0x04,0x00,0x01,0x44,0x02,0xFA,0x01,0xB1,0x01,0x24,0x0E,0x00,0x01,0xB1,0x01,0xFA,
  0x01,0x24,0x0A,0x00,0x01,0xD5,0x01,0xFA,0x07,0x00,0x01,0xB1,0x01,0xFA,0x01,0x24,
  0x06,0x00,0x01,0xD5,0x01,0xFA,0x01,0x24,0x08,0x00,0x06,0x24,0x09,0x00,0x01,0xD5,
  0x01,0x91,0x07,0x00,0x01,0xB1,0x01,0xFA,0x01,0x24,0x04,0x00,0x01,0x8D,0x01,0xFA,
  0x01,0xD5,0x06,0x00,0x01,0x48,0x01,0xFA,0x01,0x91,0x07,0x00,0x01,0xD5,0x01,0xFA,
  0x07,0x00,0x01,0xB1,0x01,0xFA,0x01,0x24,0x08,0x00,0x01,0x8D,0x01,0xFA,0x01,0x48,
  0x59,0x00,0x01,0x91,0x01,0xFA,0x01,0x48,0x05,0x00,0x01,0x44,0x01,0xFA,0x01,0x6D,
  0x07,0x00,0x01,0xB1,0x01,0xFA,0x01,0x44,0x04,0x00,0x01,0xD5,0x01,0xFA,0x07,0x00,
  0x01,0x44,0x01,0xFA,0x01,0x24,0x05,0x00,0x01,0xB1,0x01,0xFA,0x01,0x24,0x07,0x00,
  0x01,0x6D,0x01,0xFA,0x06,0x00,0x01,0x44,0x01,0xFA,0x01,0x6D,0x0A,0x00,0x01,0x8D,
  0x01,0xFA,0x01,0x24,0x0A,0x00,0x01,0xD5,0x01,0xFA,0x01,0x49,0x02,0x00,0x01,0xB5,
  0x01,0xB1,0x05,0x00,0x01,0x24,0x01,0xD5,0x02,0xFA,0x01,0x91,0x01,0x24,0x0C,0x00,
  0x01,0xB1,0x01,0xFA,0x01,0x44,0x0A,0x00,0x01,0xD5,0x01,0xFA,0x01,0x24,0x06,0x00,
  0x01,0xB1,0x01,0xFA,0x01,0x44,0x05,0x00,0x01,0x44,0x01,0xFA,0x01,0x6D,0x08,0x00,
  0x01,0x44,0x06,0xFA,0x01,0x44,0x07,0x00,0x01,0x24,0x01,0xFA,0x01,0xB1,0x07,0x00,
  0x01,0x91,0x01,0xFA,0x01,0x24,0x04,0x00,0x01,0x6D,0x01,0xFA,0x01,0x6D,0x07,0x00,
  0x01,0xFA,0x01,0xB5,0x07,0x00,0x01,0x91,0x01,0xFA,0x01,0x24,0x06,0x00,0x01,0xB1,
  0x01,0xFA,0x01,0x44,0x08,0x00,0x01,0x6D,0x01,0xFA,0x01,0x48,0x59,0x00,0x01,0x8D,
  0x01,0xFA,0x01,0x49,0x05,0x00,0x01,0xB1,0x01,0xD5,0x08,0x00,0x01,0x91,0x01,0xFA,
  0x01,0x44,0x04,0x00,0x01,0xD5,0x01,0xFA,0x07,0x00,0x01,0x8D,0x01,0xB1,0x06,0x00,
  0x01,0x6D,0x01,0xFA,0x01,0x69,0x07,0x00,0x02,0xB1,0x06,0x00,0x01,0xB1,0x01,0xD5,
  0x0B,0x00,0x01,0x6D,0x01,0xFA,0x01,0x44,0x0A,0x00,0x01,0x69,0x01,0xFA,0x01,0xB5,
  0x01,0x00,0x01,0x24,0x01,0xFA,0x01,0x48,0x07,0x00,0x01,0x48,0x01,0xD5,0x01,0xFA,
  0x01,0xF9,0x01,0x24,0x0B,0x00,0x01,0x91,0x01,0xFA,0x01,0x44,0x0A,0x00,0x01,0xB1,
  0x01,0xFA,0x01,0x24,0x06,0x00,0x01,0x91,0x01,0xFA,0x01,0x44,0x05,0x00,0x01,0xB1,
  0x01,0xD5,0x09,0x00,0x01,0xD5,0x05,0xFA,0x01,0x8D,0x08,0x00,0x01,0x24,0x01,0xFA,
  0x01,0xB1,0x07,0x00,0x01,0x8D,0x01,0xFA,0x01,0x44,0x04,0x00,0x01,0x8D,0x01,0xFA,
  0x01,0x24,0x07,0x00,0x01,0xFA,0x01,0xD5,0x07,0x00,0x01,0x8D,0x01,0xFA,0x01,0x48,
  0x06,0x00,0x01,0x91,0x01,0xFA,0x01,0x44,0x08,0x00,0x01,0x6D,0x01,0xFA,0x01,0x69,
  0x59,0x00,0x01,0x6D,0x01,0xFA,0x01,0x69,0x04,0x00,0x01,0x44,0x01,0xB1,0x09,0x00,
  0x01,0x91,0x01,0xFA,0x01,0x44,0x04,0x00,0x01,0xB5,0x01,0xFA,0x06,0x00,0x01,0x24,
  0x01,0xFA,0x01,0x24,0x06,0x00,0x01,0x24,0x01,0xFA,0x01,0x91,0x06,0x00,0x01,0x24,
  0x01,0xFA,0x01,0x24,0x05,0x00,0x01,0x44,0x01,0xB1,0x0C,0x00,0x01,0x6D,0x01,0xFA,
  0x01,0x48,0x0B,0x00,0x02,0xFA,0x01,0x24,0x01,0x8D,0x01,0xF9,0x0A,0x00,0x01,0x8D,
  0x01,0xFA,0x01,0xB5,0x0B,0x00,0x01,0x91,0x01,0xFA,0x01,0x44,0x0A,0x00,0x01,0x91,
  0x01,0xFA,0x01,0x24,0x06,0x00,0x01,0x91,0x01,0xFA,0x01,0x44,0x04,0x00,0x01,0x44,
  0x01,0xB1,0x1A,0x00,0x01,0xFA,0x01,0xB1,0x07,0x00,0x01,0x6D,0x01,0xFA,0x01,0x48,
  0x04,0x00,0x01,0xB1,0x01,0xF9,0x08,0x00,0x02,0xD5,0x06,0x00,0x01,0x24,0x02,0xFA,
  0x01,0x6D,0x06,0x00,0x01,0x91,0x01,0xFA,0x01,0x44,0x08,0x00,0x01,0x69,0x01,0xFA,
  0x01,0x6D,0x59,0x00,0x01,0x6D,0x01,0xFA,0x01,0x69,0x0F,0x00,0x01,0x8D,0x01,0xFA,
  0x01,0x44,0x04,0x00,0x01,0xB5,0x01,0xFA,0x05,0x00,0x01,0x6D,0x01,0xFA,0x01,0x8D,
  0x08,0x00,0x01,0xFA,0x01,0xD9,0x05,0x00,0x01,0x24,0x01,0xD5,0x01,0x8D,0x14,0x00,
  0x01,0x6D,0x01,0xFA,0x01,0x48,0x0B,0x00,0x01,0x91,0x01,0xFA,0x01,0x8D,0x01,0xD5,
  0x01,0x8D,0x05,0x00,0x01,0x8D,0x01,0x24,0x04,0x00,0x02,0xD5,0x0B,0x00,0x01,0x8D,
  0x01,0xFA,0x01,0x44,0x0A,0x00,0x01,0x8D,0x01,0xFA,0x01,0x44,0x06,0x00,0x01,0x8D,
  0x01,0xFA,0x01,0x44,0x20,0x00,0x01,0xFA,0x01,0xB5,0x07,0x00,0x01,0x6D,0x01,0xFA,
  0x01,0x48,0x04,0x00,0x01,0xFA,0x01,0x91,0x08,0x00,0x02,0xB5,0x05,0x00,0x01,0x24,
  0x01,0xFA,0x01,0x91,0x01,0xFA,0x01,0x8D,0x06,0x00,0x01,0x8D,0x01,0xFA,0x01,0x44,
  0x08,0x00,0x01,0x48,0x01,0xFA,0x01,0x6D,0x59,0x00,0x01,0x69,0x01,0xFA,0x01,0x69,
  0x0F,0x00,0x01,0x8D,0x01,0xFA,0x01,0x24,0x04,0x00,0x01,0xB1,0x01,0xFA,0x02,0x00,
  0x01,0x24,0x01,0xB1,0x02,0xFA,0x01,0xB1,0x09,0x00,0x01,0xB1,0x01,0xFA,0x01,0x8D,
  0x01,0x24,0x01,0x44,0x01,0x69,0x01,0xB1,0x01,0xFA,0x01,0xB1,0x0F,0x00,0x06,0x24,
  0x01,0x8D,0x01,0xFA,0x01,0x91,0x01,0x24,0x0A,0x00,0x01,0x44,0x03,0xFA,0x01,0x24,
  0x05,0x00,0x01,0xD5,0x01,0x8D,0x03,0x00,0x01,0x20,0x01,0xFA,0x01,0xB5,0x0B,0x00,
  0x01,0x8D,0x01,0xFA,0x01,0x24,0x0A,0x00,0x01,0x8D,0x01,0xFA,0x01,0x44,0x06,0x00,
  0x01,0x8D,0x01,0xFA,0x01,0x24,0x20,0x00,0x01,0xFA,0x01,0xD5,0x07,0x00,0x01,0x69,
  0x01,0xFA,0x01,0x48,0x03,0x00,0x01,0x48,0x01,0xFA,0x01,0x48,0x02,0x00,0x06,0x24,
  0x01,0xD5,0x01,0x8D,0x03,0x00,0x01,0x24,0x01,0x91,0x01,0xFA,0x01,0xD5,0x01,0x00,
  0x01,0xFA,0x01,0xB1,0x06,0x00,0x01,0x8D,0x01,0xFA,0x01,0x24,0x08,0x00,0x01,0x48,
  0x01,0xFA,0x01,0x6D,0x59,0x00,0x01,0x69,0x01,0xFA,0x01,0x69,0x0F,0x00,0x01,0x8D,
  0x01,0xFA,0x01,0x24,0x04,0x00,0x01,0xB1,0x01,0xFA,0x02,0x00,0x01,0x8D,0x02,0xFA,
  0x01,0x6D,0x0A,0x00,0x01,0x49,0x06,0xFA,0x01,0x8D,0x0F,0x00,0x01,0x49,0x09,0xFA,
  0x01,0xD5,0x0B,0x00,0x01,0xD5,0x01,0xFA,0x01,0xD5,0x06,0x00,0x01,0xD5,0x01,0xFA,
  0x01,0xD5,0x01,0x8D,0x01,0x6D,0x01,0xD5,0x01,0xFA,0x01,0x44,0x0B,0x00,0x01,0x8D,
  0x01,0xFA,0x01,0x24,0x0A,0x00,0x01,0x6D,0x01,0xFA,0x07,0x00,0x01,0x8D,0x01,0xFA,
  0x01,0x24,0x20,0x00,0x01,0xD5,0x01,0x91,0x07,0x00,0x01,0x69,0x01,0xFA,0x01,0x24,
  0x03,0x00,0x01,0x91,0x01,0xD5,0x02,0x00,0x01,0x69,0x07,0xFA,0x01,0x24,0x03,0x00,
  0x01,0x91,0x01,0xFA,0x01,0xD9,0x01,0x24,0x01,0x00,0x01,0xD5,0x01,0x91,0x06,0x00,
  0x01,0x8D,0x01,0xFA,0x01,0x24,0x08,0x00,0x01,0x24,0x01,0xFA,0x01,0x44,0x59,0x00,
  0x01,0x69,0x01,0xFA,0x01,0x69,0x0F,0x00,0x01,0x8D,0x01,0xB1,0x05,0x00,0x01,0xB1,
  0x01,0xFA,0x02,0x00,0x01,0xD9,0x01,0x8D,0x01,0x24,0x0C,0x00,0x01,0x8D,0x02,0xFA,
  0x01,0xD5,0x01,0x8D,0x01,0x24,0x10,0x00,0x0A,0xFA,0x01,0x44,0x0B,0x00,0x01,0x6D,
  0x01,0xFA,0x01,0x48,0x06,0x00,0x01,0x24,0x01,0x91,0x01,0xF9,0x02,0xFA,0x01,0xB1,
  0x01,0x24,0x0C,0x00,0x01,0x8D,0x01,0xB1,0x0B,0x00,0x01,0x69,0x01,0x6D,0x07,0x00,
  0x01,0x8D,0x01,0xB1,0x21,0x00,0x01,0xB1,0x01,0x24,0x07,0x00,0x01,0x48,0x01,0x6D,
  0x04,0x00,0x01,0xD5,0x01,0x24,0x01,0x00,0x01,0x24,0x07,0xFA,0x01,0x91,0x04,0x00,
  0x01,0xD5,0x01,0x8D,0x01,0x20,0x02,0x00,0x01,0x91,0x01,0x48,0x06,0x00,0x01,0x8D,
  0x01,0xB1,0x09,0x00,0x01,0x24,0x01,0x91,0x5A,0x00,0x01,0x49,0x01,0xFA,0x01,0x69,
  0x0F,0x00,0x01,0x48,0x01,0x24,0x05,0x00,0x01,0xB1,0x01,0xFA,0x59,0x00,0x01,0x48,
  0x01,0x24,0x14,0x00,0x01,0x48,0x01,0x24,0x30,0x00,0x01,0x24,0x14,0x00,0x01,0x24,
  0x07,0x00,0x01,0x48,0x01,0x24,0x65,0x00,0x01,0x48,0x01,0xFA,0x01,0x69,0x16,0x00,
  0x01,0xB1,0x01,0xFA,0xFF,0x00,0x26,0x00,0x01,0x48,0x01,0xFA,0x01,0x69,0x16,0x00,
  0x01,0xB1,0x01,0xFA,0xFF,0x00,0x26,0x00,0x01,0x48,0x01,0xFA,0x01,0x48,0x16,0x00,
  0x01,0x91,0x01,0xB1,0xFF,0x00,0x26,0x00,0x01,0x48,0x01,0xB1,0x17,0x00,0x01,0x6D,
  0x01,0x24,0xFF,0x00,0xFF,0x00,0xFF,0x00,0xFF,0x00,0xFF,0x00,0xFF,0x00,0xFF,0x00,
  0xFF,0x00,0xFF,0x00,0xFF,0x00,0xFF,0x00,0x03,0x00,0xFF,0xFA,0xFF,0xFA,0x82,0xFA,
  0xFF,0x00,0xFF,0x00,0xFF,0x00,0xFF,0x00,0xFF,0x00,0xFF,0x00,0xFF,0x00,0xFF,0x00,
  0xFF,0x00,0xFF,0x00,0xFF,0x00,0xFF,0x00,0xFF,0x00,0xFF,0x00,0xFF,0x00,0xFF,0x00,
  0xFF,0x00,0xFF,0x00,0x46,0x00,0x01,0x49,0x01,0xDB,0x05,0xFF,0x02,0x49,0x01,0xDB,
  0x01,0xFF,0x01,0x92,0x03,0x00,0x01,0x6D,0x01,0xFF,0x01,0xDB,0x02,0x49,0x01,0xB6,
  0x01,0xDB,0x02,0xFF,0x01,0xDB,0x01,0x6D,0x07,0x00,0x01,0x24,0x01,0x6D,0x01,0x49,
  0x01,0xDB,0x01,0xFF,0x01,0x92,0x03,0x00,0x01,0x6D,0x01,0xFF,0x01,0xDB,0x01,0x49,
  0x02,0x00,0x01,0x92,0x02,0xFF,0x01,0xDB,0x01,0x49,0x01,0x00,0x01,0x49,0x01,0xB6,
  0x02,0xDB,0x01,0xFF,0x01,0xDB,0x01,0x92,0xFF,0x00,0x05,0x00,0x01,0x6D,0x01,0xFF,
  0x03,0x00,0x01,0x6D,0x01,0x24,0x01,0x00,0x01,0x6D,0x01,0xFF,0x05,0x00,0x01,0xB6,
  0x01,0x6D,0x02,0x00,0x01,0x6D,0x01,0xFF,0x02,0x00,0x01,0x49,0x01,0xFF,0x01,0x6D,
  0x06,0x00,0x01,0xB6,0x01,0x24,0x01,0x00,0x01,0x6D,0x01,0xFF,0x05,0x00,0x01,0xB6,
  0x01,0x6D,0x02,0x00,0x01,0xB6,0x01,0x92,0x02,0x00,0x02,0x6D,0x02,0x00,0x01,0x6D,
  0x01,0xFF,0x02,0x00,0x01,0x24,0x01,0xB6,0x01,0xFF,0x01,0x24,0x06,0x00,0x01,0x6D,
  0x0A,0x00,0x01,0xB6,0x09,0x00,0x01,0x49,0x01,0x24,0x06,0x00,0x01,0xB6,0x01,0x92,
  0x05,0x00,0x01,0x49,0x01,0xDB,0x01,0x6D,0x05,0x00,0x01,0x49,0x01,0x24,0xCE,0x00,
  0x01,0x6D,0x01,0xFF,0x06,0x00,0x01,0x6D,0x01,0xFF,0x05,0x00,0x01,0xB6,0x01,0x6D,
  0x02,0x00,0x01,0x6D,0x01,0xFF,0x03,0x00,0x01,0xB6,0x01,0x92,0x06,0x00,0x01,0xDB,
  0x02,0x00,0x01,0x6D,0x01,0xFF,0x05,0x00,0x01,0xB6,0x01,0x6D,0x02,0x00,0x01,0xFF,
  0x01,0x24,0x06,0x00,0x01,0x6D,0x01,0xFF,0x04,0x00,0x02,0xDB,0x05,0x00,0x01,0xDB,
  0x07,0xFF,0x01,0x6D,0x02,0x00,0x01,0xDB,0x07,0xFF,0x01,0x6D,0x02,0x00,0x04,0xFF,
  0x01,0xB6,0x03,0x00,0x01,0xDB,0x01,0xFF,0x01,0xDB,0x03,0x00,0x01,0x24,0x02,0xB6,
  0x02,0xFF,0x01,0x49,0x02,0x00,0x01,0x24,0x04,0xFF,0x01,0xDB,0x01,0x24,0xCA,0x00,
  0x01,0x6D,0x01,0xFF,0x06,0x00,0x01,0x6D,0x01,0xFF,0x05,0x00,0x01,0xB6,0x01,0x6D,
  0x02,0x00,0x01,0x6D,0x01,0xFF,0x02,0x00,0x01,0x49,0x01,0xFF,0x01,0x24,0x05,0x00,
  0x01,0x6D,0x01,0x49,0x02,0x00,0x01,0x6D,0x01,0xFF,0x05,0x00,0x01,0xB6,0x01,0x6D,
  0x02,0x00,0x01,0xB6,0x01,0xFF,0x01,0x49,0x05,0x00,0x01,0x6D,0x01,0xFF,0x04,0x00,
  0x01,0x49,0x01,0xFF,0x01,0x24,0x04,0x00,0x01,0xB6,0x01,0xFF,0x05,0x6D,0x02,0xDB,
  0x02,0x00,0x01,0x49,0x01,0xFF,0x01,0x92,0x04,0x6D,0x02,0xDB,0x01,0x00,0x01,0x24,
  0x03,0x6D,0x01,0x92,0x01,0xFF,0x01,0xB6,0x03,0x00,0x01,0x92,0x01,0xFF,0x01,0x92,
  0x02,0x00,0x01,0xB6,0x01,0x24,0x01,0x00,0x01,0x24,0x01,0xDB,0x01,0xFF,0x02,0x00,
  0x01,0x24,0x04,0x6D,0x01,0xFF,0x01,0x92,0x0B,0x00,0x03,0xFF,0xBC,0x00,0x01,0x6D,
  0x04,0xFF,0x01,0x49,0x02,0x00,0x01,0x6D,0x01,0xFF,0x05,0x00,0x01,0xB6,0x01,0x6D,
  0x02,0x00,0x01,0x6D,0x03,0xFF,0x01,0xDB,0x01,0x24,0x06,0x00,0x01,0xDB,0x03,0x00,
  0x01,0x6D,0x01,0xFF,0x05,0x00,0x01,0xB6,0x01,0x6D,0x03,0x00,0x01,0x6D,0x02,0xFF,
  0x01,0x6D,0x03,0x00,0x01,0x6D,0x01,0xFF,0x04,0x00,0x01,0x24,0x01,0xFF,0x01,0x49,
  0x05,0x00,0x01,0xFF,0x01,0x24,0x04,0x00,0x01,0x6D,0x01,0xDB,0x03,0x00,0x01,0xFF,
  0x01,0x24,0x04,0x00,0x01,0x6D,0x01,0xB6,0x06,0x00,0x01,0x49,0x01,0xFF,0x04,0x00,
  0x02,0xB6,0x02,0x00,0x01,0xFF,0x01,0x49,0x03,0x00,0x01,0xFF,0x01,0x24,0x06,0x00,
  0x01,0x6D,0x01,0x92,0x0A,0x00,0x05,0xFF,0xBB,0x00,0x01,0x6D,0x01,0xFF,0x02,0x00,
  0x01,0x24,0x03,0x00,0x01,0x6D,0x01,0xFF,0x05,0x00,0x01,0xB6,0x01,0x49,0x02,0x00,
  0x01,0x6D,0x01,0xFF,0x01,0x00,0x01,0x6D,0x01,0xDB,0x06,0x00,0x01,0x24,0x01,0x92,
  0x03,0x00,0x01,0x6D,0x01,0xFF,0x05,0x00,0x01,0xB6,0x01,0x49,0x05,0x00,0x01,0x6D,
  0x01,0xFF,0x01,0xB6,0x02,0x00,0x01,0x6D,0x01,0xFF,0x04,0x00,0x01,0x24,0x01,0xFF,
  0x01,0x49,0x05,0x00,0x01,0xDB,0x01,0x49,0x04,0x00,0x01,0x6D,0x01,0x92,0x03,0x00,
  0x01,0xFF,0x01,0x49,0x04,0x00,0x01,0x92,0x01,0x6D,0x07,0x00,0x01,0xFF,0x01,0x24,
  0x03,0x00,0x01,0x92,0x01,0xB6,0x02,0x00,0x01,0xB6,0x01,0xFF,0x01,0x49,0x02,0x00,
  0x01,0xDB,0x01,0x49,0x06,0x00,0x01,0x6D,0x01,0xB6,0x09,0x00,0x07,0xFF,0xBA,0x00,
  0x01,0x6D,0x01,0xFF,0x06,0x00,0x01,0x49,0x01,0xFF,0x05,0x00,0x01,0xDB,0x01,0x49,
  0x02,0x00,0x01,0x6D,0x01,0xFF,0x02,0x00,0x01,0xDB,0x01,0x6D,0x05,0x00,0x01,0xB6,
  0x01,0x24,0x03,0x00,0x01,0x49,0x01,0xFF,0x05,0x00,0x01,0xDB,0x01,0x49,0x06,0x00,
  0x01,0x24,0x01,0xFF,0x01,0x49,0x01,0x00,0x01,0x6D,0x01,0xFF,0x04,0x00,0x01,0x49,
  0x01,0xFF,0x06,0x00,0x02,0x92,0x04,0x00,0x01,0xDB,0x04,0x00,0x01,0xFF,0x01,0x49,
  0x04,0x00,0x01,0xB6,0x08,0x00,0x01,0xFF,0x01,0x49,0x03,0x00,0x01,0x6D,0x01,0xB6,
  0x03,0x00,0x01,0x92,0x03,0x00,0x01,0xB6,0x01,0x49,0x06,0x00,0x01,0x6D,0x01,0xB6,
  0x09,0x00,0x07,0xFF,0xBA,0x00,0x01,0x6D,0x01,0xFF,0x06,0x00,0x01,0x24,0x01,0xFF,
  0x01,0x49,0x04,0x00,0x01,0xFF,0x03,0x00,0x01,0x6D,0x01,0xFF,0x02,0x00,0x01,0x49,
  0x01,0xFF,0x01,0x24,0x04,0x00,0x01,0xB6,0x04,0x00,0x01,0x24,0x01,0xFF,0x01,0x49,
  0x04,0x00,0x01,0xFF,0x03,0x00,0x01,0x49,0x04,0x00,0x01,0xDB,0x01,0x24,0x01,0x00,
  0x01,0x6D,0x01,0xFF,0x04,0x00,0x01,0xDB,0x01,0xB6,0x06,0x00,0x01,0x49,0x01,0xDB,
  0x03,0x00,0x02,0x6D,0x04,0x00,0x01,0xDB,0x01,0x49,0x03,0x00,0x01,0x6D,0x01,0x49,
  0x08,0x00,0x01,0xDB,0x01,0x49,0x03,0x00,0x01,0x6D,0x01,0xB6,0x07,0x00,0x01,0xB6,
  0x01,0x49,0x06,0x00,0x01,0x6D,0x01,0xB6,0x09,0x00,0x07,0xFF,0xBA,0x00,0x01,0x6D,
  0x01,0xFF,0x04,0x00,0x01,0xB6,0x02,0x00,0x02,0xDB,0x01,0x24,0x02,0x00,0x01,0xB6,
  0x01,0x92,0x03,0x00,0x01,0x6D,0x01,0xFF,0x03,0x00,0x01,0xDB,0x01,0xB6,0x03,0x00,
  0x01,0x6D,0x01,0x49,0x05,0x00,0x02,0xDB,0x01,0x24,0x02,0x00,0x01,0xB6,0x01,0x92,
  0x03,0x00,0x01,0xFF,0x01,0x6D,0x02,0x00,0x01,0x6D,0x01,0xDB,0x02,0x00,0x01,0x6D,
  0x01,0xFF,0x02,0x00,0x01,0x24,0x01,0xB6,0x01,0xFF,0x08,0x00,0x01,0xFF,0x02,0x92,
  0x01,0xDB,0x01,0x92,0x05,0x00,0x01,0xDB,0x01,0x49,0x01,0x00,0x01,0x92,0x01,0xFF,
  0x01,0x92,0x09,0x00,0x01,0xDB,0x01,0x49,0x03,0x00,0x01,0x6D,0x01,0xB6,0x02,0x00,
  0x01,0x49,0x04,0x6D,0x01,0xDB,0x03,0x00,0x01,0x49,0x03,0x6D,0x01,0xB6,0x01,0xFF,
  0x01,0x49,0x09,0x00,0x05,0xFF,0xBA,0x00,0x01,0x49,0x01,0xDB,0x05,0xFF,0x01,0xB6,
  0x03,0x00,0x01,0x92,0x02,0xFF,0x01,0xDB,0x01,0x92,0x03,0x00,0x01,0x49,0x01,0xDB,
  0x01,0xFF,0x01,0xB6,0x02,0x00,0x01,0x24,0x01,0xFF,0x01,0xB6,0x01,0x24,0x01,0x00,
  0x01,0xDB,0x07,0x00,0x01,0x92,0x02,0xFF,0x01,0xDB,0x01,0x92,0x04,0x00,0x01,0x6D,
  0x01,0xDB,0x02,0xFF,0x01,0x92,0x02,0x00,0x01,0x49,0x01,0xDB,0x04,0xFF,0x01,0x92,
  0x09,0x00,0x01,0x92,0x01,0xFF,0x01,0xDB,0x01,0x49,0x06,0x00,0x01,0xDB,0x02,0x49,
  0x01,0xB6,0x01,0x49,0x0A,0x00,0x01,0x92,0x04,0x00,0x02,0x6D,0x01,0x00,0x01,0x24,
  0x05,0xFF,0x01,0x92,0x02,0x00,0x01,0x24,0x06,0xFF,0x01,0x6D,0x0A,0x00,0x03,0xFF,
  0xD8,0x00,0x01,0x49,0x01,0x92,0x31,0x00,0x01,0xDB,0x01,0x49,0xFF,0x00,0x0C,0x00,
  0x01,0x24,0x32,0x00,0x01,0xDB,0x01,0x49,0xFF,0x00,0x3F,0x00,0x01,0xB6,0xFF,0x00,
  0xFF,0x00,0xFF,0x00,0xFF,0x00,0xFF,0x00,0xFF,0x00,0xFF,0x00,0x7C,0x00,0x01,0x04,
  0xFF,0x00,0x3F,0x00,0x01,0x2E,0x01,0x7B,0x01,0x29,0xFF,0x00,0x3F,0x00,0x01,0x77,
  0x01,0x29,0xFF,0x00,0x35,0x00,0x01,0x04,0x01,0x77,0x08,0x00,0x01,0x77,0x01,0x29,
  0x2A,0x00,0x01,0x29,0xFF,0x00,0x01,0x29,0x01,0x52,0x04,0x77,0x01,0x29,0x03,0x00,
  0x01,0x25,0x01,0x77,0x08,0x00,0x01,0x77,0x01,0x29,0x0D,0x00,0x01,0x2E,0x01,0x53,
  0x0C,0x00,0x01,0x53,0x01,0x77,0x01,0x52,0x05,0x00,0x01,0x52,0x01,0x77,0x01,0x52,
  0x03,0x00,0x01,0x04,0x01,0x7B,0x03,0x77,0x01,0x4E,0x04,0x00,0x01,0x53,0x01,0x77,
  0x01,0x52,0xF5,0x00,0x01,0x29,0x01,0x77,0x02,0x00,0x01,0x29,0x01,0x7B,0x01,0x29,
  0x0C,0x00,0x01,0x77,0x01,0x29,0x0C,0x00,0x01,0x77,0x01,0x7B,0x01,0x77,0x0B,0x00,
  0x01,0x77,0x02,0x00,0x01,0x52,0x01,0x77,0x03,0x00,0x01,0x77,0x02,0x00,0x01,0x77,
  0x01,0x52,0x02,0x00,0x01,0x25,0x01,0x77,0x07,0x00,0x01,0x77,0x02,0x00,0x01,0x52,
  0x01,0x77,0xF4,0x00,0x01,0x29,0x01,0x77,0x03,0x00,0x01,0x77,0x01,0x29,0x01,0x00,
  0x01,0x04,0x01,0x4E,0x01,0x77,0x04,0x00,0x01,0x04,0x01,0x73,0x03,0x77,0x01,0x29,
  0x0D,0x00,0x01,0x73,0x01,0x7B,0x0A,0x00,0x01,0x2D,0x01,0x52,0x03,0x00,0x01,0x7B,
  0x01,0x25,0x01,0x00,0x01,0x29,0x01,0x77,0x02,0x00,0x01,0x2E,0x01,0x53,0x02,0x00,
  0x01,0x25,0x01,0x77,0x06,0x00,0x01,0x2D,0x01,0x52,0x03,0x00,0x01,0x7B,0x01,0x25,
  0xF3,0x00,0x01,0x29,0x01,0x77,0x02,0x00,0x01,0x29,0x01,0x52,0x03,0x00,0x01,0x29,
  0x01,0x7B,0x03,0x00,0x01,0x25,0x01,0x53,0x02,0x00,0x01,0x25,0x01,0x7B,0x01,0x29,
  0x0D,0x00,0x01,0x2D,0x01,0x7B,0x0A,0x00,0x01,0x52,0x01,0x2E,0x03,0x00,0x01,0x77,
  0x01,0x29,0x01,0x00,0x01,0x29,0x01,0x7B,0x01,0x4E,0x01,0x25,0x01,0x77,0x01,0x25,
  0x02,0x00,0x01,0x05,0x01,0x77,0x06,0x00,0x01,0x52,0x01,0x2E,0x03,0x00,0x01,0x77,
  0x01,0x29,0xF3,0x00,0x01,0x29,0x04,0x7B,0x01,0x52,0x03,0x00,0x01,0x05,0x01,0x7B,
  0x03,0x00,0x01,0x77,0x01,0x04,0x03,0x00,0x01,0x77,0x01,0x29,0x0D,0x00,0x01,0x29,
  0x01,0x7B,0x0A,0x00,0x01,0x77,0x01,0x29,0x03,0x00,0x01,0x77,0x01,0x2E,0x02,0x00,
  0x01,0x52,0x02,0x7B,0x01,0x4E,0x03,0x00,0x01,0x04,0x03,0x77,0x01,0x4E,0x03,0x00,
  0x01,0x77,0x01,0x29,0x03,0x00,0x01,0x77,0x01,0x2E,0xF3,0x00,0x01,0x29,0x01,0x7B,
  0x02,0x00,0x01,0x04,0x01,0x73,0x01,0x77,0x02,0x00,0x01,0x05,0x01,0x7B,0x02,0x00,
  0x01,0x04,0x01,0x7B,0x04,0x00,0x01,0x77,0x01,0x29,0x03,0x00,0x01,0x52,0x01,0x53,
  0x08,0x00,0x01,0x29,0x01,0x7B,0x0A,0x00,0x01,0x77,0x01,0x2D,0x03,0x00,0x01,0x77,
  0x01,0x2E,0x01,0x00,0x01,0x04,0x01,0x77,0x01,0x2D,0x01,0x52,0x01,0x7B,0x01,0x52,
  0x05,0x00,0x01,0x04,0x01,0x77,0x01,0x53,0x02,0x00,0x01,0x77,0x01,0x2D,0x03,0x00,
  0x01,0x77,0x01,0x2E,0xF3,0x00,0x01,0x29,0x01,0x77,0x04,0x00,0x01,0x7B,0x01,0x29,
  0x01,0x00,0x01,0x05,0x01,0x7B,0x02,0x00,0x01,0x25,0x01,0x77,0x04,0x00,0x01,0x77,
  0x01,0x29,0x03,0x00,0x02,0x29,0x08,0x00,0x01,0x29,0x01,0x7B,0x0A,0x00,0x01,0x53,
  0x01,0x4E,0x03,0x00,0x01,0x77,0x01,0x29,0x01,0x00,0x01,0x77,0x01,0x29,0x02,0x00,
  0x01,0x2D,0x01,0x7B,0x01,0x04,0x05,0x00,0x01,0x29,0x01,0x7B,0x02,0x00,0x01,0x53,
  0x01,0x4E,0x03,0x00,0x01,0x77,0x01,0x29,0xF3,0x00,0x01,0x29,0x01,0x77,0x04,0x00,
  0x01,0x7B,0x01,0x29,0x01,0x00,0x01,0x05,0x01,0x7B,0x03,0x00,0x01,0x7B,0x01,0x04,
  0x03,0x00,0x01,0x77,0x01,0x29,0x0D,0x00,0x01,0x29,0x01,0x7B,0x0A,0x00,0x01,0x4E,
  0x01,0x53,0x03,0x00,0x01,0x77,0x02,0x00,0x01,0x7B,0x01,0x29,0x03,0x00,0x01,0x7B,
  0x01,0x04,0x05,0x00,0x01,0x25,0x01,0x53,0x02,0x00,0x01,0x4E,0x01,0x53,0x03,0x00,
  0x01,0x77,0xF4,0x00,0x01,0x29,0x01,0x7B,0x03,0x00,0x01,0x4E,0x01,0x77,0x02,0x00,
  0x01,0x05,0x01,0x7B,0x03,0x00,0x01,0x52,0x01,0x77,0x02,0x00,0x01,0x4E,0x01,0x77,
  0x01,0x29,0x03,0x00,0x01,0x29,0x01,0x25,0x08,0x00,0x01,0x29,0x01,0x7B,0x05,0x00,
  0x01,0x29,0x01,0x25,0x03,0x00,0x01,0x04,0x01,0x7B,0x01,0x29,0x01,0x00,0x02,0x29,
  0x02,0x00,0x01,0x4E,0x01,0x77,0x01,0x04,0x01,0x00,0x01,0x29,0x01,0x4E,0x06,0x00,
  0x01,0x52,0x01,0x04,0x02,0x00,0x01,0x04,0x01,0x7B,0x01,0x29,0x01,0x00,0x02,0x29,
  0xF3,0x00,0x01,0x29,0x01,0x77,0x02,0x7B,0x02,0x77,0x01,0x52,0x02,0x00,0x01,0x04,
  0x01,0x52,0x01,0x7B,0x01,0x4E,0x03,0x00,0x01,0x52,0x01,0x77,0x01,0x53,0x01,0x04,
  0x01,0x4E,0x01,0x53,0x01,0x25,0x02,0x00,0x01,0x53,0x01,0x77,0x06,0x00,0x01,0x52,
  0x01,0x77,0x02,0x7B,0x01,0x77,0x01,0x53,0x03,0x00,0x01,0x53,0x01,0x77,0x04,0x00,
  0x01,0x29,0x02,0x77,0x01,0x29,0x04,0x00,0x01,0x4E,0x02,0x77,0x01,0x2D,0x03,0x00,
  0x01,0x4E,0x02,0x77,0x01,0x52,0x01,0x04,0x04,0x00,0x01,0x29,0x02,0x77,0x01,0x29,
  0xFF,0x00,0xFF,0x00,0xFF,0x00,0xFF,0x00,0xFF,0x00,0xFF,0x00,0xFF,0x00,0xFF,0x00,
  0xFF,0x00,0xFF,0x00,0xFF,0x00,0xFF,0x00,0x4E,0x00,0x01,0x04,0x01,0x53,0x01,0x77,
  0xFF,0x00,0x32,0x00,0x01,0x04,0x0C,0x00,0x01,0x29,0x01,0x77,0xFF,0x00,0x31,0x00,
  0x02,0x52,0x0C,0x00,0x01,0x29,0x01,0x77,0x2F,0x00,0x01,0x29,0xFF,0x00,0x01,0x00,
  0x01,0x77,0x01,0x7B,0x0C,0x00,0x01,0x29,0x01,0x77,0x12,0x00,0x01,0x2E,0x01,0x53,
  0x0C,0x00,0x01,0x53,0x01,0x77,0x01,0x52,0x05,0x00,0x01,0x52,0x01,0x77,0x01,0x52,
  0x03,0x00,0x01,0x04,0x01,0x7B,0x03,0x77,0x01,0x4E,0x03,0x00,0x01,0x52,0x01,0x7B,
  0x01,0x53,0x01,0x29,0xF4,0x00,0x01,0x29,0x01,0x4E,0x01,0x77,0x01,0x29,0x0B,0x00,
  0x01,0x29,0x01,0x77,0x11,0x00,0x01,0x77,0x01,0x7B,0x01,0x77,0x0B,0x00,0x01,0x77,
  0x02,0x00,0x01,0x52,0x01,0x77,0x03,0x00,0x01,0x77,0x02,0x00,0x01,0x77,0x01,0x52,
  0x02,0x00,0x01,0x25,0x01,0x77,0x07,0x00,0x01,0x4E,0x01,0x52,0x01,0x77,0x01,0x7B,
  0x01,0x29,0xF3,0x00,0x01,0x52,0x01,0x05,0x01,0x4E,0x01,0x52,0x04,0x00,0x01,0x25,
  0x02,0x77,0x01,0x53,0x01,0x04,0x02,0x00,0x01,0x29,0x01,0x77,0x02,0x00,0x01,0x77,
  0x02,0x7B,0x01,0x04,0x0C,0x00,0x01,0x73,0x01,0x7B,0x0A,0x00,0x01,0x2D,0x01,0x52,
  0x03,0x00,0x01,0x7B,0x01,0x25,0x01,0x00,0x01,0x29,0x01,0x77,0x02,0x00,0x01,0x2E,
  0x01,0x53,0x02,0x00,0x01,0x25,0x01,0x77,0x0A,0x00,0x01,0x7B,0x01,0x77,0xF3,0x00,
  0x01,0x77,0x01,0x00,0x01,0x04,0x01,0x7B,0x04,0x00,0x01,0x77,0x02,0x00,0x01,0x4E,
  0x01,0x29,0x02,0x00,0x01,0x29,0x01,0x77,0x02,0x00,0x01,0x4E,0x01,0x52,0x0E,0x00,
  0x01,0x2D,0x01,0x7B,0x0A,0x00,0x01,0x52,0x01,0x2E,0x03,0x00,0x01,0x77,0x01,0x29,
  0x01,0x00,0x01,0x29,0x01,0x7B,0x01,0x4E,0x01,0x25,0x01,0x77,0x01,0x25,0x02,0x00,
  0x01,0x05,0x01,0x77,0x0A,0x00,0x01,0x77,0x01,0x52,0xF2,0x00,0x01,0x29,0x01,0x4E,
  0x02,0x00,0x01,0x77,0x01,0x29,0x03,0x00,0x01,0x7B,0x01,0x29,0x05,0x00,0x01,0x29,
  0x01,0x77,0x01,0x00,0x01,0x4E,0x01,0x2D,0x0F,0x00,0x01,0x29,0x01,0x7B,0x0A,0x00,
  0x01,0x77,0x01,0x29,0x03,0x00,0x01,0x77,0x01,0x2E,0x02,0x00,0x01,0x52,0x02,0x7B,
  0x01,0x4E,0x03,0x00,0x01,0x04,0x03,0x77,0x01,0x4E,0x07,0x00,0x01,0x7B,0x01,0x04,
  0xF2,0x00,0x01,0x52,0x03,0x77,0x01,0x7B,0x01,0x53,0x03,0x00,0x01,0x25,0x01,0x77,
  0x01,0x53,0x01,0x04,0x03,0x00,0x01,0x29,0x01,0x77,0x01,0x52,0x01,0x29,0x06,0x00,
  0x01,0x52,0x01,0x53,0x08,0x00,0x01,0x29,0x01,0x7B,0x0A,0x00,0x01,0x77,0x01,0x2D,
  0x03,0x00,0x01,0x77,0x01,0x2E,0x01,0x00,0x01,0x04,0x01,0x77,0x01,0x2D,0x01,0x52,
  0x01,0x7B,0x01,0x52,0x05,0x00,0x01,0x04,0x01,0x77,0x01,0x53,0x05,0x00,0x01,0x53,
  0x01,0x2E,0xF3,0x00,0x01,0x77,0x03,0x00,0x01,0x05,0x01,0x7B,0x05,0x00,0x01,0x2E,
  0x01,0x7B,0x01,0x29,0x02,0x00,0x01,0x29,0x01,0x77,0x01,0x4E,0x01,0x77,0x06,0x00,
  0x02,0x29,0x08,0x00,0x01,0x29,0x01,0x7B,0x0A,0x00,0x01,0x53,0x01,0x4E,0x03,0x00,
  0x01,0x77,0x01,0x29,0x01,0x00,0x01,0x77,0x01,0x29,0x02,0x00,0x01,0x2D,0x01,0x7B,
  0x01,0x04,0x05,0x00,0x01,0x29,0x01,0x7B,0x04,0x00,0x01,0x2E,0x01,0x53,0xF3,0x00,
  0x01,0x29,0x01,0x4E,0x04,0x00,0x01,0x77,0x01,0x2D,0x02,0x00,0x01,0x04,0x02,0x00,
  0x01,0x29,0x01,0x53,0x02,0x00,0x01,0x29,0x01,0x77,0x01,0x00,0x02,0x52,0x0F,0x00,
  0x01,0x29,0x01,0x7B,0x0A,0x00,0x01,0x4E,0x01,0x53,0x03,0x00,0x01,0x77,0x02,0x00,
  0x01,0x7B,0x01,0x29,0x03,0x00,0x01,0x7B,0x01,0x04,0x05,0x00,0x01,0x25,0x01,0x53,
  0x03,0x00,0x01,0x25,0x01,0x7B,0xF4,0x00,0x01,0x52,0x01,0x29,0x04,0x00,0x01,0x4E,
  0x01,0x77,0x01,0x00,0x01,0x04,0x01,0x53,0x02,0x00,0x02,0x4E,0x02,0x00,0x01,0x29,
  0x01,0x77,0x02,0x00,0x01,0x77,0x01,0x52,0x04,0x00,0x01,0x29,0x01,0x25,0x08,0x00,
  0x01,0x29,0x01,0x7B,0x05,0x00,0x01,0x29,0x01,0x25,0x03,0x00,0x01,0x04,0x01,0x7B,
  0x01,0x29,0x01,0x00,0x02,0x29,0x02,0x00,0x01,0x4E,0x01,0x77,0x01,0x04,0x01,0x00,
  0x01,0x29,0x01,0x4E,0x06,0x00,0x01,0x52,0x01,0x04,0x03,0x00,0x01,0x77,0x01,0x4E,
  0xF3,0x00,0x01,0x77,0x02,0x7B,0x01,0x29,0x02,0x00,0x01,0x2E,0x02,0x7B,0x01,0x77,
  0x01,0x00,0x01,0x52,0x02,0x77,0x01,0x4E,0x02,0x00,0x01,0x25,0x01,0x77,0x01,0x7B,
  0x01,0x29,0x02,0x00,0x01,0x77,0x01,0x52,0x01,0x04,0x02,0x00,0x01,0x53,0x01,0x77,
  0x06,0x00,0x01,0x52,0x01,0x77,0x02,0x7B,0x01,0x77,0x01,0x53,0x03,0x00,0x01,0x53,
  0x01,0x77,0x04,0x00,0x01,0x29,0x02,0x77,0x01,0x29,0x04,0x00,0x01,0x4E,0x02,0x77,
  0x01,0x2D,0x03,0x00,0x01,0x4E,0x02,0x77,0x01,0x52,0x01,0x04,0x03,0x00,0x01,0x2D,
  0x01,0x7B,0x04,0x77,0x01,0x04,0xFF,0x00,0xFF,0x00,0xFF,0x00,0xFF,0x00,0xFF,0x00,
  0xFF,0x00,0xFF,0x00,0xFF,0x00,0xFF,0x00,0xFF,0x00,0xFF,0x00,0xFF,0x00,0xFF,0x00,
  0xFF,0x00,0xFF,0x00,0xDB,0x00,0x01,0xB1,0x01,0xFA,0x01,0xD5,0x01,0x68,0x12,0x00,
  0x01,0x20,0x01,0xD5,0x01,0xFA,0x01,0xB1,0x0A,0x00,0x01,0x20,0x01,0xD5,0x01,0xFA,
  0x01,0xB1,0x04,0x00,0x01,0x20,0x01,0xD5,0x01,0xFA,0x01,0xB1,0x04,0x00,0x01,0x20,
  0x01,0xD5,0x01,0xFA,0x01,0xB1,0x04,0x00,0x01,0xB1,0x01,0xFA,0x01,0xD5,0x01,0x68,
  0xDA,0x00,0x01,0x6D,0x0A,0x00,0x01,0x44,0x01,0xD5,0x01,0x6D,0x05,0x00,0x01,0x44,
  0x01,0x24,0x05,0x00,0x01,0x44,0x01,0xD5,0x01,0x6D,0x09,0x00,0x01,0x8D,0x01,0xB1,
  0x02,0xFA,0x01,0x68,0x11,0x00,0x01,0xD5,0x02,0x00,0x01,0xB1,0x01,0xD5,0x09,0x00,
  0x01,0xD5,0x02,0x00,0x01,0xB1,0x01,0xD5,0x03,0x00,0x01,0xD5,0x02,0x00,0x01,0xB1,
  0x01,0xD5,0x03,0x00,0x01,0xD5,0x02,0x00,0x01,0xB1,0x01,0xD5,0x03,0x00,0x01,0x8D,
  0x01,0xB1,0x02,0xFA,0x01,0x68,0x10,0x00,0x01,0x68,0x03,0x00,0x01,0x8D,0x03,0x00,
  0x01,0x48,0x01,0x24,0x07,0x00,0x01,0x44,0x01,0xD5,0x01,0x6D,0x06,0x00,0x01,0x6D,
  0xAD,0x00,0x01,0xD5,0x07,0xFA,0x01,0x6D,0x02,0x00,0x01,0x20,0x01,0xB1,0x01,0xB5,
  0x02,0xFA,0x01,0x44,0x03,0x00,0x02,0xFA,0x01,0x6D,0x03,0x00,0x01,0x20,0x01,0xB1,
  0x01,0xB5,0x02,0xFA,0x01,0x44,0x09,0x00,0x01,0x24,0x01,0xFA,0x01,0xD5,0x10,0x00,
  0x01,0x6D,0x01,0xB1,0x02,0x00,0x01,0x20,0x01,0xFA,0x01,0x44,0x07,0x00,0x01,0x6D,
  0x01,0xB1,0x02,0x00,0x01,0x20,0x01,0xFA,0x01,0x44,0x01,0x00,0x01,0x6D,0x01,0xB1,
  0x02,0x00,0x01,0x20,0x01,0xFA,0x01,0x44,0x01,0x00,0x01,0x6D,0x01,0xB1,0x02,0x00,
  0x01,0x20,0x01,0xFA,0x01,0x44,0x04,0x00,0x01,0x24,0x01,0xFA,0x01,0xD5,0x0F,0x00,
  0x01,0x24,0x06,0xFA,0x01,0x24,0x01,0x00,0x04,0xFA,0x01,0xB1,0x03,0x00,0x01,0x20,
  0x01,0xB1,0x01,0xB5,0x02,0xFA,0x01,0x44,0x03,0x00,0x01,0xD5,0x07,0xFA,0x01,0x6D,
  0xA6,0x00,0x01,0xB1,0x01,0xFA,0x05,0x68,0x02,0xD5,0x02,0x00,0x01,0xB5,0x01,0x24,
  0x01,0x00,0x01,0x24,0x01,0xD5,0x01,0xF9,0x03,0x00,0x01,0x68,0x02,0xFA,0x01,0xB1,
  0x02,0x00,0x01,0xB5,0x01,0x24,0x01,0x00,0x01,0x24,0x01,0xD5,0x01,0xF9,0x0A,0x00,
  0x01,0xD5,0x01,0xB1,0x05,0x00,0x06,0xF9,0x01,0x68,0x04,0x00,0x01,0xB5,0x01,0x6D,
  0x03,0x00,0x01,0xFA,0x01,0x6C,0x07,0x00,0x01,0xB5,0x01,0x6D,0x03,0x00,0x01,0xFA,
  0x01,0x6C,0x01,0x00,0x01,0xB5,0x01,0x6D,0x03,0x00,0x01,0xFA,0x01,0x6C,0x01,0x00,
  0x01,0xB5,0x01,0x6D,0x03,0x00,0x01,0xFA,0x01,0x6C,0x05,0x00,0x01,0xD5,0x01,0xB1,
  0x05,0x00,0x06,0xF9,0x01,0x68,0x03,0x00,0x01,0x24,0x03,0x68,0x01,0x8D,0x01,0xFA,
  0x01,0x6D,0x01,0x00,0x01,0x24,0x03,0x68,0x01,0x8D,0x01,0xFA,0x01,0xB1,0x02,0x00,
  0x01,0xB5,0x01,0x24,0x01,0x00,0x01,0x24,0x01,0xD5,0x01,0xF9,0x03,0x00,0x01,0xB1,
  0x01,0xFA,0x05,0x68,0x02,0xD5,0xA7,0x00,0x01,0xFA,0x01,0x24,0x04,0x00,0x01,0x68,
  0x01,0xD5,0x02,0x00,0x01,0xFA,0x01,0x44,0x03,0x00,0x01,0xFA,0x01,0x24,0x04,0x00,
  0x01,0xD5,0x01,0xFA,0x02,0x00,0x01,0xFA,0x01,0x44,0x03,0x00,0x01,0xFA,0x01,0x24,
  0x08,0x00,0x01,0x24,0x01,0xFA,0x01,0x24,0x10,0x00,0x01,0xD5,0x01,0x6C,0x03,0x00,
  0x01,0xD5,0x01,0x8D,0x07,0x00,0x01,0xD5,0x01,0x6C,0x03,0x00,0x01,0xD5,0x01,0x8D,
  0x01,0x00,0x01,0xD5,0x01,0x6C,0x03,0x00,0x01,0xD5,0x01,0x8D,0x01,0x00,0x01,0xD5,
  0x01,0x6C,0x03,0x00,0x01,0xD5,0x01,0x8D,0x04,0x00,0x01,0x24,0x01,0xFA,0x01,0x24,
  0x14,0x00,0x01,0xFA,0x07,0x00,0x01,0x48,0x01,0xFA,0x02,0x00,0x01,0xFA,0x01,0x44,
  0x03,0x00,0x01,0xFA,0x01,0x24,0x03,0x00,0x01,0xFA,0x01,0x24,0x04,0x00,0x01,0x68,
  0x01,0xD5,0xA7,0x00,0x01,0xD5,0x01,0x48,0x04,0x00,0x01,0x6D,0x01,0x8D,0x02,0x00,
  0x01,0xB5,0x01,0xFA,0x01,0x48,0x02,0x00,0x01,0xD5,0x01,0x44,0x04,0x00,0x01,0x8D,
  0x01,0xB5,0x02,0x00,0x01,0xB5,0x01,0xFA,0x01,0x48,0x02,0x00,0x01,0xD5,0x01,0x44,
  0x08,0x00,0x01,0xD5,0x01,0x8D,0x11,0x00,0x01,0xD5,0x01,0x6D,0x03,0x00,0x01,0xD5,
  0x01,0x6D,0x07,0x00,0x01,0xD5,0x01,0x6D,0x03,0x00,0x01,0xD5,0x01,0x6D,0x01,0x00,
  0x01,0xD5,0x01,0x6D,0x03,0x00,0x01,0xD5,0x01,0x6D,0x01,0x00,0x01,0xD5,0x01,0x6D,
  0x03,0x00,0x01,0xD5,0x01,0x6D,0x04,0x00,0x01,0xD5,0x01,0x8D,0x15,0x00,0x01,0xFA,
  0x08,0x00,0x01,0xFA,0x01,0x24,0x01,0x00,0x01,0xB5,0x01,0xFA,0x01,0x48,0x02,0x00,
  0x01,0xD5,0x01,0x44,0x03,0x00,0x01,0xD5,0x01,0x48,0x04,0x00,0x01,0x6D,0x01,0x8D,
  0xA7,0x00,0x02,0x91,0x04,0x00,0x01,0xD5,0x04,0x00,0x01,0x8D,0x03,0x00,0x01,0xB5,
  0x01,0x48,0x04,0x00,0x01,0xD9,0x01,0x24,0x03,0x00,0x01,0x8D,0x03,0x00,0x01,0xB5,
  0x01,0x48,0x07,0x00,0x01,0x8D,0x01,0xD5,0x07,0x00,0x06,0xF9,0x01,0x68,0x04,0x00,
  0x01,0xD5,0x01,0x91,0x03,0x00,0x01,0xF9,0x01,0x48,0x07,0x00,0x01,0xD5,0x01,0x91,
  0x03,0x00,0x01,0xF9,0x01,0x48,0x01,0x00,0x01,0xD5,0x01,0x91,0x03,0x00,0x01,0xF9,
  0x01,0x48,0x01,0x00,0x01,0xD5,0x01,0x91,0x03,0x00,0x01,0xF9,0x01,0x48,0x03,0x00,
  0x01,0x8D,0x01,0xD5,0x07,0x00,0x06,0xF9,0x01,0x68,0x08,0x00,0x01,0xFA,0x08,0x00,
  0x01,0xF9,0x01,0x44,0x02,0x00,0x01,0x8D,0x03,0x00,0x01,0xB5,0x01,0x48,0x03,0x00,
  0x02,0x91,0x04,0x00,0x01,0xD5,0xA8,0x00,0x01,0x48,0x01,0xD9,0x03,0x00,0x02,0x6D,
  0x08,0x00,0x01,0xB1,0x01,0x48,0x03,0x00,0x02,0x48,0x08,0x00,0x01,0xB1,0x01,0x48,
  0x06,0x00,0x01,0x44,0x01,0xFA,0x01,0x24,0x12,0x00,0x01,0x91,0x01,0xD5,0x03,0x00,
  0x01,0xFA,0x08,0x00,0x01,0x91,0x01,0xD5,0x03,0x00,0x01,0xFA,0x02,0x00,0x01,0x91,
  0x01,0xD5,0x03,0x00,0x01,0xFA,0x02,0x00,0x01,0x91,0x01,0xD5,0x03,0x00,0x01,0xFA,
  0x03,0x00,0x01,0x44,0x01,0xFA,0x01,0x24,0x16,0x00,0x01,0xFA,0x01,0x20,0x07,0x00,
  0x01,0xD5,0x01,0x48,0x06,0x00,0x01,0xB1,0x01,0x48,0x03,0x00,0x01,0x48,0x01,0xD9,
  0x03,0x00,0x02,0x6D,0xA9,0x00,0x01,0xFA,0x01,0x91,0x01,0x8D,0x01,0xD5,0x01,0x8D,
  0x04,0x00,0x01,0x44,0x04,0x68,0x01,0xD5,0x09,0x00,0x01,0x44,0x04,0x68,0x01,0xD5,
  0x07,0x00,0x01,0xF9,0x01,0x91,0x13,0x00,0x01,0x24,0x01,0xFA,0x01,0x48,0x01,0x00,
  0x01,0x68,0x01,0x6C,0x03,0x00,0x01,0x48,0x01,0x44,0x03,0x00,0x01,0x24,0x01,0xFA,
  0x01,0x48,0x01,0x00,0x01,0x68,0x01,0x6C,0x02,0x00,0x01,0x24,0x01,0xFA,0x01,0x48,
  0x01,0x00,0x01,0x68,0x01,0x6C,0x02,0x00,0x01,0x24,0x01,0xFA,0x01,0x48,0x01,0x00,
  0x01,0x68,0x01,0x6C,0x03,0x00,0x01,0xF9,0x01,0x91,0x17,0x00,0x01,0xFA,0x01,0x24,
  0x07,0x00,0x01,0xD5,0x01,0x48,0x01,0x00,0x01,0x44,0x04,0x68,0x01,0xD5,0x05,0x00,
  0x01,0xFA,0x01,0x91,0x01,0x8D,0x01,0xD5,0x01,0x8D,0xAA,0x00,0x01,0x8D,0x01,0xFA,
  0x01,0xD5,0x01,0x48,0x04,0x00,0x01,0x20,0x05,0xFA,0x01,0x91,0x08,0x00,0x01,0x20,
  0x05,0xFA,0x01,0x91,0x06,0x00,0x01,0x6D,0x02,0xFA,0x02,0xF9,0x01,0xD5,0x01,0x24,
  0x10,0x00,0x01,0x68,0x02,0xF9,0x01,0x6D,0x04,0x00,0x02,0xD5,0x04,0x00,0x01,0x68,
  0x02,0xF9,0x01,0x6D,0x04,0x00,0x01,0x68,0x02,0xF9,0x01,0x6D,0x04,0x00,0x01,0x68,
  0x02,0xF9,0x01,0x6D,0x03,0x00,0x01,0x6D,0x02,0xFA,0x02,0xF9,0x01,0xD5,0x01,0x24,
  0x13,0x00,0x01,0x8D,0x08,0x00,0x01,0x8D,0x01,0x00,0x01,0x20,0x05,0xFA,0x01,0x91,
  0x05,0x00,0x01,0x8D,0x01,0xFA,0x01,0xD5,0x01,0x48,0xEF,0x00,0x01,0x20,0xFF,0x00,
  0xFF,0x00,0xFF,0x00,0xFF,0x00,0xFF,0x00,0xFF,0x00,0xFF,0x00,0xFF,0x00,0xFF,0x00,
  0xFF,0x00,0xFF,0x00,0xFF,0x00,0xFF,0x00,0xFF,0x00,0xFF,0x00,0xFF,0x00,0x31,0x00,
  0x01,0x6D,0x0A,0x00,0x01,0x6D,0x09,0x00,0x01,0x49,0x01,0x24,0x06,0x00,0x01,0xB6,
  0x01,0x92,0x04,0x00,0x01,0x49,0x01,0x24,0x06,0x00,0x01,0x49,0x01,0x24,0x09,0x00,
  0x01,0xB6,0x01,0x92,0x04,0x00,0x01,0x49,0x01,0x24,0x04,0x00,0x01,0xB6,0x01,0x92,
  0x05,0x00,0x01,0xB6,0x14,0x00,0x01,0x49,0x01,0x24,0x04,0x00,0x01,0x49,0x01,0x24,
  0xD9,0x00,0x01,0xB6,0x06,0xFF,0x01,0x6D,0x03,0x00,0x01,0xDB,0x07,0xFF,0x01,0x6D,
  0x02,0x00,0x04,0xFF,0x01,0xB6,0x03,0x00,0x01,0xDB,0x01,0xFF,0x01,0xDB,0x02,0x00,
  0x01,0x24,0x04,0xFF,0x01,0xDB,0x01,0x24,0x01,0x00,0x01,0x24,0x04,0xFF,0x01,0xDB,
  0x01,0x24,0x04,0x00,0x01,0x24,0x02,0xFF,0x01,0xDB,0x03,0x00,0x02,0xFF,0x01,0x6D,
  0x03,0x00,0x01,0xDB,0x01,0xFF,0x01,0xDB,0x03,0x00,0x01,0xDB,0x07,0xFF,0x01,0x6D,
  0x02,0x00,0x01,0xDB,0x01,0x6D,0x02,0x00,0x01,0x6D,0x01,0xDB,0x01,0xFF,0x01,0xB6,
  0x03,0x00,0x02,0xFF,0x01,0x6D,0x02,0x00,0x01,0x24,0x04,0xFF,0x01,0xDB,0x01,0x24,
  0xD5,0x00,0x06,0x6D,0x01,0xB6,0x01,0xFF,0x03,0x00,0x01,0xB6,0x01,0xFF,0x05,0x6D,
  0x02,0xDB,0x01,0x00,0x01,0x24,0x03,0x6D,0x01,0x92,0x01,0xFF,0x01,0xB6,0x03,0x00,
  0x01,0x92,0x01,0xFF,0x01,0x92,0x01,0x00,0x01,0x24,0x04,0x6D,0x01,0xFF,0x01,0x92,
  0x01,0x00,0x01,0x24,0x04,0x6D,0x01,0xFF,0x01,0x92,0x06,0x00,0x01,0x92,0x01,0xFF,
  0x01,0x92,0x02,0x00,0x01,0x6D,0x02,0xFF,0x01,0xB6,0x03,0x00,0x01,0x92,0x01,0xFF,
  0x01,0x92,0x02,0x00,0x01,0x49,0x01,0xFF,0x01,0x92,0x04,0x6D,0x02,0xDB,0x02,0x00,
  0x02,0xDB,0x01,0x00,0x01,0x49,0x01,0xDB,0x01,0x6D,0x01,0x92,0x01,0xFF,0x01,0xB6,
  0x02,0x00,0x01,0x6D,0x02,0xFF,0x01,0xB6,0x01,0x00,0x01,0x24,0x04,0x6D,0x01,0xFF,
  0x01,0x92,0x0B,0x00,0x03,0xFF,0xC8,0x00,0x01,0x49,0x05,0x00,0x01,0xFF,0x01,0x24,
  0x03,0x00,0x01,0xFF,0x01,0x24,0x04,0x00,0x01,0x6D,0x01,0xDB,0x06,0x00,0x01,0x49,
  0x01,0xFF,0x04,0x00,0x02,0xB6,0x06,0x00,0x01,0x6D,0x01,0x92,0x06,0x00,0x01,0x6D,
  0x01,0x92,0x07,0x00,0x02,0xB6,0x04,0x00,0x01,0xDB,0x01,0xFF,0x04,0x00,0x02,0xB6,
  0x03,0x00,0x01,0xFF,0x01,0x24,0x04,0x00,0x01,0x6D,0x01,0xB6,0x02,0x00,0x01,0x49,
  0x01,0xFF,0x05,0x00,0x01,0x6D,0x01,0xFF,0x04,0x00,0x01,0xDB,0x01,0xFF,0x06,0x00,
  0x01,0x6D,0x01,0x92,0x0A,0x00,0x05,0xFF,0xC7,0x00,0x01,0xFF,0x05,0x00,0x01,0xFF,
  0x01,0x24,0x03,0x00,0x01,0xDB,0x01,0x49,0x04,0x00,0x01,0x6D,0x01,0x92,0x07,0x00,
  0x01,0xFF,0x01,0x24,0x03,0x00,0x01,0x92,0x01,0xB6,0x06,0x00,0x01,0x6D,0x01,0xB6,
  0x06,0x00,0x01,0x6D,0x01,0xB6,0x07,0x00,0x01,0x6D,0x01,0xDB,0x04,0x00,0x01,0x92,
  0x01,0xB6,0x04,0x00,0x01,0x92,0x01,0xB6,0x03,0x00,0x01,0xFF,0x01,0x49,0x04,0x00,
  0x01,0x92,0x01,0x6D,0x03,0x00,0x01,0xFF,0x01,0x49,0x05,0x00,0x01,0xFF,0x04,0x00,
  0x01,0x92,0x01,0xB6,0x06,0x00,0x01,0x6D,0x01,0xB6,0x09,0x00,0x07,0xFF,0xC6,0x00,
  0x01,0xFF,0x05,0x00,0x01,0xDB,0x01,0x49,0x03,0x00,0x02,0x92,0x04,0x00,0x01,0xDB,
  0x08,0x00,0x01,0xFF,0x01,0x49,0x03,0x00,0x01,0x6D,0x01,0xB6,0x06,0x00,0x01,0x6D,
  0x01,0xB6,0x06,0x00,0x01,0x6D,0x01,0xB6,0x07,0x00,0x01,0x6D,0x01,0xDB,0x04,0x00,
  0x01,0xDB,0x01,0x24,0x04,0x00,0x01,0x6D,0x01,0xB6,0x03,0x00,0x01,0xFF,0x01,0x49,
  0x04,0x00,0x01,0xB6,0x04,0x00,0x01,0xB6,0x01,0x6D,0x04,0x00,0x01,0x24,0x01,0xB6,
  0x04,0x00,0x01,0xDB,0x01,0x24,0x06,0x00,0x01,0x6D,0x01,0xB6,0x09,0x00,0x07,0xFF,
  0xC6,0x00,0x01,0xFF,0x05,0x00,0x01,0xDB,0x01,0x49,0x03,0x00,0x01,0x49,0x01,0xDB,
  0x03,0x00,0x02,0x6D,0x08,0x00,0x01,0xDB,0x01,0x49,0x03,0x00,0x01,0x6D,0x01,0xB6,
  0x06,0x00,0x01,0x6D,0x01,0xB6,0x06,0x00,0x01,0x6D,0x01,0xB6,0x07,0x00,0x01,0x49,
  0x01,0xDB,0x03,0x00,0x02,0x49,0x05,0x00,0x01,0x6D,0x01,0xB6,0x03,0x00,0x01,0xDB,
  0x01,0x49,0x03,0x00,0x01,0x6D,0x01,0x49,0x04,0x00,0x01,0x6D,0x01,0xB6,0x04,0x00,
  0x01,0xB6,0x04,0x00,0x02,0x49,0x07,0x00,0x01,0x6D,0x01,0xB6,0x09,0x00,0x07,0xFF,
  0xC6,0x00,0x01,0xFF,0x05,0x00,0x01,0xDB,0x01,0x49,0x04,0x00,0x01,0xFF,0x02,0x92,
  0x01,0xDB,0x01,0x92,0x09,0x00,0x01,0xDB,0x01,0x49,0x03,0x00,0x01,0x6D,0x01,0xB6,
  0x02,0x00,0x01,0x49,0x03,0x6D,0x01,0xB6,0x01,0xFF,0x01,0x49,0x01,0x00,0x01,0x49,
  0x03,0x6D,0x01,0xB6,0x01,0xFF,0x01,0x49,0x06,0x00,0x01,0x49,0x01,0xDB,0x0A,0x00,
  0x01,0x6D,0x01,0xB6,0x03,0x00,0x01,0xDB,0x01,0x49,0x01,0x00,0x01,0x92,0x01,0xFF,
  0x01,0x92,0x05,0x00,0x01,0x24,0x01,0xFF,0x01,0x92,0x01,0x6D,0x01,0x92,0x01,0xDB,
  0x01,0x49,0x09,0x00,0x01,0x49,0x03,0x6D,0x01,0xB6,0x01,0xFF,0x01,0x49,0x09,0x00,
  0x05,0xFF,0xC7,0x00,0x01,0x92,0x05,0x00,0x01,0x92,0x05,0x00,0x01,0x92,0x01,0xFF,
  0x01,0xDB,0x01,0x49,0x0A,0x00,0x01,0x92,0x04,0x00,0x02,0x6D,0x01,0x00,0x01,0x24,
  0x06,0xFF,0x01,0x6D,0x01,0x24,0x06,0xFF,0x01,0x6D,0x06,0x00,0x01,0x49,0x01,0xDB,
  0x0A,0x00,0x02,0x6D,0x03,0x00,0x01,0xDB,0x02,0x49,0x01,0xB6,0x01,0x49,0x07,0x00,
  0x01,0x92,0x02,0xFF,0x01,0x92,0x01,0x24,0x09,0x00,0x01,0x24,0x06,0xFF,0x01,0x6D,
  0x0A,0x00,0x03,0xFF,0xFF,0x00,0x01,0x00,0x01,0x49,0x01,0xDB,0x0F,0x00,0x01,0xDB,
  0x01,0x49,0xFF,0x00,0x2E,0x00,0x01,0x49,0x01,0xDB,0x0F,0x00,0x01,0xDB,0x01,0x49,
  0xFF,0x00,0x2E,0x00,0x01,0x24,0x01,0xB6,0x0F,0x00,0x01,0xB6,0xFF,0x00,0xFF,0x00,
  0xFF,0x00,0xFF,0x00,0xFF,0x00,0xFF,0x00,0xFF,0x00,0x0F,0x00,0x01,0x04,0xFF,0x00,
  0x3F,0x00,0x01,0x2E,0x01,0x7B,0x01,0x29,0x57,0x00,0x01,0x04,0x01,0x53,0x01,0x77,
  0xE4,0x00,0x01,0x77,0x01,0x29,0x4B,0x00,0x01,0x04,0x0C,0x00,0x01,0x29,0x01,0x77,
  0xDA,0x00,0x01,0x04,0x01,0x77,0x08,0x00,0x01,0x77,0x01,0x29,0x3B,0x00,0x01,0x29,
  0x0E,0x00,0x02,0x52,0x0C,0x00,0x01,0x29,0x01,0x77,0x40,0x00,0x01,0x29,0x8F,0x00,
  0x01,0x29,0x01,0x52,0x04,0x77,0x01,0x29,0x03,0x00,0x01,0x25,0x01,0x77,0x08,0x00,
  0x01,0x77,0x01,0x29,0x0B,0x00,0x01,0x4E,0x05,0x7B,0x01,0x4E,0x03,0x00,0x01,0x53,
  0x01,0x77,0x01,0x52,0x0B,0x00,0x01,0x53,0x01,0x77,0x01,0x52,0x05,0x00,0x01,0x53,
  0x01,0x77,0x01,0x52,0x05,0x00,0x01,0x53,0x01,0x77,0x01,0x52,0x04,0x00,0x01,0x29,
  0x03,0x77,0x01,0x29,0x0B,0x00,0x01,0x77,0x01,0x7B,0x0C,0x00,0x01,0x29,0x01,0x77,
  0x10,0x00,0x01,0x4E,0x05,0x7B,0x01,0x4E,0x03,0x00,0x01,0x53,0x01,0x77,0x01,0x52,
  0x0B,0x00,0x01,0x53,0x01,0x77,0x01,0x52,0x05,0x00,0x01,0x2E,0x01,0x53,0x06,0x00,
  0x01,0x53,0x01,0x77,0x01,0x52,0x04,0x00,0x01,0x29,0x03,0x77,0x01,0x29,0x8D,0x00,
  0x01,0x29,0x01,0x77,0x02,0x00,0x01,0x29,0x01,0x7B,0x01,0x29,0x0C,0x00,0x01,0x77,
  0x01,0x29,0x0B,0x00,0x04,0x25,0x01,0x52,0x01,0x7B,0x03,0x00,0x01,0x77,0x02,0x00,
  0x01,0x52,0x01,0x77,0x09,0x00,0x01,0x77,0x02,0x00,0x01,0x52,0x01,0x77,0x03,0x00,
  0x01,0x77,0x02,0x00,0x01,0x52,0x01,0x77,0x03,0x00,0x01,0x77,0x02,0x00,0x01,0x52,
  0x01,0x77,0x02,0x00,0x01,0x29,0x01,0x25,0x01,0x2D,0x02,0x04,0x0B,0x00,0x01,0x29,
  0x01,0x4E,0x01,0x77,0x01,0x29,0x0B,0x00,0x01,0x29,0x01,0x77,0x10,0x00,0x04,0x25,
  0x01,0x52,0x01,0x7B,0x03,0x00,0x01,0x77,0x02,0x00,0x01,0x52,0x01,0x77,0x09,0x00,
  0x01,0x77,0x02,0x00,0x01,0x52,0x01,0x77,0x03,0x00,0x01,0x77,0x01,0x7B,0x01,0x77,
  0x05,0x00,0x01,0x77,0x02,0x00,0x01,0x52,0x01,0x77,0x02,0x00,0x01,0x29,0x01,0x25,
  0x01,0x2D,0x02,0x04,0x8E,0x00,0x01,0x29,0x01,0x77,0x03,0x00,0x01,0x77,0x01,0x29,
  0x01,0x00,0x01,0x04,0x01,0x4E,0x01,0x77,0x04,0x00,0x01,0x04,0x01,0x73,0x03,0x77,
  0x01,0x29,0x0F,0x00,0x01,0x53,0x01,0x29,0x02,0x00,0x01,0x2D,0x01,0x52,0x03,0x00,
  0x01,0x7B,0x01,0x25,0x07,0x00,0x01,0x2D,0x01,0x52,0x03,0x00,0x01,0x7B,0x01,0x25,
  0x01,0x00,0x01,0x2D,0x01,0x52,0x03,0x00,0x01,0x7B,0x01,0x25,0x01,0x00,0x01,0x2D,
  0x01,0x52,0x03,0x00,0x01,0x7B,0x01,0x25,0x01,0x00,0x01,0x77,0x01,0x04,0x01,0x29,
  0x01,0x04,0x0C,0x00,0x01,0x52,0x01,0x05,0x01,0x4E,0x01,0x52,0x04,0x00,0x01,0x25,
  0x02,0x77,0x01,0x53,0x01,0x04,0x02,0x00,0x01,0x29,0x01,0x77,0x02,0x00,0x01,0x77,
  0x02,0x7B,0x01,0x04,0x0E,0x00,0x01,0x53,0x01,0x29,0x02,0x00,0x01,0x2D,0x01,0x52,
  0x03,0x00,0x01,0x7B,0x01,0x25,0x07,0x00,0x01,0x2D,0x01,0x52,0x03,0x00,0x01,0x7B,
  0x01,0x25,0x03,0x00,0x01,0x73,0x01,0x7B,0x04,0x00,0x01,0x2D,0x01,0x52,0x03,0x00,
  0x01,0x7B,0x01,0x25,0x01,0x00,0x01,0x77,0x01,0x04,0x01,0x29,0x01,0x04,0x8F,0x00,
  0x01,0x29,0x01,0x77,0x02,0x00,0x01,0x29,0x01,0x52,0x03,0x00,0x01,0x29,0x01,0x7B,
  0x03,0x00,0x01,0x25,0x01,0x53,0x02,0x00,0x01,0x25,0x01,0x7B,0x01,0x29,0x0E,0x00,
  0x01,0x25,0x01,0x73,0x03,0x00,0x01,0x52,0x01,0x2E,0x03,0x00,0x01,0x77,0x01,0x29,
  0x07,0x00,0x01,0x52,0x01,0x2E,0x03,0x00,0x01,0x77,0x01,0x29,0x01,0x00,0x01,0x52,
  0x01,0x2E,0x03,0x00,0x01,0x77,0x01,0x29,0x01,0x00,0x01,0x52,0x01,0x2E,0x03,0x00,
  0x01,0x77,0x01,0x29,0x01,0x00,0x02,0x77,0x01,0x52,0x01,0x04,0x0C,0x00,0x01,0x77,
  0x01,0x00,0x01,0x04,0x01,0x7B,0x04,0x00,0x01,0x77,0x02,0x00,0x01,0x4E,0x01,0x29,
  0x02,0x00,0x01,0x29,0x01,0x77,0x02,0x00,0x01,0x4E,0x01,0x52,0x0F,0x00,0x01,0x25,
  0x01,0x73,0x03,0x00,0x01,0x52,0x01,0x2E,0x03,0x00,0x01,0x77,0x01,0x29,0x07,0x00,
  0x01,0x52,0x01,0x2E,0x03,0x00,0x01,0x77,0x01,0x29,0x03,0x00,0x01,0x2D,0x01,0x7B,
  0x04,0x00,0x01,0x52,0x01,0x2E,0x03,0x00,0x01,0x77,0x01,0x29,0x01,0x00,0x02,0x77,
  0x01,0x52,0x01,0x04,0x8F,0x00,0x01,0x29,0x04,0x7B,0x01,0x52,0x03,0x00,0x01,0x05,
  0x01,0x7B,0x03,0x00,0x01,0x77,0x01,0x04,0x03,0x00,0x01,0x77,0x01,0x29,0x0E,0x00,
  0x01,0x77,0x01,0x04,0x03,0x00,0x01,0x77,0x01,0x29,0x03,0x00,0x01,0x77,0x01,0x2E,
  0x07,0x00,0x01,0x77,0x01,0x29,0x03,0x00,0x01,0x77,0x01,0x2E,0x01,0x00,0x01,0x77,
  0x01,0x29,0x03,0x00,0x01,0x77,0x01,0x2E,0x01,0x00,0x01,0x77,0x01,0x29,0x03,0x00,
  0x01,0x77,0x01,0x2E,0x01,0x00,0x01,0x25,0x01,0x77,0x01,0x7B,0x01,0x77,0x01,0x25,
  0x0A,0x00,0x01,0x29,0x01,0x4E,0x02,0x00,0x01,0x77,0x01,0x29,0x03,0x00,0x01,0x7B,
  0x01,0x29,0x05,0x00,0x01,0x29,0x01,0x77,0x01,0x00,0x01,0x4E,0x01,0x2D,0x10,0x00,
  0x01,0x77,0x01,0x04,0x03,0x00,0x01,0x77,0x01,0x29,0x03,0x00,0x01,0x77,0x01,0x2E,
  0x07,0x00,0x01,0x77,0x01,0x29,0x03,0x00,0x01,0x77,0x01,0x2E,0x03,0x00,0x01,0x29,
  0x01,0x7B,0x04,0x00,0x01,0x77,0x01,0x29,0x03,0x00,0x01,0x77,0x01,0x2E,0x01,0x00,
  0x01,0x25,0x01,0x77,0x01,0x7B,0x01,0x77,0x01,0x25,0x8E,0x00,0x01,0x29,0x01,0x7B,
  0x02,0x00,0x01,0x04,0x01,0x73,0x01,0x77,0x02,0x00,0x01,0x05,0x01,0x7B,0x02,0x00,
  0x01,0x04,0x01,0x7B,0x04,0x00,0x01,0x77,0x01,0x29,0x03,0x00,0x01,0x52,0x01,0x53,
  0x08,0x00,0x01,0x2D,0x01,0x4E,0x04,0x00,0x01,0x77,0x01,0x2D,0x03,0x00,0x01,0x77,
  0x01,0x2E,0x07,0x00,0x01,0x77,0x01,0x2D,0x03,0x00,0x01,0x77,0x01,0x2E,0x01,0x00,
  0x01,0x77,0x01,0x2D,0x03,0x00,0x01,0x77,0x01,0x2E,0x01,0x00,0x01,0x77,0x01,0x2D,
  0x03,0x00,0x01,0x77,0x01,0x2E,0x03,0x00,0x01,0x4E,0x02,0x7B,0x01,0x4E,0x09,0x00,
  0x01,0x52,0x03,0x77,0x01,0x7B,0x01,0x53,0x03,0x00,0x01,0x25,0x01,0x77,0x01,0x53,
  0x01,0x04,0x03,0x00,0x01,0x29,0x01,0x77,0x01,0x52,0x01,0x29,0x06,0x00,0x01,0x52,
  0x01,0x53,0x08,0x00,0x01,0x2D,0x01,0x4E,0x04,0x00,0x01,0x77,0x01,0x2D,0x03,0x00,
  0x01,0x77,0x01,0x2E,0x07,0x00,0x01,0x77,0x01,0x2D,0x03,0x00,0x01,0x77,0x01,0x2E,
  0x03,0x00,0x01,0x29,0x01,0x7B,0x04,0x00,0x01,0x77,0x01,0x2D,0x03,0x00,0x01,0x77,
  0x01,0x2E,0x03,0x00,0x01,0x4E,0x02,0x7B,0x01,0x4E,0x8D,0x00,0x01,0x29,0x01,0x77,
  0x04,0x00,0x01,0x7B,0x01,0x29,0x01,0x00,0x01,0x05,0x01,0x7B,0x02,0x00,0x01,0x25,
  0x01,0x77,0x04,0x00,0x01,0x77,0x01,0x29,0x03,0x00,0x02,0x29,0x08,0x00,0x01,0x77,
  0x05,0x00,0x01,0x53,0x01,0x4E,0x03,0x00,0x01,0x77,0x01,0x29,0x07,0x00,0x01,0x53,
  0x01,0x4E,0x03,0x00,0x01,0x77,0x01,0x29,0x01,0x00,0x01,0x53,0x01,0x4E,0x03,0x00,
  0x01,0x77,0x01,0x29,0x01,0x00,0x01,0x53,0x01,0x4E,0x03,0x00,0x01,0x77,0x01,0x29,
  0x03,0x00,0x01,0x29,0x01,0x25,0x01,0x52,0x01,0x7B,0x09,0x00,0x01,0x77,0x03,0x00,
  0x01,0x05,0x01,0x7B,0x05,0x00,0x01,0x2E,0x01,0x7B,0x01,0x29,0x02,0x00,0x01,0x29,
  0x01,0x77,0x01,0x4E,0x01,0x77,0x06,0x00,0x02,0x29,0x08,0x00,0x01,0x77,0x05,0x00,
  0x01,0x53,0x01,0x4E,0x03,0x00,0x01,0x77,0x01,0x29,0x07,0x00,0x01,0x53,0x01,0x4E,
  0x03,0x00,0x01,0x77,0x01,0x29,0x03,0x00,0x01,0x29,0x01,0x7B,0x04,0x00,0x01,0x53,
  0x01,0x4E,0x03,0x00,0x01,0x77,0x01,0x29,0x03,0x00,0x01,0x29,0x01,0x25,0x01,0x52,
  0x01,0x7B,0x8D,0x00,0x01,0x29,0x01,0x77,0x04,0x00,0x01,0x7B,0x01,0x29,0x01,0x00,
  0x01,0x05,0x01,0x7B,0x03,0x00,0x01,0x7B,0x01,0x04,0x03,0x00,0x01,0x77,0x01,0x29,
  0x0C,0x00,0x01,0x52,0x01,0x4E,0x05,0x00,0x01,0x4E,0x01,0x53,0x03,0x00,0x01,0x77,
  0x08,0x00,0x01,0x4E,0x01,0x53,0x03,0x00,0x01,0x77,0x02,0x00,0x01,0x4E,0x01,0x53,
  0x03,0x00,0x01,0x77,0x02,0x00,0x01,0x4E,0x01,0x53,0x03,0x00,0x01,0x77,0x04,0x00,
  0x01,0x29,0x02,0x04,0x01,0x77,0x08,0x00,0x01,0x29,0x01,0x4E,0x04,0x00,0x01,0x77,
  0x01,0x2D,0x02,0x00,0x01,0x04,0x02,0x00,0x01,0x29,0x01,0x53,0x02,0x00,0x01,0x29,
  0x01,0x77,0x01,0x00,0x02,0x52,0x0E,0x00,0x01,0x52,0x01,0x4E,0x05,0x00,0x01,0x4E,
  0x01,0x53,0x03,0x00,0x01,0x77,0x08,0x00,0x01,0x4E,0x01,0x53,0x03,0x00,0x01,0x77,
  0x04,0x00,0x01,0x29,0x01,0x7B,0x04,0x00,0x01,0x4E,0x01,0x53,0x03,0x00,0x01,0x77,
  0x04,0x00,0x01,0x29,0x02,0x04,0x01,0x77,0x8D,0x00,0x01,0x29,0x01,0x7B,0x03,0x00,
  0x01,0x4E,0x01,0x77,0x02,0x00,0x01,0x05,0x01,0x7B,0x03,0x00,0x01,0x52,0x01,0x77,
  0x02,0x00,0x01,0x4E,0x01,0x77,0x01,0x29,0x03,0x00,0x01,0x29,0x01,0x25,0x07,0x00,
  0x01,0x7B,0x01,0x25,0x05,0x00,0x01,0x04,0x01,0x7B,0x01,0x29,0x01,0x00,0x02,0x29,
  0x03,0x00,0x01,0x29,0x01,0x52,0x03,0x00,0x01,0x04,0x01,0x7B,0x01,0x29,0x01,0x00,
  0x02,0x29,0x02,0x00,0x01,0x04,0x01,0x7B,0x01,0x29,0x01,0x00,0x02,0x29,0x02,0x00,
  0x01,0x04,0x01,0x7B,0x01,0x29,0x01,0x00,0x02,0x29,0x04,0x00,0x01,0x29,0x01,0x05,
  0x01,0x2E,0x01,0x25,0x08,0x00,0x01,0x52,0x01,0x29,0x04,0x00,0x01,0x4E,0x01,0x77,
  0x01,0x00,0x01,0x04,0x01,0x53,0x02,0x00,0x02,0x4E,0x02,0x00,0x01,0x29,0x01,0x77,
  0x02,0x00,0x01,0x77,0x01,0x52,0x04,0x00,0x01,0x29,0x01,0x25,0x07,0x00,0x01,0x7B,
  0x01,0x25,0x05,0x00,0x01,0x04,0x01,0x7B,0x01,0x29,0x01,0x00,0x02,0x29,0x03,0x00,
  0x01,0x29,0x01,0x52,0x03,0x00,0x01,0x04,0x01,0x7B,0x01,0x29,0x01,0x00,0x02,0x29,
  0x04,0x00,0x01,0x29,0x01,0x7B,0x04,0x00,0x01,0x04,0x01,0x7B,0x01,0x29,0x01,0x00,
  0x02,0x29,0x04,0x00,0x01,0x29,0x01,0x05,0x01,0x2E,0x01,0x25,0x8C,0x00,0x01,0x29,
  0x01,0x77,0x02,0x7B,0x02,0x77,0x01,0x52,0x02,0x00,0x01,0x04,0x01,0x52,0x01,0x7B,
  0x01,0x4E,0x03,0x00,0x01,0x52,0x01,0x77,0x01,0x53,0x01,0x04,0x01,0x4E,0x01,0x53,
  0x01,0x25,0x02,0x00,0x01,0x53,0x01,0x77,0x06,0x00,0x01,0x05,0x01,0x2D,0x07,0x00,
  0x01,0x29,0x02,0x77,0x01,0x29,0x04,0x00,0x01,0x4E,0x01,0x77,0x04,0x00,0x01,0x29,
  0x02,0x77,0x01,0x29,0x04,0x00,0x01,0x29,0x02,0x77,0x01,0x29,0x04,0x00,0x01,0x29,
  0x02,0x77,0x01,0x29,0x03,0x00,0x02,0x77,0x01,0x7B,0x01,0x77,0x01,0x25,0x08,0x00,
  0x01,0x77,0x02,0x7B,0x01,0x29,0x02,0x00,0x01,0x2E,0x02,0x7B,0x01,0x77,0x01,0x00,
  0x01,0x52,0x02,0x77,0x01,0x4E,0x02,0x00,0x01,0x25,0x01,0x77,0x01,0x7B,0x01,0x29,
  0x02,0x00,0x01,0x77,0x01,0x52,0x01,0x04,0x02,0x00,0x01,0x53,0x01,0x77,0x06,0x00,
  0x01,0x05,0x01,0x2D,0x07,0x00,0x01,0x29,0x02,0x77,0x01,0x29,0x04,0x00,0x01,0x4E,
  0x01,0x77,0x04,0x00,0x01,0x29,0x02,0x77,0x01,0x29,0x03,0x00,0x01,0x52,0x01,0x77,
  0x02,0x7B,0x01,0x77,0x01,0x53,0x03,0x00,0x01,0x29,0x02,0x77,0x01,0x29,0x03,0x00,
  0x02,0x77,0x01,0x7B,0x01,0x77,0x01,0x25,0xBF,0x00,0x01,0x29,0x01,0x52,0x1D,0x00,
  0x01,0x29,0x01,0x25,0x3E,0x00,0x01,0x29,0x01,0x52,0x1D,0x00,0x01,0x29,0x01,0x25,
  0xC0,0x00,0x01,0x52,0x01,0x04,0x1D,0x00,0x01,0x29,0x01,0x25,0x3E,0x00,0x01,0x52,
  0x01,0x04,0x1D,0x00,0x01,0x29,0x01,0x25,0xC0,0x00,0x01,0x4E,0x1E,0x00,0x01,0x29,
  0x3F,0x00,0x01,0x4E,0x1E,0x00,0x01,0x29,0xFF,0x00,0xFF,0x00,0xFF,0x00,0xFF,0x00,
  0xFF,0x00,0xFF,0x00,0xFF,0x00,0xFF,0x00,0xFF,0x00,0xFF,0x00,0xF9,0x00,0x01,0x24,
  0x01,0xD5,0x1C,0x00,0x01,0x68,0x01,0x24,0xFF,0x00,0x21,0x00,0x01,0x48,0x01,0xFA,
  0x0C,0x00,0x01,0x8D,0x01,0xD5,0x05,0x00,0x01,0x24,0x01,0xD5,0x01,0xFA,0x01,0xB5,
  0x01,0x24,0x03,0x00,0x01,0x69,0x01,0xD5,0x02,0xFA,0x01,0x6D,0xE9,0x00,0x01,0xB1,
  0x01,0x91,0x01,0x20,0x03,0x00,0x01,0x48,0x01,0x24,0x04,0x00,0x01,0xB1,0x01,0x91,
  0x04,0x00,0x01,0x24,0x01,0xD5,0x09,0x00,0x01,0x24,0x0A,0x00,0x01,0x48,0x01,0x24,
  0x04,0x00,0x01,0x69,0x01,0x24,0x05,0x00,0x01,0x24,0x01,0xFA,0x0A,0x00,0x01,0x24,
  0x01,0xD5,0x02,0xFA,0x04,0x00,0x01,0x24,0x01,0xD5,0x02,0x24,0x01,0xB5,0x01,0xD5,
  0x02,0x00,0x01,0x69,0x01,0x48,0x01,0x8D,0x02,0x24,0x11,0x00,0x01,0x6D,0x01,0x24,
  0x02,0x00,0x01,0x91,0x01,0x24,0x02,0x00,0x01,0x48,0x01,0x44,0x07,0x00,0x01,0x48,
  0x01,0xD5,0x01,0x8D,0x01,0x24,0x04,0x00,0x01,0x24,0x01,0x6D,0xBD,0x00,0x01,0x24,
  0x02,0xFA,0x01,0xD9,0x01,0x24,0x01,0x00,0x01,0x24,0x02,0xFA,0x01,0x8D,0x02,0x00,
  0x01,0x24,0x01,0xD9,0x01,0xFA,0x01,0xD5,0x01,0x24,0x02,0x00,0x01,0xD5,0x07,0xFA,
  0x01,0x6D,0x02,0x00,0x01,0xD5,0x01,0x6D,0x02,0x00,0x01,0x8D,0x01,0xF9,0x01,0xFA,
  0x01,0xB1,0x01,0x24,0x01,0x00,0x01,0x24,0x02,0xFA,0x01,0x8D,0x02,0x00,0x01,0x24,
  0x04,0xFA,0x01,0xD5,0x01,0x24,0x01,0x00,0x01,0x24,0x06,0xFA,0x01,0x24,0x05,0x00,
  0x01,0x24,0x01,0xD5,0x01,0xFA,0x04,0x00,0x01,0x8D,0x01,0xB1,0x02,0x00,0x01,0x24,
  0x01,0xFA,0x01,0x48,0x01,0x00,0x01,0xF9,0x01,0x24,0x01,0x6D,0x01,0x24,0x11,0x00,
  0x01,0x24,0x06,0xFA,0x01,0x48,0x01,0x24,0x04,0xFA,0x01,0xB5,0x01,0x24,0x02,0x00,
  0x01,0x24,0x01,0xB5,0x01,0xD5,0x02,0xFA,0x01,0x48,0x03,0x00,0x01,0xD5,0x07,0xFA,
  0x01,0x8D,0xB8,0x00,0x01,0x91,0x01,0xFA,0x01,0x91,0x02,0x00,0x01,0x6D,0x02,0xFA,
  0x01,0xB1,0x03,0x00,0x01,0x8D,0x01,0xFA,0x01,0x91,0x02,0x00,0x01,0x48,0x01,0xFA,
  0x01,0x91,0x04,0x6D,0x02,0xD5,0x02,0x00,0x02,0xD5,0x01,0x00,0x01,0x48,0x01,0xD5,
  0x01,0x8D,0x01,0x91,0x01,0xFA,0x01,0xB1,0x02,0x00,0x01,0x6D,0x02,0xFA,0x01,0xB1,
  0x01,0x00,0x01,0x24,0x04,0x6D,0x01,0xFA,0x01,0x8D,0x02,0x00,0x01,0x69,0x03,0x6D,
  0x01,0x8D,0x01,0xFA,0x01,0x69,0x06,0x00,0x01,0x8D,0x01,0xFA,0x04,0x00,0x01,0xD5,
  0x01,0x8D,0x03,0x00,0x01,0xFA,0x01,0x6D,0x01,0x00,0x01,0xFA,0x01,0xF9,0x01,0xB1,
  0x01,0x24,0x07,0x00,0x06,0xFA,0x01,0x6D,0x03,0x00,0x01,0x24,0x03,0x6D,0x01,0x8D,
  0x01,0xFA,0x01,0x8D,0x01,0x00,0x01,0x24,0x03,0x6D,0x01,0x8D,0x01,0xFA,0x01,0xB5,
  0x02,0x00,0x01,0xB5,0x01,0x44,0x01,0x00,0x01,0x24,0x01,0xD5,0x01,0xFA,0x02,0x00,
  0x01,0x20,0x01,0xB1,0x01,0xFA,0x05,0x6D,0x02,0xD5,0xB9,0x00,0x01,0xB1,0x01,0xB5,
  0x03,0x00,0x01,0x24,0x01,0xD5,0x01,0xFA,0x04,0x00,0x02,0xB1,0x03,0x00,0x01,0xFA,
  0x01,0x48,0x04,0x00,0x01,0x8D,0x01,0xB1,0x02,0x00,0x01,0x69,0x01,0xFA,0x02,0x24,
  0x03,0x00,0x01,0x6D,0x01,0xFA,0x03,0x00,0x01,0x24,0x01,0xD5,0x01,0xFA,0x06,0x00,
  0x01,0x8D,0x01,0xB1,0x07,0x00,0x01,0xD5,0x01,0x49,0x06,0x00,0x01,0x6D,0x01,0xFA,
  0x04,0x00,0x01,0xD5,0x01,0x6D,0x03,0x00,0x01,0xD5,0x01,0x8D,0x01,0x00,0x01,0x49,
  0x02,0xFA,0x01,0xD5,0x01,0x48,0x14,0x00,0x01,0x24,0x01,0xFA,0x07,0x00,0x01,0x69,
  0x01,0xFA,0x01,0x24,0x01,0x00,0x01,0xFA,0x01,0x48,0x02,0x00,0x01,0x24,0x01,0xFA,
  0x01,0x44,0x02,0x00,0x01,0x24,0x01,0xFA,0x01,0x24,0x04,0x00,0x01,0x6D,0x01,0xD5,
  0xB9,0x00,0x01,0x6D,0x01,0xD5,0x04,0x00,0x01,0x91,0x01,0xD5,0x04,0x00,0x01,0x8D,
  0x01,0xB5,0x03,0x00,0x01,0xFA,0x01,0x48,0x04,0x00,0x01,0x8D,0x01,0x6D,0x03,0x00,
  0x01,0xFA,0x01,0x48,0x04,0x00,0x01,0x24,0x01,0xFA,0x04,0x00,0x01,0x91,0x01,0xD5,
  0x06,0x00,0x01,0x6D,0x01,0xB1,0x07,0x00,0x01,0xD5,0x01,0x24,0x06,0x00,0x01,0x69,
  0x01,0xFA,0x04,0x00,0x01,0xD5,0x01,0x8D,0x03,0x00,0x01,0xD5,0x01,0x8D,0x02,0x00,
  0x01,0x24,0x01,0xB1,0x02,0xFA,0x01,0x91,0x13,0x00,0x01,0x24,0x01,0xFA,0x08,0x00,
  0x01,0xFA,0x01,0x44,0x01,0x00,0x01,0xB5,0x01,0xFA,0x01,0x69,0x02,0x00,0x01,0xD5,
  0x01,0x48,0x03,0x00,0x01,0xD5,0x01,0x69,0x04,0x00,0x02,0x8D,0xB9,0x00,0x01,0x6D,
  0x01,0xD5,0x04,0x00,0x01,0xF9,0x01,0x24,0x04,0x00,0x01,0x6D,0x01,0xB5,0x03,0x00,
  0x01,0xFA,0x01,0x48,0x04,0x00,0x01,0xB1,0x01,0x20,0x03,0x00,0x01,0xB5,0x01,0x8D,
  0x04,0x00,0x01,0x48,0x01,0xB1,0x04,0x00,0x01,0xF9,0x01,0x24,0x06,0x00,0x01,0x6D,
  0x01,0xB1,0x06,0x00,0x01,0x44,0x01,0xB1,0x07,0x00,0x01,0x69,0x01,0xFA,0x04,0x00,
  0x01,0xD5,0x01,0x91,0x03,0x00,0x01,0xFA,0x01,0x69,0x03,0x00,0x01,0x69,0x01,0x49,
  0x01,0xD5,0x01,0xFA,0x01,0x24,0x04,0x00,0x06,0xFA,0x01,0x6D,0x08,0x00,0x01,0xFA,
  0x01,0x24,0x02,0x00,0x01,0x25,0x01,0x92,0x01,0x6D,0x01,0x25,0x01,0x00,0x01,0xFA,
  0x01,0x48,0x01,0x00,0x01,0x49,0x01,0x91,0x01,0x24,0x01,0x00,0x01,0x49,0x01,0xD6,
  0x01,0x48,0x03,0x00,0x01,0xB5,0x01,0xD5,0x04,0x00,0x01,0xD5,0x01,0x24,0x16,0x00,
  0x01,0x4E,0x06,0x00,0x01,0x04,0x01,0x52,0x01,0x25,0x03,0x00,0x01,0x29,0x02,0x00,
  0x01,0x29,0x01,0x00,0x01,0x04,0x01,0x52,0x01,0x25,0x03,0x00,0x01,0x29,0x06,0x00,
  0x01,0x24,0x01,0x77,0x01,0x29,0x81,0x00,0x01,0x69,0x01,0xD5,0x03,0x00,0x01,0x69,
  0x01,0x49,0x05,0x00,0x01,0x6D,0x01,0xB5,0x03,0x00,0x01,0xD9,0x01,0x48,0x03,0x00,
  0x01,0x8D,0x01,0x69,0x04,0x00,0x01,0x6D,0x01,0xD5,0x04,0x00,0x01,0xB5,0x01,0x24,
  0x03,0x00,0x01,0x69,0x01,0x49,0x07,0x00,0x01,0x69,0x01,0xB5,0x05,0x00,0x01,0x24,
  0x01,0xD5,0x01,0x24,0x07,0x00,0x01,0x49,0x01,0xFA,0x01,0x20,0x03,0x00,0x01,0x91,
  0x01,0xD5,0x03,0x00,0x01,0xFA,0x01,0x24,0x03,0x00,0x01,0x69,0x02,0x48,0x01,0xFA,
  0x14,0x00,0x01,0xFA,0x01,0x24,0x02,0x00,0x01,0x24,0x01,0x25,0x01,0x6D,0x01,0x92,
  0x01,0x00,0x01,0xD5,0x01,0x49,0x01,0x00,0x01,0x6D,0x02,0x00,0x01,0x49,0x01,0x92,
  0x01,0xD6,0x01,0x49,0x02,0x00,0x01,0x49,0x01,0xB6,0x01,0xFA,0x03,0x00,0x01,0x8D,
  0x01,0x6D,0x16,0x00,0x01,0x25,0x05,0x7B,0x01,0x52,0x01,0x00,0x01,0x25,0x01,0x77,
  0x01,0x7B,0x01,0x25,0x01,0x00,0x01,0x29,0x04,0x7B,0x01,0x4E,0x01,0x25,0x01,0x77,
  0x01,0x7B,0x01,0x25,0x01,0x00,0x01,0x25,0x06,0x7B,0x01,0x29,0x01,0x04,0x01,0x52,
  0x01,0x7B,0x01,0x4E,0x80,0x00,0x01,0x49,0x01,0xD5,0x0A,0x00,0x01,0x6D,0x01,0xB1,
  0x03,0x00,0x01,0xD5,0x01,0x48,0x01,0x00,0x01,0x8D,0x01,0xF9,0x01,0x91,0x05,0x00,
  0x01,0x24,0x01,0xFA,0x01,0x8D,0x01,0x6D,0x01,0x91,0x01,0xD9,0x01,0x48,0x09,0x00,
  0x01,0x48,0x03,0x6D,0x01,0xB1,0x01,0xFA,0x01,0x69,0x02,0x00,0x01,0x6D,0x01,0xD5,
  0x01,0xFA,0x01,0x48,0x08,0x00,0x01,0x6D,0x01,0xFA,0x01,0x24,0x03,0x00,0x01,0x48,
  0x01,0xFA,0x01,0x69,0x01,0x00,0x02,0x6D,0x02,0x00,0x02,0x24,0x01,0x69,0x01,0x48,
  0x01,0x8D,0x01,0x48,0x14,0x00,0x01,0xFA,0x01,0x24,0x04,0x00,0x01,0x24,0x01,0x92,
  0x01,0x24,0x01,0xD5,0x01,0x48,0x01,0x24,0x04,0x6D,0x01,0x91,0x01,0xFA,0x01,0x24,
  0x03,0x00,0x01,0x49,0x01,0xFA,0x01,0x91,0x01,0x8D,0x01,0xD5,0x01,0x91,0x18,0x00,
  0x01,0x25,0x01,0x77,0x02,0x00,0x01,0x04,0x01,0x77,0x03,0x00,0x01,0x52,0x01,0x4E,
  0x02,0x00,0x02,0x04,0x01,0x29,0x01,0x52,0x03,0x00,0x01,0x52,0x01,0x4E,0x02,0x00,
  0x01,0x52,0x01,0x29,0x03,0x04,0x02,0x4E,0x02,0x00,0x01,0x4E,0x01,0x77,0x80,0x00,
  0x01,0x48,0x01,0xD5,0x0A,0x00,0x02,0x6D,0x03,0x00,0x01,0xD5,0x01,0x48,0x01,0x49,
  0x01,0xD5,0x01,0x48,0x07,0x00,0x01,0x91,0x02,0xFA,0x01,0xB1,0x01,0x24,0x09,0x00,
  0x01,0x44,0x06,0xFA,0x01,0x6D,0x01,0x00,0x01,0x49,0x01,0xD5,0x01,0x8D,0x01,0x24,
  0x06,0x00,0x01,0x20,0x01,0xD5,0x04,0xFA,0x01,0xD5,0x01,0x24,0x02,0x00,0x01,0x6D,
  0x01,0xFA,0x01,0xF9,0x01,0x6D,0x02,0x00,0x01,0x24,0x01,0xD5,0x02,0xFA,0x01,0xD9,
  0x01,0x48,0x15,0x00,0x01,0x91,0x05,0x00,0x01,0x24,0x01,0x6D,0x01,0x00,0x01,0x91,
  0x01,0x00,0x01,0x6D,0x05,0xFA,0x01,0xD6,0x04,0x00,0x01,0x24,0x01,0xD6,0x01,0xFA,
  0x01,0xD5,0x01,0x69,0x1A,0x00,0x01,0x77,0x01,0x04,0x02,0x00,0x01,0x52,0x01,0x25,
  0x02,0x00,0x01,0x29,0x01,0x4E,0x04,0x00,0x01,0x29,0x01,0x52,0x03,0x00,0x01,0x29,
  0x01,0x4E,0x02,0x00,0x01,0x29,0x01,0x4E,0x03,0x00,0x01,0x4E,0x01,0x29,0x02,0x00,
  0x01,0x4E,0x01,0x29,0x80,0x00,0x01,0x48,0x01,0xD5,0x0A,0x00,0x01,0x24,0x04,0x00,
  0x01,0xD5,0x01,0x48,0x3E,0x00,0x01,0x6D,0x01,0x48,0x1C,0x00,0x01,0x6D,0x01,0x24,
  0x02,0x00,0x01,0x24,0x01,0x49,0x04,0x00,0x01,0x24,0x01,0x92,0x04,0x00,0x01,0x24,
  0x01,0x92,0x1D,0x00,0x01,0x4E,0x01,0x29,0x02,0x00,0x01,0x52,0x01,0x25,0x02,0x00,
  0x01,0x29,0x01,0x52,0x04,0x00,0x01,0x25,0x01,0x52,0x03,0x00,0x01,0x29,0x01,0x52,
  0x02,0x00,0x01,0x24,0x01,0x77,0x03,0x00,0x01,0x52,0x03,0x00,0x01,0x4E,0x81,0x00,
  0x01,0x48,0x01,0xD5,0x0F,0x00,0x01,0xD5,0x01,0x48,0x3E,0x00,0x01,0x6D,0x01,0x48,
  0x1B,0x00,0x02,0x49,0x03,0x00,0x01,0x49,0x01,0x24,0x04,0x00,0x01,0x24,0x01,0x92,
  0x04,0x00,0x01,0x24,0x01,0x92,0x1D,0x00,0x02,0x29,0x02,0x00,0x01,0x52,0x01,0x25,
  0x02,0x00,0x01,0x29,0x01,0x4E,0x04,0x00,0x01,0x24,0x01,0x52,0x03,0x00,0x01,0x29,
  0x01,0x4E,0x03,0x00,0x01,0x77,0x02,0x25,0x01,0x52,0x01,0x25,0x85,0x00,0x01,0x48,
  0x01,0xB1,0x0F,0x00,0x01,0xB1,0x3F,0x00,0x01,0x69,0x01,0x24,0x1A,0x00,0x01,0x24,
  0x01,0x92,0x04,0x00,0x01,0x6D,0x05,0x00,0x01,0x24,0x01,0x92,0x04,0x00,0x01,0x24,
  0x01,0x92,0x1B,0x00,0x01,0x25,0x01,0x7B,0x01,0x77,0x03,0x00,0x01,0x4E,0x03,0x00,
  0x01,0x29,0x01,0x4E,0x05,0x00,0x01,0x4E,0x03,0x00,0x01,0x29,0x01,0x4E,0x03,0x00,
  0x01,0x29,0x01,0x7B,0x01,0x53,0x01,0x25,0x86,0x00,0x02,0x24,0x6B,0x00,0x01,0x6D,
  0x01,0x92,0x02,0x6D,0x01,0x25,0x01,0x49,0x01,0x24,0x03,0x00,0x01,0x24,0x01,0x6D,
  0x02,0x92,0x01,0x6D,0x02,0x24,0x01,0x6D,0x02,0x92,0x01,0x6D,0x01,0x24,0xFF,0x00,
  0x30,0x00,0x01,0x24,0xFF,0x00,0xFF,0x00,0xFF,0x00,0xE4,0x00,
};

const uint8_t LESSON_PAGE_2[10682] PROGMEM = {
  0xFF,0x00,0xFF,0x00,0xFF,0x00,0xFF,0x00,0xFF,0x00,0xFF,0x00,0xFF,0x00,0xDD,0x00,
  0x02,0x24,0xFF,0x00,0x31,0x00,0x01,0xB5,0x01,0x69,0x0C,0x00,0x01,0xD5,0x01,0x8D,
  0x0E,0x00,0x01,0xB1,0x01,0x8D,0x2C,0x00,0x01,0x8D,0x01,0x49,0x07,0x00,0x01,0x48,
  0x01,0x44,0x06,0x00,0x02,0x24,0x08,0x00,0x01,0xB1,0x01,0x6D,0x13,0x00,0x01,0xD5,
  0x01,0x48,0x03,0x00,0x01,0x44,0x01,0xFA,0x01,0x49,0x05,0x00,0x01,0xB1,0x01,0x8D,
  0x0D,0x00,0x01,0x48,0x01,0x8D,0x01,0x24,0x08,0x00,0x01,0x24,0x01,0xFA,0x01,0x24,
  0x99,0x00,0x01,0x8D,0x06,0xFA,0x01,0xD5,0x01,0x24,0x05,0x00,0x01,0x91,0x07,0xFA,
  0x01,0xD5,0x01,0x69,0x06,0x00,0x01,0x69,0x06,0xFA,0x01,0x8D,0x26,0x00,0x01,0x69,
  0x02,0xFA,0x01,0xB1,0x01,0x24,0x04,0x00,0x01,0x44,0x01,0xFA,0x01,0xB5,0x04,0x00,
  0x01,0x6D,0x01,0xD9,0x02,0xFA,0x01,0xD5,0x01,0x48,0x05,0x00,0x01,0x8D,0x0A,0xFA,
  0x01,0xF9,0x01,0x48,0x08,0x00,0x01,0x8D,0x09,0xFA,0x01,0x44,0x02,0x00,0x01,0x69,
  0x06,0xFA,0x01,0x8D,0x07,0x00,0x01,0x48,0x03,0xFA,0x01,0xB1,0x01,0x48,0x06,0x00,
  0x01,0xD5,0x0A,0xFA,0x01,0xF9,0x01,0x69,0x8F,0x00,0x08,0xFA,0x01,0xD5,0x05,0x00,
  0x0A,0xFA,0x01,0xB1,0x05,0x00,0x08,0xFA,0x01,0xB5,0x08,0x00,0x01,0x8D,0x03,0xFA,
  0x01,0xB1,0x01,0x24,0x02,0x00,0x01,0x69,0x01,0xD5,0x02,0xFA,0x01,0x69,0x02,0x00,
  0x01,0x24,0x01,0xB1,0x02,0xFA,0x01,0xD5,0x01,0x6D,0x08,0x00,0x01,0xB1,0x04,0xFA,
  0x01,0x24,0x03,0x00,0x01,0x91,0x02,0xFA,0x01,0x24,0x02,0x00,0x01,0x8D,0x06,0xFA,
  0x01,0x48,0x03,0x00,0x01,0x48,0x0C,0xFA,0x01,0xD5,0x07,0x00,0x01,0x24,0x09,0xFA,
  0x01,0xD5,0x03,0x00,0x08,0xFA,0x01,0xB5,0x05,0x00,0x01,0x24,0x01,0xFA,0x01,0x91,
  0x04,0xFA,0x01,0x8D,0x04,0x00,0x01,0x91,0x0D,0xFA,0x8F,0x00,0x06,0x24,0x01,0x48,
  0x02,0xFA,0x05,0x00,0x01,0xD5,0x01,0xFA,0x01,0x91,0x04,0x24,0x01,0x48,0x01,0xB5,
  0x02,0xFA,0x01,0x6D,0x04,0x00,0x05,0x24,0x01,0x48,0x01,0x91,0x02,0xFA,0x01,0x49,
  0x08,0x00,0x01,0x69,0x01,0xFA,0x01,0xD5,0x05,0x00,0x01,0x48,0x01,0xFA,0x01,0x24,
  0x02,0x00,0x01,0x24,0x01,0xFA,0x01,0xD5,0x01,0x6D,0x01,0x8D,0x02,0xFA,0x01,0x6D,
  0x08,0x00,0x01,0x49,0x01,0xF9,0x02,0xFA,0x01,0xD5,0x03,0x00,0x01,0x24,0x02,0xFA,
  0x01,0x69,0x02,0x00,0x01,0xF9,0x01,0x8D,0x01,0x24,0x01,0x00,0x01,0x44,0x01,0xD5,
  0x01,0xFA,0x01,0xD5,0x03,0x00,0x01,0x24,0x01,0x91,0x02,0xFA,0x07,0x24,0x01,0x6D,
  0x02,0xFA,0x08,0x00,0x06,0x24,0x01,0xB5,0x01,0xFA,0x01,0x91,0x04,0x00,0x05,0x24,
  0x01,0x48,0x01,0x91,0x02,0xFA,0x01,0x49,0x04,0x00,0x01,0xD5,0x01,0x8D,0x02,0x00,
  0x01,0x69,0x01,0xD5,0x02,0xFA,0x01,0x69,0x03,0x00,0x01,0x24,0x01,0xD5,0x01,0xFA,
  0x01,0xB1,0x07,0x24,0x01,0x6D,0x02,0xFA,0x96,0x00,0x01,0xB1,0x01,0xFA,0x01,0x24,
  0x04,0x00,0x01,0xB1,0x01,0xFA,0x01,0x6D,0x06,0x00,0x01,0x91,0x02,0xFA,0x0B,0x00,
  0x01,0x91,0x01,0xFA,0x01,0xB1,0x09,0x00,0x02,0xFA,0x01,0x24,0x04,0x00,0x01,0xB1,
  0x01,0xD5,0x03,0x00,0x01,0x91,0x01,0xFA,0x01,0x24,0x02,0x00,0x01,0x24,0x01,0xD5,
  0x01,0x24,0x09,0x00,0x01,0x24,0x01,0xB1,0x02,0xFA,0x01,0x24,0x03,0x00,0x01,0xB1,
  0x01,0xFA,0x01,0xB1,0x01,0x00,0x01,0x20,0x01,0x24,0x04,0x00,0x01,0x24,0x02,0xFA,
  0x01,0x24,0x03,0x00,0x01,0x24,0x02,0xFA,0x08,0x00,0x02,0xFA,0x0E,0x00,0x01,0x91,
  0x01,0xFA,0x01,0x48,0x0B,0x00,0x01,0x91,0x01,0xFA,0x01,0xB1,0x03,0x00,0x01,0x48,
  0x01,0xFA,0x01,0x48,0x04,0x00,0x01,0x91,0x01,0xFA,0x01,0xD5,0x04,0x00,0x01,0x48,
  0x01,0xFA,0x01,0xB5,0x08,0x00,0x01,0xF9,0x01,0xFA,0x96,0x00,0x01,0x91,0x01,0xFA,
  0x01,0x24,0x04,0x00,0x01,0x6D,0x01,0xFA,0x01,0x8D,0x07,0x00,0x01,0xD5,0x01,0xFA,
  0x01,0x48,0x0A,0x00,0x01,0x24,0x02,0xFA,0x09,0x00,0x01,0x8D,0x01,0xFA,0x01,0x91,
  0x04,0x00,0x01,0xFA,0x01,0x6D,0x03,0x00,0x01,0xB1,0x01,0xFA,0x01,0x48,0x10,0x00,
  0x01,0xD5,0x01,0xFA,0x01,0x44,0x03,0x00,0x01,0x48,0x01,0xFA,0x01,0xD5,0x08,0x00,
  0x01,0x91,0x01,0xFA,0x01,0x48,0x04,0x00,0x02,0xFA,0x08,0x00,0x01,0xFA,0x01,0xD5,
  0x0E,0x00,0x01,0x8D,0x01,0xFA,0x01,0x48,0x0B,0x00,0x01,0x24,0x02,0xFA,0x03,0x00,
  0x01,0x6D,0x01,0xFA,0x01,0x6D,0x05,0x00,0x02,0xFA,0x05,0x00,0x02,0xFA,0x08,0x00,
  0x01,0xF9,0x01,0xFA,0x96,0x00,0x01,0x8D,0x01,0xFA,0x01,0x24,0x04,0x00,0x01,0x69,
  0x01,0xFA,0x01,0x91,0x07,0x00,0x01,0x8D,0x01,0xFA,0x01,0x8D,0x0B,0x00,0x01,0xD5,
  0x01,0xFA,0x09,0x00,0x01,0x24,0x02,0xFA,0x03,0x00,0x01,0x69,0x01,0xFA,0x04,0x00,
  0x01,0x44,0x02,0xFA,0x01,0xB1,0x01,0x24,0x0E,0x00,0x01,0xB1,0x01,0xFA,0x01,0x48,
  0x04,0x00,0x02,0xFA,0x08,0x00,0x01,0x6D,0x01,0xFA,0x01,0x44,0x04,0x00,0x02,0xFA,
  0x08,0x00,0x01,0xFA,0x01,0x8D,0x0E,0x00,0x01,0x8D,0x01,0xFA,0x01,0x48,0x0C,0x00,
  0x01,0xD5,0x01,0xFA,0x03,0x00,0x01,0x69,0x02,0xFA,0x01,0x6D,0x04,0x00,0x01,0xB1,
  0x01,0xFA,0x01,0x24,0x04,0x00,0x01,0xD5,0x01,0xFA,0x01,0x24,0x07,0x00,0x01,0xFA,
  0x01,0xB1,0x96,0x00,0x01,0x8D,0x01,0xFA,0x01,0x24,0x04,0x00,0x01,0x48,0x01,0xFA,
  0x01,0xB1,0x07,0x00,0x01,0x49,0x01,0xFA,0x01,0x91,0x0B,0x00,0x01,0xD5,0x01,0xFA,
  0x01,0x24,0x09,0x00,0x01,0xD5,0x01,0xFA,0x01,0x49,0x02,0x00,0x01,0xB5,0x01,0xB1,
  0x05,0x00,0x01,0x24,0x01,0xD5,0x02,0xFA,0x01,0x91,0x01,0x24,0x0C,0x00,0x01,0x91,
  0x01,0xFA,0x01,0x48,0x04,0x00,0x01,0xB1,0x01,0xFA,0x01,0x24,0x07,0x00,0x01,0x6D,
  0x01,0xFA,0x05,0x00,0x01,0xD5,0x01,0xFA,0x07,0x00,0x01,0x44,0x01,0xFA,0x01,0x24,
  0x0E,0x00,0x01,0x6D,0x01,0xFA,0x01,0x48,0x0C,0x00,0x01,0xD5,0x01,0xFA,0x01,0x24,
  0x03,0x00,0x01,0xD5,0x02,0xFA,0x01,0x69,0x03,0x00,0x01,0x8D,0x01,0xFA,0x01,0x24,
  0x04,0x00,0x01,0x8D,0x01,0xFA,0x01,0x49,0x06,0x00,0x01,0x24,0x01,0xFA,0x01,0x49,
  0x96,0x00,0x01,0x6D,0x01,0xFA,0x01,0x44,0x04,0x00,0x01,0x44,0x01,0xFA,0x01,0xB1,
  0x07,0x00,0x01,0x24,0x01,0xFA,0x01,0xB1,0x0B,0x00,0x01,0xB1,0x01,0xFA,0x01,0x24,
  0x09,0x00,0x01,0x69,0x01,0xFA,0x01,0xB5,0x01,0x00,0x01,0x24,0x01,0xFA,0x01,0x48,
  0x07,0x00,0x01,0x48,0x01,0xD5,0x01,0xFA,0x01,0xF9,0x01,0x24,0x0B,0x00,0x01,0x8D,
  0x01,0xFA,0x01,0x49,0x04,0x00,0x01,0x6D,0x01,0xFA,0x01,0x69,0x07,0x00,0x02,0xB1,
  0x05,0x00,0x01,0xD5,0x01,0xFA,0x07,0x00,0x01,0x8D,0x01,0xB1,0x0F,0x00,0x01,0x6D,
  0x01,0xFA,0x01,0x69,0x0C,0x00,0x01,0xB1,0x01,0xFA,0x01,0x24,0x03,0x00,0x01,0x24,
  0x01,0x91,0x01,0xB1,0x04,0x00,0x01,0x6D,0x01,0xFA,0x01,0x24,0x04,0x00,0x01,0x48,
  0x01,0xFA,0x01,0x8D,0x06,0x00,0x01,0x8D,0x01,0xD5,0x97,0x00,0x01,0x6D,0x01,0xFA,
  0x01,0x48,0x04,0x00,0x01,0x24,0x01,0xFA,0x01,0xB1,0x08,0x00,0x01,0xFA,0x01,0xB5,
  0x0B,0x00,0x01,0x91,0x01,0xFA,0x01,0x24,0x0A,0x00,0x02,0xFA,0x01,0x24,0x01,0x8D,
  0x01,0xF9,0x0A,0x00,0x01,0x8D,0x01,0xFA,0x01,0xB5,0x0B,0x00,0x01,0x6D,0x01,0xFA,
  0x01,0x69,0x04,0x00,0x01,0x24,0x01,0xFA,0x01,0x91,0x06,0x00,0x01,0x24,0x01,0xFA,
  0x01,0x24,0x05,0x00,0x01,0xB5,0x01,0xFA,0x06,0x00,0x01,0x24,0x01,0xFA,0x01,0x24,
  0x0F,0x00,0x01,0x69,0x01,0xFA,0x01,0x6D,0x0C,0x00,0x01,0x91,0x01,0xFA,0x01,0x24,
  0x0A,0x00,0x01,0x69,0x01,0xFA,0x01,0x44,0x04,0x00,0x01,0x20,0x01,0xFA,0x01,0xD5,
  0x05,0x00,0x01,0x24,0x01,0xFA,0x01,0x48,0x97,0x00,0x01,0x6D,0x01,0xFA,0x01,0x48,
  0x04,0x00,0x01,0x24,0x01,0xFA,0x01,0xB1,0x08,0x00,0x01,0xFA,0x01,0xB5,0x0B,0x00,
  0x01,0x8D,0x01,0xFA,0x01,0x44,0x0A,0x00,0x01,0x91,0x01,0xFA,0x01,0x8D,0x01,0xD5,
  0x01,0x8D,0x05,0x00,0x01,0x8D,0x01,0x24,0x04,0x00,0x02,0xD5,0x0B,0x00,0x01,0x6D,
  0x01,0xFA,0x01,0x69,0x05,0x00,0x01,0xFA,0x01,0xD9,0x05,0x00,0x01,0x24,0x01,0xD5,
  0x01,0x8D,0x06,0x00,0x01,0xB5,0x01,0xFA,0x05,0x00,0x01,0x6D,0x01,0xFA,0x01,0x8D,
  0x10,0x00,0x01,0x48,0x01,0xFA,0x01,0x6D,0x0C,0x00,0x01,0x8D,0x01,0xFA,0x01,0x44,
  0x0A,0x00,0x01,0x69,0x01,0xFA,0x01,0x24,0x05,0x00,0x01,0xD5,0x01,0xFA,0x01,0x24,
  0x03,0x00,0x01,0x24,0x01,0xD9,0x01,0x91,0x92,0x00,0x06,0x24,0x01,0x8D,0x01,0xFA,
  0x01,0x91,0x01,0x24,0x03,0x00,0x01,0x24,0x01,0xFA,0x01,0x91,0x08,0x00,0x01,0xD9,
  0x01,0xB1,0x0B,0x00,0x01,0x8D,0x01,0xFA,0x01,0x44,0x0A,0x00,0x01,0x44,0x03,0xFA,
  0x01,0x24,0x05,0x00,0x01,0xD5,0x01,0x8D,0x03,0x00,0x01,0x20,0x01,0xFA,0x01,0xB5,
  0x0B,0x00,0x01,0x69,0x01,0xFA,0x01,0x69,0x05,0x00,0x01,0xB1,0x01,0xFA,0x01,0x8D,
  0x01,0x24,0x01,0x44,0x01,0x69,0x01,0xB1,0x01,0xFA,0x01,0xB1,0x07,0x00,0x01,0xB1,
  0x01,0xFA,0x02,0x00,0x01,0x24,0x01,0xB1,0x02,0xFA,0x01,0xB1,0x11,0x00,0x01,0x48,
  0x01,0xFA,0x01,0x6D,0x0C,0x00,0x01,0x8D,0x01,0xFA,0x01,0x44,0x03,0x00,0x07,0x24,
  0x01,0x6D,0x01,0xFA,0x06,0x00,0x01,0x8D,0x01,0xFA,0x01,0xB1,0x01,0x24,0x01,0x48,
  0x01,0x91,0x01,0xFA,0x01,0xB1,0x92,0x00,0x01,0x49,0x09,0xFA,0x01,0xD5,0x04,0x00,
  0x01,0xFA,0x01,0x48,0x08,0x00,0x01,0xD5,0x01,0x91,0x0B,0x00,0x01,0x6D,0x01,0xFA,
  0x0C,0x00,0x01,0xD5,0x01,0xFA,0x01,0xD5,0x06,0x00,0x01,0xD5,0x01,0xFA,0x01,0xD5,
  0x01,0x8D,0x01,0x6D,0x01,0xD5,0x01,0xFA,0x01,0x44,0x0B,0x00,0x01,0x69,0x01,0xFA,
  0x01,0x69,0x05,0x00,0x01,0x49,0x06,0xFA,0x01,0x8D,0x08,0x00,0x01,0xB1,0x01,0xFA,
  0x02,0x00,0x01,0x8D,0x02,0xFA,0x01,0x6D,0x12,0x00,0x01,0x24,0x01,0xFA,0x01,0x44,
  0x0C,0x00,0x01,0x6D,0x01,0xFA,0x03,0x00,0x01,0x48,0x08,0xFA,0x01,0x8D,0x06,0x00,
  0x01,0x24,0x05,0xFA,0x01,0x91,0x93,0x00,0x0A,0xFA,0x01,0x44,0x04,0x00,0x01,0xB1,
  0x09,0x00,0x01,0xB1,0x01,0x24,0x0B,0x00,0x01,0x69,0x01,0x6D,0x0C,0x00,0x01,0x6D,
  0x01,0xFA,0x01,0x48,0x06,0x00,0x01,0x24,0x01,0x91,0x01,0xF9,0x02,0xFA,0x01,0xB1,
  0x01,0x24,0x0C,0x00,0x01,0x69,0x01,0xFA,0x01,0x69,0x06,0x00,0x01,0x8D,0x02,0xFA,
  0x01,0xD5,0x01,0x8D,0x01,0x24,0x09,0x00,0x01,0xB1,0x01,0xFA,0x02,0x00,0x01,0xD9,
  0x01,0x8D,0x01,0x24,0x13,0x00,0x01,0x24,0x01,0x91,0x0D,0x00,0x01,0x69,0x01,0x6D,
  0x03,0x00,0x01,0xD5,0x08,0xFA,0x01,0x24,0x07,0x00,0x01,0x6D,0x02,0xFA,0x01,0xB1,
  0x01,0x48,0xE4,0x00,0x01,0x49,0x01,0xFA,0x01,0x69,0x15,0x00,0x01,0xB1,0x01,0xFA,
  0xFF,0x00,0x27,0x00,0x01,0x48,0x01,0xFA,0x01,0x69,0x15,0x00,0x01,0xB1,0x01,0xFA,
  0xFF,0x00,0x27,0x00,0x01,0x48,0x01,0xFA,0x01,0x69,0x15,0x00,0x01,0xB1,0x01,0xFA,
  0xFF,0x00,0x27,0x00,0x01,0x48,0x01,0xFA,0x01,0x48,0x15,0x00,0x01,0x91,0x01,0xB1,
  0xFF,0x00,0x27,0x00,0x01,0x48,0x01,0xB1,0x16,0x00,0x01,0x6D,0x01,0x24,0xFF,0x00,
  0xFF,0x00,0xFF,0x00,0xFF,0x00,0xFF,0x00,0xFF,0x00,0xFF,0x00,0xFF,0x00,0xFF,0x00,
  0xFF,0x00,0x99,0x00,0xFF,0xFA,0xFF,0xFA,0x82,0xFA,0xFF,0x00,0xFF,0x00,0xFF,0x00,
  0xFF,0x00,0xFF,0x00,0xFF,0x00,0xFF,0x00,0xFF,0x00,0xFF,0x00,0xFF,0x00,0xFF,0x00,
  0xFF,0x00,0xFF,0x00,0xFF,0x00,0xFF,0x00,0xFF,0x00,0xFF,0x00,0x12,0x00,0x01,0x04,
  0x01,0x55,0xFF,0x00,0x30,0x00,0x01,0x04,0x0E,0x00,0x01,0x08,0x01,0x5D,0x0D,0x00,
  0x01,0x04,0xF4,0x00,0x01,0x2C,0x0A,0x00,0x01,0x2C,0x09,0x00,0x01,0x55,0x01,0x31,
  0x04,0x00,0x01,0x28,0x01,0x04,0x06,0x00,0x01,0x59,0x01,0x55,0x07,0x00,0x01,0x28,
  0x01,0x55,0x09,0x00,0x01,0x55,0x01,0x31,0x03,0x00,0x01,0x04,0x01,0x7D,0x07,0x00,
  0x01,0x08,0x01,0x04,0x04,0x00,0x01,0x59,0x01,0x5D,0x01,0x2C,0x03,0x00,0x02,0x31,
  0x12,0x00,0x01,0x51,0x01,0x31,0x10,0x00,0x01,0x55,0x0C,0x00,0x01,0x28,0x03,0x00,
  0x01,0x31,0x03,0x00,0x01,0x08,0x01,0x04,0x07,0x00,0x01,0x04,0x01,0x59,0x01,0x2C,
  0x06,0x00,0x01,0x2C,0xA0,0x00,0x01,0x55,0x05,0x7D,0x01,0x5D,0x01,0x2C,0x03,0x00,
  0x01,0x55,0x05,0x7D,0x01,0x5D,0x01,0x2C,0x03,0x00,0x01,0x59,0x01,0x7D,0x01,0x59,
  0x02,0x00,0x01,0x04,0x04,0x7D,0x01,0x59,0x01,0x04,0x02,0x00,0x01,0x55,0x01,0x7D,
  0x01,0x59,0x06,0x00,0x01,0x59,0x06,0x7D,0x01,0x31,0x03,0x00,0x01,0x59,0x01,0x7D,
  0x01,0x59,0x03,0x00,0x05,0x7D,0x01,0x59,0x02,0x00,0x01,0x5D,0x01,0x7D,0x01,0x2C,
  0x03,0x00,0x01,0x04,0x01,0x59,0x01,0x7D,0x01,0x55,0x02,0x00,0x01,0x59,0x01,0x7D,
  0x01,0x59,0x01,0x04,0x0F,0x00,0x01,0x04,0x01,0x59,0x01,0x7D,0x01,0x59,0x03,0x00,
  0x01,0x59,0x01,0x2C,0x02,0x00,0x01,0x2C,0x01,0x59,0x01,0x7D,0x01,0x51,0x03,0x00,
  0x01,0x55,0x07,0x7D,0x01,0x2C,0x04,0x00,0x01,0x04,0x06,0x7D,0x01,0x04,0x01,0x00,
  0x01,0x5D,0x03,0x7D,0x01,0x55,0x03,0x00,0x01,0x04,0x02,0x55,0x01,0x7D,0x01,0x5D,
  0x01,0x04,0x03,0x00,0x01,0x55,0x07,0x7D,0x01,0x2C,0x99,0x00,0x01,0x28,0x05,0x2C,
  0x01,0x55,0x01,0x7D,0x03,0x00,0x01,0x28,0x05,0x2C,0x01,0x55,0x01,0x7D,0x04,0x00,
  0x01,0x31,0x01,0x7D,0x01,0x31,0x01,0x00,0x01,0x04,0x04,0x2C,0x01,0x59,0x01,0x2D,
  0x03,0x00,0x01,0x08,0x01,0x7D,0x01,0x28,0x05,0x00,0x01,0x28,0x01,0x55,0x01,0x59,
  0x03,0x28,0x01,0x31,0x01,0x7D,0x01,0x04,0x03,0x00,0x01,0x31,0x01,0x7D,0x01,0x31,
  0x02,0x00,0x01,0x28,0x04,0x2C,0x01,0x7D,0x01,0x28,0x01,0x00,0x01,0x28,0x01,0x59,
  0x01,0x7D,0x01,0x51,0x03,0x00,0x01,0x59,0x01,0x31,0x01,0x59,0x03,0x00,0x01,0x2C,
  0x01,0x7D,0x01,0x51,0x05,0x00,0x06,0x59,0x01,0x28,0x05,0x00,0x01,0x31,0x01,0x7D,
  0x01,0x31,0x02,0x00,0x01,0x59,0x01,0x55,0x01,0x00,0x01,0x08,0x01,0x55,0x01,0x2C,
  0x01,0x31,0x01,0x7D,0x01,0x31,0x02,0x00,0x01,0x08,0x01,0x7D,0x01,0x31,0x04,0x2C,
  0x01,0x59,0x01,0x55,0x04,0x00,0x01,0x04,0x04,0x2C,0x01,0x7D,0x01,0x2C,0x01,0x00,
  0x01,0x04,0x04,0x2C,0x01,0x5D,0x01,0x55,0x02,0x00,0x01,0x55,0x01,0x04,0x01,0x00,
  0x01,0x04,0x01,0x55,0x01,0x59,0x03,0x00,0x01,0x51,0x01,0x7D,0x05,0x2C,0x01,0x55,
  0x01,0x59,0x0B,0x00,0x03,0x7D,0x8C,0x00,0x01,0x28,0x05,0x00,0x01,0x7D,0x01,0x04,
  0x03,0x00,0x01,0x28,0x05,0x00,0x01,0x7D,0x01,0x04,0x04,0x00,0x01,0x51,0x01,0x55,
  0x06,0x00,0x01,0x2C,0x01,0x31,0x04,0x00,0x01,0x55,0x01,0x2C,0x06,0x00,0x01,0x28,
  0x01,0x59,0x04,0x00,0x01,0x59,0x01,0x08,0x04,0x00,0x01,0x51,0x01,0x55,0x07,0x00,
  0x01,0x59,0x01,0x28,0x03,0x00,0x01,0x59,0x01,0x7D,0x02,0x00,0x01,0x04,0x01,0x55,
  0x06,0x00,0x01,0x31,0x01,0x59,0x12,0x00,0x01,0x51,0x01,0x55,0x02,0x00,0x01,0x28,
  0x01,0x7D,0x05,0x00,0x01,0x28,0x01,0x5D,0x03,0x00,0x01,0x7D,0x01,0x04,0x04,0x00,
  0x01,0x2C,0x01,0x51,0x09,0x00,0x01,0x7D,0x07,0x00,0x01,0x28,0x01,0x7D,0x02,0x00,
  0x01,0x7D,0x01,0x08,0x03,0x00,0x01,0x7D,0x01,0x04,0x03,0x00,0x01,0x7D,0x01,0x04,
  0x04,0x00,0x01,0x2C,0x01,0x55,0x0A,0x00,0x05,0x7D,0x8B,0x00,0x01,0x7D,0x05,0x00,
  0x01,0x59,0x01,0x04,0x03,0x00,0x01,0x7D,0x05,0x00,0x01,0x59,0x01,0x04,0x04,0x00,
  0x01,0x2C,0x01,0x55,0x06,0x00,0x01,0x2C,0x01,0x51,0x04,0x00,0x01,0x2C,0x01,0x31,
  0x07,0x00,0x01,0x7D,0x04,0x00,0x01,0x55,0x01,0x28,0x04,0x00,0x01,0x2C,0x01,0x55,
  0x07,0x00,0x01,0x59,0x04,0x00,0x01,0x31,0x01,0x55,0x02,0x00,0x01,0x04,0x01,0x7D,
  0x06,0x00,0x01,0x04,0x01,0x59,0x12,0x00,0x01,0x2C,0x01,0x55,0x03,0x00,0x01,0x7D,
  0x01,0x08,0x05,0x00,0x01,0x5D,0x03,0x00,0x01,0x7D,0x01,0x04,0x04,0x00,0x01,0x2C,
  0x01,0x28,0x09,0x00,0x01,0x7D,0x08,0x00,0x01,0x7D,0x01,0x04,0x01,0x00,0x01,0x55,
  0x01,0x7D,0x01,0x28,0x02,0x00,0x01,0x59,0x01,0x08,0x03,0x00,0x01,0x59,0x01,0x28,
  0x04,0x00,0x01,0x2C,0x01,0x2D,0x09,0x00,0x07,0x7D,0x8A,0x00,0x01,0x7D,0x05,0x00,
  0x01,0x59,0x01,0x08,0x03,0x00,0x01,0x7D,0x05,0x00,0x01,0x59,0x01,0x08,0x04,0x00,
  0x01,0x2C,0x01,0x55,0x06,0x00,0x01,0x2C,0x01,0x55,0x04,0x00,0x01,0x2C,0x01,0x55,
  0x07,0x00,0x01,0x59,0x01,0x04,0x03,0x00,0x01,0x55,0x01,0x28,0x04,0x00,0x01,0x2C,
  0x01,0x55,0x06,0x00,0x01,0x04,0x01,0x31,0x04,0x00,0x01,0x59,0x01,0x04,0x03,0x00,
  0x01,0x55,0x01,0x2C,0x05,0x00,0x01,0x04,0x01,0x59,0x05,0x00,0x06,0x59,0x01,0x28,
  0x06,0x00,0x01,0x28,0x01,0x55,0x03,0x00,0x01,0x55,0x01,0x2C,0x04,0x00,0x01,0x04,
  0x01,0x31,0x03,0x00,0x01,0x59,0x01,0x08,0x04,0x00,0x01,0x55,0x0A,0x00,0x01,0x7D,
  0x08,0x00,0x01,0x59,0x01,0x08,0x02,0x00,0x01,0x2C,0x03,0x00,0x01,0x55,0x01,0x08,
  0x03,0x00,0x02,0x31,0x04,0x00,0x01,0x55,0x0A,0x00,0x07,0x7D,0x8A,0x00,0x01,0x7D,
  0x05,0x00,0x01,0x55,0x01,0x08,0x03,0x00,0x01,0x7D,0x05,0x00,0x01,0x55,0x01,0x08,
  0x04,0x00,0x01,0x2C,0x01,0x55,0x06,0x00,0x01,0x28,0x01,0x55,0x03,0x00,0x01,0x08,
  0x02,0x59,0x07,0x00,0x01,0x51,0x01,0x28,0x03,0x00,0x01,0x51,0x01,0x2C,0x04,0x00,
  0x01,0x2C,0x01,0x55,0x05,0x00,0x01,0x04,0x01,0x55,0x04,0x00,0x02,0x28,0x04,0x00,
  0x01,0x28,0x01,0x5D,0x05,0x00,0x01,0x04,0x01,0x59,0x12,0x00,0x01,0x28,0x01,0x59,
  0x03,0x00,0x01,0x2C,0x01,0x55,0x04,0x00,0x01,0x55,0x04,0x00,0x01,0x59,0x01,0x08,
  0x03,0x00,0x01,0x2C,0x01,0x28,0x0A,0x00,0x01,0x7D,0x01,0x04,0x07,0x00,0x01,0x59,
  0x01,0x08,0x06,0x00,0x01,0x55,0x01,0x08,0x03,0x00,0x01,0x08,0x01,0x59,0x03,0x00,
  0x02,0x2C,0x0A,0x00,0x07,0x7D,0x8A,0x00,0x01,0x7D,0x05,0x00,0x01,0x55,0x01,0x08,
  0x03,0x00,0x01,0x7D,0x05,0x00,0x01,0x55,0x01,0x08,0x04,0x00,0x01,0x2C,0x01,0x55,
  0x02,0x00,0x01,0x08,0x03,0x2C,0x01,0x51,0x01,0x59,0x01,0x28,0x01,0x00,0x01,0x31,
  0x01,0x59,0x01,0x04,0x01,0x7D,0x05,0x00,0x01,0x04,0x01,0x28,0x01,0x55,0x01,0x04,
  0x03,0x00,0x01,0x31,0x01,0x28,0x04,0x00,0x01,0x2C,0x01,0x55,0x03,0x00,0x01,0x2C,
  0x01,0x55,0x01,0x5D,0x01,0x04,0x0B,0x00,0x01,0x59,0x01,0x2C,0x02,0x00,0x01,0x28,
  0x01,0x2C,0x02,0x31,0x12,0x00,0x01,0x08,0x01,0x59,0x03,0x00,0x01,0x04,0x01,0x7D,
  0x02,0x2C,0x01,0x31,0x01,0x59,0x01,0x08,0x04,0x00,0x01,0x59,0x01,0x08,0x01,0x00,
  0x01,0x2C,0x01,0x59,0x01,0x31,0x0B,0x00,0x01,0x59,0x01,0x04,0x07,0x00,0x01,0x55,
  0x01,0x08,0x01,0x00,0x01,0x04,0x04,0x2C,0x01,0x59,0x05,0x00,0x01,0x7D,0x01,0x31,
  0x01,0x2C,0x01,0x59,0x01,0x31,0x0C,0x00,0x05,0x7D,0x8B,0x00,0x01,0x31,0x05,0x00,
  0x01,0x31,0x04,0x00,0x01,0x31,0x05,0x00,0x01,0x31,0x05,0x00,0x01,0x28,0x01,0x2C,
  0x01,0x00,0x01,0x04,0x06,0x7D,0x01,0x2C,0x01,0x04,0x01,0x55,0x01,0x04,0x01,0x00,
  0x01,0x31,0x05,0x00,0x02,0x7D,0x01,0x59,0x04,0x00,0x01,0x2C,0x05,0x00,0x01,0x28,
  0x01,0x2C,0x02,0x00,0x01,0x08,0x01,0x55,0x01,0x2C,0x0D,0x00,0x01,0x04,0x01,0x28,
  0x01,0x00,0x01,0x04,0x02,0x7D,0x01,0x5D,0x13,0x00,0x01,0x08,0x01,0x59,0x04,0x00,
  0x01,0x31,0x01,0x7D,0x01,0x59,0x01,0x31,0x06,0x00,0x01,0x59,0x02,0x08,0x01,0x55,
  0x01,0x04,0x0C,0x00,0x01,0x31,0x08,0x00,0x01,0x31,0x01,0x00,0x01,0x04,0x05,0x7D,
  0x01,0x31,0x05,0x00,0x01,0x2C,0x01,0x7D,0x01,0x55,0x01,0x28,0x0E,0x00,0x03,0x7D,
  0xF3,0x00,0x01,0x08,0x01,0x59,0x0E,0x00,0x01,0x55,0x01,0x08,0xFF,0x00,0x2F,0x00,
  0x01,0x04,0x01,0x59,0x0E,0x00,0x01,0x55,0x01,0x04,0xFF,0x00,0x2F,0x00,0x01,0x04,
  0x01,0x31,0x0E,0x00,0x01,0x51,0xFF,0x00,0xFF,0x00,0xFF,0x00,0xFF,0x00,0xFF,0x00,
  0xFF,0x00,0xFF,0x00,0xFF,0x00,0xFF,0x00,0xFF,0x00,0xFF,0x00,0xFF,0x00,0xFF,0x00,
  0x80,0x00,0x01,0x24,0x01,0x49,0x09,0x00,0x01,0x24,0x05,0x00,0x01,0x24,0x07,0x00,
  0x02,0x24,0x06,0x00,0x01,0x6D,0x01,0x49,0x0F,0x00,0x01,0x6D,0x01,0x49,0x07,0x00,
  0x01,0x24,0x01,0x49,0x09,0x00,0x01,0x24,0x05,0x00,0x02,0x49,0x04,0x00,0x01,0x6D,
  0x01,0x49,0x05,0x00,0x01,0x6D,0x0C,0x00,0x01,0x24,0x07,0x00,0x01,0x24,0x01,0x6D,
  0x09,0x00,0x01,0x6D,0x01,0x49,0x04,0x00,0x01,0x24,0xC0,0x00,0x07,0x92,0x01,0x6D,
  0x03,0x00,0x02,0x92,0x01,0x49,0x03,0x00,0x04,0x92,0x01,0x6D,0x03,0x00,0x04,0x92,
  0x01,0x6D,0x03,0x00,0x02,0x92,0x01,0x6D,0x03,0x00,0x02,0x6D,0x02,0x00,0x01,0x49,
  0x01,0x92,0x01,0x6D,0x04,0x00,0x02,0x92,0x01,0x6D,0x06,0x00,0x07,0x92,0x01,0x6D,
  0x03,0x00,0x02,0x92,0x01,0x49,0x03,0x00,0x01,0x6D,0x02,0x92,0x03,0x00,0x02,0x92,
  0x01,0x6D,0x03,0x00,0x01,0x6D,0x07,0x92,0x01,0x49,0x05,0x00,0x04,0x92,0x01,0x6D,
  0x03,0x00,0x07,0x92,0x01,0x49,0x03,0x00,0x02,0x92,0x01,0x6D,0x03,0x00,0x02,0x92,
  0x01,0x49,0xBE,0x00,0x02,0x6D,0x04,0x24,0x01,0x49,0x01,0x92,0x01,0x49,0x02,0x00,
  0x01,0x24,0x02,0x92,0x01,0x6D,0x02,0x00,0x03,0x24,0x01,0x49,0x01,0x92,0x01,0x6D,
  0x02,0x00,0x03,0x24,0x01,0x49,0x02,0x92,0x03,0x00,0x01,0x49,0x01,0x92,0x01,0x49,
  0x02,0x00,0x01,0x49,0x01,0x92,0x01,0x24,0x03,0x49,0x02,0x92,0x04,0x00,0x01,0x49,
  0x01,0x92,0x01,0x49,0x05,0x00,0x02,0x6D,0x04,0x24,0x01,0x49,0x01,0x92,0x01,0x49,
  0x02,0x00,0x01,0x24,0x02,0x92,0x01,0x6D,0x03,0x00,0x01,0x49,0x01,0x92,0x01,0x6D,
  0x03,0x00,0x01,0x49,0x01,0x92,0x01,0x49,0x02,0x00,0x01,0x24,0x01,0x92,0x01,0x49,
  0x04,0x24,0x02,0x6D,0x05,0x00,0x03,0x24,0x01,0x49,0x01,0x92,0x01,0x6D,0x02,0x00,
  0x01,0x24,0x01,0x6D,0x01,0x92,0x03,0x24,0x01,0x49,0x01,0x92,0x04,0x00,0x01,0x49,
  0x01,0x92,0x01,0x49,0x02,0x00,0x01,0x24,0x02,0x92,0x01,0x6D,0xBD,0x00,0x02,0x49,
  0x05,0x00,0x02,0x49,0x04,0x00,0x01,0x6D,0x01,0x92,0x06,0x00,0x01,0x24,0x01,0x92,
  0x07,0x00,0x01,0x92,0x01,0x24,0x03,0x00,0x02,0x6D,0x03,0x00,0x01,0x92,0x01,0x6D,
  0x01,0x49,0x03,0x00,0x01,0x92,0x01,0x24,0x04,0x00,0x02,0x6D,0x05,0x00,0x02,0x49,
  0x05,0x00,0x02,0x49,0x04,0x00,0x01,0x6D,0x01,0x92,0x04,0x00,0x01,0x49,0x01,0x6D,
  0x04,0x00,0x02,0x6D,0x03,0x00,0x01,0x92,0x01,0x24,0x04,0x00,0x01,0x49,0x01,0x6D,
  0x09,0x00,0x01,0x24,0x01,0x92,0x03,0x00,0x01,0x24,0x01,0x92,0x04,0x00,0x01,0x92,
  0x01,0x24,0x04,0x00,0x02,0x6D,0x04,0x00,0x01,0x6D,0x01,0x92,0xBD,0x00,0x02,0x49,
  0x05,0x00,0x01,0x49,0x01,0x6D,0x04,0x00,0x01,0x49,0x01,0x6D,0x07,0x00,0x01,0x92,
  0x07,0x00,0x01,0x6D,0x01,0x49,0x03,0x00,0x01,0x49,0x01,0x6D,0x03,0x00,0x02,0x6D,
  0x04,0x00,0x01,0x6D,0x01,0x49,0x04,0x00,0x01,0x49,0x01,0x6D,0x05,0x00,0x02,0x49,
  0x05,0x00,0x01,0x49,0x01,0x6D,0x04,0x00,0x01,0x49,0x01,0x6D,0x04,0x00,0x01,0x24,
  0x01,0x92,0x04,0x00,0x01,0x49,0x01,0x6D,0x03,0x00,0x01,0x92,0x01,0x24,0x04,0x00,
  0x01,0x49,0x01,0x24,0x0A,0x00,0x01,0x92,0x04,0x00,0x01,0x92,0x04,0x00,0x01,0x6D,
  0x01,0x24,0x04,0x00,0x01,0x49,0x01,0x6D,0x04,0x00,0x01,0x49,0x01,0x6D,0xBD,0x00,
  0x02,0x49,0x05,0x00,0x01,0x49,0x01,0x6D,0x04,0x00,0x01,0x92,0x08,0x00,0x01,0x92,
  0x01,0x24,0x06,0x00,0x01,0x49,0x01,0x24,0x03,0x00,0x01,0x49,0x01,0x6D,0x03,0x00,
  0x01,0x6D,0x01,0x49,0x04,0x00,0x01,0x49,0x01,0x6D,0x04,0x00,0x01,0x49,0x01,0x6D,
  0x05,0x00,0x02,0x49,0x05,0x00,0x01,0x49,0x01,0x6D,0x04,0x00,0x01,0x92,0x06,0x00,
  0x01,0x92,0x04,0x00,0x01,0x49,0x01,0x6D,0x03,0x00,0x01,0x92,0x01,0x24,0x04,0x00,
  0x01,0x6D,0x0B,0x00,0x01,0x92,0x01,0x24,0x03,0x00,0x01,0x92,0x01,0x24,0x03,0x00,
  0x01,0x6D,0x01,0x24,0x04,0x00,0x01,0x49,0x01,0x6D,0x04,0x00,0x01,0x92,0xBE,0x00,
  0x02,0x49,0x05,0x00,0x01,0x24,0x01,0x6D,0x03,0x00,0x02,0x24,0x08,0x00,0x01,0x6D,
  0x01,0x24,0x06,0x00,0x01,0x6D,0x04,0x00,0x01,0x49,0x01,0x6D,0x03,0x00,0x01,0x6D,
  0x05,0x00,0x01,0x24,0x01,0x6D,0x04,0x00,0x01,0x49,0x01,0x6D,0x05,0x00,0x02,0x49,
  0x05,0x00,0x01,0x24,0x01,0x6D,0x03,0x00,0x02,0x24,0x06,0x00,0x01,0x92,0x04,0x00,
  0x01,0x49,0x01,0x6D,0x03,0x00,0x01,0x92,0x01,0x24,0x03,0x00,0x01,0x49,0x01,0x24,
  0x0B,0x00,0x01,0x6D,0x01,0x24,0x03,0x00,0x01,0x6D,0x01,0x24,0x03,0x00,0x01,0x6D,
  0x01,0x24,0x04,0x00,0x01,0x49,0x01,0x6D,0x03,0x00,0x02,0x24,0xBE,0x00,0x01,0x49,
  0x01,0x92,0x01,0x49,0x04,0x24,0x01,0x6D,0x01,0x49,0x0D,0x00,0x01,0x6D,0x01,0x24,
  0x01,0x00,0x04,0x24,0x02,0x49,0x04,0x00,0x01,0x24,0x01,0x6D,0x03,0x00,0x01,0x92,
  0x02,0x00,0x03,0x24,0x02,0x49,0x04,0x00,0x01,0x24,0x01,0x6D,0x05,0x00,0x01,0x49,
  0x01,0x92,0x01,0x49,0x04,0x24,0x01,0x6D,0x01,0x49,0x08,0x00,0x02,0x24,0x02,0x49,
  0x04,0x00,0x01,0x24,0x01,0x6D,0x03,0x00,0x01,0x6D,0x01,0x24,0x01,0x00,0x01,0x49,
  0x01,0x92,0x01,0x49,0x0C,0x00,0x01,0x6D,0x01,0x24,0x01,0x00,0x02,0x24,0x01,0x6D,
  0x04,0x00,0x01,0x49,0x01,0x24,0x04,0x00,0x01,0x24,0x01,0x6D,0xC4,0x00,0x07,0x92,
  0x0E,0x00,0x01,0x49,0x02,0x00,0x04,0x92,0x01,0x6D,0x05,0x00,0x01,0x24,0x01,0x49,
  0x02,0x00,0x01,0x24,0x01,0x49,0x01,0x00,0x05,0x92,0x05,0x00,0x01,0x24,0x01,0x49,
  0x06,0x00,0x07,0x92,0x08,0x00,0x01,0x24,0x03,0x92,0x05,0x00,0x01,0x24,0x01,0x49,
  0x03,0x00,0x01,0x6D,0x02,0x24,0x01,0x6D,0x01,0x24,0x0D,0x00,0x01,0x49,0x02,0x00,
  0x02,0x92,0x01,0x6D,0x04,0x00,0x01,0x49,0x05,0x00,0x01,0x24,0x01,0x49,0xEA,0x00,
  0x01,0x24,0x31,0x00,0x01,0x6D,0x01,0x24,0xFF,0x00,0x3F,0x00,0x01,0x6D,0x01,0x24,
  0xFF,0x00,0x3F,0x00,0x01,0x6D,0xFF,0x00,0xFF,0x00,0xFF,0x00,0xFF,0x00,0xFF,0x00,
  0xFF,0x00,0xFF,0x00,0xFF,0x00,0xFF,0x00,0xFF,0x00,0xFF,0x00,0x66,0x00,0x01,0x6D,
  0xFF,0x00,0x3F,0x00,0x01,0x24,0x01,0x92,0xD6,0x00,0x01,0x24,0x09,0x00,0x02,0x24,
  0x06,0x00,0x01,0x6D,0x01,0x49,0x0F,0x00,0x02,0x49,0x07,0x00,0x01,0x24,0x08,0x00,
  0x01,0x24,0x0A,0x00,0x01,0x49,0x17,0x00,0x01,0x24,0x01,0x6D,0x09,0x00,0x01,0x6D,
  0x01,0x49,0x04,0x00,0x01,0x92,0x07,0x00,0x01,0x6D,0x01,0x24,0x03,0x00,0x01,0x92,
  0xC8,0x00,0x01,0x6D,0x06,0x92,0x01,0x24,0x03,0x00,0x04,0x92,0x01,0x6D,0x03,0x00,
  0x02,0x92,0x01,0x6D,0x03,0x00,0x02,0x6D,0x02,0x00,0x01,0x49,0x01,0x92,0x01,0x6D,
  0x04,0x00,0x01,0x6D,0x02,0x92,0x06,0x00,0x04,0x92,0x01,0x6D,0x03,0x00,0x01,0x24,
  0x05,0x92,0x01,0x49,0x04,0x00,0x01,0x6D,0x07,0x92,0x01,0x49,0x02,0x00,0x02,0x6D,
  0x02,0x00,0x01,0x49,0x01,0x92,0x01,0x6D,0x07,0x00,0x07,0x92,0x01,0x49,0x03,0x00,
  0x02,0x92,0x01,0x6D,0x03,0x00,0x06,0x92,0x02,0x00,0x01,0x92,0x01,0x6D,0x03,0x00,
  0x01,0x92,0x01,0x24,0xC7,0x00,0x06,0x24,0x01,0x6D,0x01,0x92,0x03,0x00,0x03,0x24,
  0x01,0x49,0x02,0x92,0x03,0x00,0x01,0x49,0x01,0x92,0x01,0x49,0x02,0x00,0x01,0x49,
  0x01,0x92,0x01,0x24,0x03,0x49,0x02,0x92,0x04,0x00,0x01,0x49,0x01,0x92,0x01,0x6D,
  0x05,0x00,0x03,0x24,0x01,0x49,0x01,0x92,0x01,0x6D,0x02,0x00,0x01,0x6D,0x01,0x92,
  0x03,0x24,0x01,0x49,0x01,0x92,0x01,0x6D,0x03,0x00,0x01,0x6D,0x01,0x92,0x05,0x24,
  0x02,0x6D,0x02,0x00,0x01,0x49,0x01,0x92,0x01,0x24,0x03,0x49,0x02,0x92,0x06,0x00,
  0x01,0x24,0x01,0x6D,0x01,0x92,0x03,0x24,0x01,0x49,0x01,0x92,0x04,0x00,0x01,0x49,
  0x01,0x92,0x01,0x49,0x02,0x00,0x04,0x24,0x01,0x49,0x01,0x92,0x01,0x24,0x01,0x00,
  0x01,0x24,0x01,0x92,0x03,0x00,0x01,0x92,0x01,0x24,0xC8,0x00,0x01,0x24,0x05,0x00,
  0x01,0x92,0x08,0x00,0x01,0x92,0x01,0x24,0x03,0x00,0x02,0x6D,0x03,0x00,0x01,0x92,
  0x01,0x6D,0x01,0x49,0x03,0x00,0x01,0x92,0x01,0x24,0x04,0x00,0x01,0x49,0x01,0x6D,
  0x09,0x00,0x01,0x24,0x01,0x92,0x02,0x00,0x01,0x49,0x01,0x92,0x04,0x00,0x01,0x24,
  0x01,0x92,0x04,0x00,0x01,0x92,0x05,0x00,0x01,0x24,0x01,0x6D,0x03,0x00,0x01,0x92,
  0x01,0x6D,0x01,0x49,0x03,0x00,0x01,0x92,0x01,0x24,0x06,0x00,0x01,0x24,0x01,0x92,
  0x04,0x00,0x01,0x92,0x01,0x24,0x04,0x00,0x02,0x6D,0x07,0x00,0x01,0x6D,0x01,0x24,
  0x02,0x00,0x01,0x92,0x01,0x24,0x02,0x00,0x01,0x6D,0x01,0x24,0xC8,0x00,0x01,0x92,
  0x05,0x00,0x01,0x92,0x01,0x24,0x07,0x00,0x01,0x6D,0x01,0x49,0x03,0x00,0x01,0x49,
  0x01,0x6D,0x03,0x00,0x02,0x6D,0x04,0x00,0x01,0x6D,0x01,0x49,0x04,0x00,0x01,0x24,
  0x01,0x92,0x0A,0x00,0x01,0x92,0x02,0x00,0x01,0x24,0x01,0x92,0x05,0x00,0x01,0x92,
  0x01,0x49,0x03,0x00,0x01,0x6D,0x01,0x24,0x04,0x00,0x02,0x49,0x03,0x00,0x02,0x6D,
  0x04,0x00,0x01,0x6D,0x01,0x49,0x07,0x00,0x01,0x92,0x04,0x00,0x01,0x6D,0x01,0x24,
  0x04,0x00,0x01,0x49,0x01,0x6D,0x07,0x00,0x01,0x92,0x03,0x00,0x01,0x49,0x01,0x6D,
  0x02,0x00,0x01,0x49,0x01,0x24,0xC8,0x00,0x01,0x92,0x05,0x00,0x01,0x6D,0x01,0x24,
  0x07,0x00,0x01,0x49,0x01,0x24,0x03,0x00,0x01,0x49,0x01,0x6D,0x03,0x00,0x01,0x6D,
  0x01,0x49,0x04,0x00,0x01,0x49,0x01,0x6D,0x05,0x00,0x01,0x92,0x0A,0x00,0x01,0x92,
  0x01,0x24,0x01,0x00,0x01,0x24,0x01,0x92,0x05,0x00,0x01,0x6D,0x01,0x49,0x03,0x00,
  0x02,0x49,0x04,0x00,0x01,0x6D,0x04,0x00,0x01,0x6D,0x01,0x49,0x04,0x00,0x01,0x49,
  0x01,0x6D,0x07,0x00,0x01,0x92,0x01,0x24,0x03,0x00,0x01,0x6D,0x01,0x24,0x04,0x00,
  0x01,0x49,0x01,0x6D,0x07,0x00,0x01,0x49,0x03,0x00,0x01,0x24,0x01,0x92,0x02,0x00,
  0x01,0x6D,0xC9,0x00,0x01,0x92,0x05,0x00,0x01,0x6D,0x01,0x24,0x07,0x00,0x01,0x6D,
  0x04,0x00,0x01,0x49,0x01,0x6D,0x03,0x00,0x01,0x6D,0x05,0x00,0x01,0x24,0x01,0x6D,
  0x05,0x00,0x01,0x92,0x0A,0x00,0x01,0x6D,0x01,0x24,0x02,0x00,0x01,0x92,0x05,0x00,
  0x02,0x49,0x03,0x00,0x01,0x24,0x01,0x92,0x03,0x00,0x02,0x49,0x04,0x00,0x01,0x6D,
  0x05,0x00,0x01,0x24,0x01,0x6D,0x07,0x00,0x01,0x6D,0x01,0x24,0x03,0x00,0x01,0x6D,
  0x01,0x24,0x04,0x00,0x01,0x49,0x01,0x6D,0x06,0x00,0x01,0x6D,0x05,0x00,0x01,0x92,
  0x01,0x24,0x01,0x6D,0x01,0x24,0xC9,0x00,0x01,0x92,0x05,0x00,0x01,0x6D,0x01,0x24,
  0x02,0x00,0x04,0x24,0x02,0x49,0x04,0x00,0x01,0x24,0x01,0x6D,0x03,0x00,0x01,0x92,
  0x02,0x00,0x03,0x24,0x02,0x49,0x02,0x00,0x02,0x24,0x02,0x49,0x0A,0x00,0x01,0x6D,
  0x01,0x24,0x02,0x00,0x01,0x92,0x05,0x00,0x02,0x49,0x04,0x00,0x01,0x92,0x02,0x49,
  0x01,0x6D,0x01,0x49,0x05,0x00,0x01,0x92,0x02,0x00,0x03,0x24,0x02,0x49,0x05,0x00,
  0x02,0x24,0x01,0x6D,0x04,0x00,0x01,0x49,0x01,0x24,0x04,0x00,0x01,0x24,0x01,0x6D,
  0x03,0x00,0x01,0x24,0x01,0x6D,0x01,0x92,0x01,0x24,0x05,0x00,0x02,0x92,0x01,0x24,
  0xCA,0x00,0x01,0x49,0x05,0x00,0x01,0x49,0x03,0x00,0x04,0x92,0x01,0x6D,0x05,0x00,
  0x01,0x24,0x01,0x49,0x02,0x00,0x01,0x24,0x01,0x49,0x01,0x00,0x05,0x92,0x02,0x00,
  0x01,0x24,0x03,0x92,0x0B,0x00,0x01,0x49,0x03,0x00,0x01,0x6D,0x05,0x00,0x01,0x24,
  0x01,0x49,0x04,0x00,0x01,0x49,0x01,0x92,0x01,0x6D,0x01,0x24,0x05,0x00,0x01,0x24,
  0x01,0x49,0x01,0x00,0x05,0x92,0x06,0x00,0x02,0x92,0x01,0x6D,0x04,0x00,0x01,0x49,
  0x05,0x00,0x01,0x24,0x01,0x49,0x02,0x00,0x01,0x24,0x01,0x6D,0x01,0x49,0x05,0x00,
  0x01,0x6D,0x01,0x92,0x01,0x49,0xE4,0x00,0x01,0x24,0x31,0x00,0x01,0x24,0x25,0x00,
  0x01,0x24,0x01,0x6D,0xFF,0x00,0xFF,0x00,0xFF,0x00,0xFF,0x00,0xFF,0x00,0xFF,0x00,
  0xFF,0x00,0xFF,0x00,0xFF,0x00,0xFF,0x00,0xFF,0x00,0xFF,0x00,0xFF,0x00,0x61,0x00,
  0x01,0x20,0x01,0xC9,0xFF,0x00,0x30,0x00,0x01,0x20,0x0E,0x00,0x01,0x40,0x01,0xE9,
  0x0D,0x00,0x01,0x20,0xF4,0x00,0x01,0x64,0x09,0x00,0x01,0x40,0x01,0x20,0x06,0x00,
  0x01,0xA9,0x01,0x84,0x05,0x00,0x01,0x20,0x09,0x00,0x02,0x84,0x07,0x00,0x01,0x44,
  0x01,0xA9,0x09,0x00,0x01,0xA9,0x01,0x84,0x03,0x00,0x01,0x20,0x01,0xED,0x07,0x00,
  0x01,0x40,0x01,0x20,0x04,0x00,0x01,0xC9,0x01,0xE9,0x01,0x64,0x03,0x00,0x02,0x84,
  0x12,0x00,0x01,0x44,0x01,0x20,0x07,0x00,0x01,0x44,0x09,0x00,0x01,0x40,0x01,0x20,
  0x09,0x00,0x01,0x64,0x03,0x00,0x01,0x84,0x03,0x00,0x01,0x40,0x01,0x20,0x07,0x00,
  0x01,0x20,0x01,0xC9,0x01,0x64,0x06,0x00,0x01,0x64,0xA1,0x00,0x01,0xA9,0x05,0xED,
  0x01,0xE9,0x01,0x64,0x03,0x00,0x01,0xE9,0x03,0xED,0x01,0xA9,0x01,0x20,0x02,0x00,
  0x01,0xC9,0x01,0xED,0x01,0xC9,0x03,0x00,0x01,0xA9,0x01,0xC9,0x02,0x00,0x01,0x84,
  0x01,0xED,0x01,0xC9,0x01,0x20,0x03,0x00,0x01,0xC9,0x01,0xED,0x01,0xC9,0x01,0x20,
  0x05,0x00,0x01,0xC9,0x06,0xED,0x01,0x84,0x03,0x00,0x01,0xC9,0x01,0xED,0x01,0xC9,
  0x03,0x00,0x05,0xED,0x01,0xE9,0x02,0x00,0x01,0xE9,0x01,0xED,0x01,0x64,0x03,0x00,
  0x01,0x20,0x01,0xE9,0x01,0xED,0x01,0xC9,0x02,0x00,0x01,0xC9,0x01,0xED,0x01,0xC9,
  0x01,0x20,0x0F,0x00,0x01,0x20,0x04,0xED,0x01,0xC9,0x01,0x20,0x02,0x00,0x01,0x44,
  0x04,0xED,0x01,0xE9,0x01,0x84,0x04,0x00,0x01,0xE9,0x03,0xED,0x01,0xA9,0x05,0x00,
  0x01,0x20,0x06,0xED,0x01,0x20,0x01,0x00,0x01,0xE9,0x03,0xED,0x01,0xA9,0x03,0x00,
  0x01,0x20,0x02,0xA9,0x01,0xED,0x01,0xE9,0x01,0x40,0x03,0x00,0x01,0xC9,0x07,0xED,
  0x01,0x64,0x9A,0x00,0x06,0x64,0x01,0xA9,0x01,0xED,0x02,0x00,0x01,0x20,0x04,0x64,
  0x01,0xC9,0x01,0xE9,0x03,0x00,0x01,0x84,0x01,0xED,0x01,0x84,0x02,0x00,0x01,0x84,
  0x01,0xED,0x01,0x40,0x02,0x84,0x01,0x64,0x01,0xC9,0x01,0xE9,0x04,0x00,0x01,0x64,
  0x01,0xED,0x01,0xA9,0x05,0x00,0x01,0x44,0x01,0xA9,0x01,0xC9,0x03,0x44,0x01,0x84,
  0x01,0xED,0x01,0x20,0x03,0x00,0x01,0x84,0x01,0xED,0x01,0x84,0x02,0x00,0x01,0x44,
  0x04,0x64,0x01,0xED,0x01,0x44,0x01,0x00,0x01,0x64,0x01,0xE9,0x01,0xED,0x01,0xA9,
  0x03,0x00,0x01,0xC9,0x01,0x84,0x01,0xE9,0x03,0x00,0x01,0x64,0x01,0xED,0x01,0xA9,
  0x05,0x00,0x01,0xC9,0x05,0xE9,0x01,0x64,0x03,0x00,0x01,0x20,0x04,0x64,0x01,0xC9,
  0x01,0x84,0x02,0x00,0x01,0xA9,0x01,0xED,0x03,0x64,0x01,0x84,0x01,0xED,0x01,0xA9,
  0x02,0x00,0x01,0x20,0x03,0x64,0x01,0x84,0x01,0xE9,0x01,0xA9,0x04,0x00,0x01,0x20,
  0x03,0x64,0x01,0x84,0x01,0xED,0x01,0x64,0x01,0x00,0x01,0x20,0x03,0x64,0x01,0x84,
  0x01,0xE9,0x01,0xA9,0x02,0x00,0x01,0xA9,0x01,0x20,0x01,0x00,0x01,0x20,0x01,0xC9,
  0x01,0xE9,0x03,0x00,0x01,0x89,0x01,0xED,0x05,0x64,0x02,0xC9,0x0B,0x00,0x03,0xED,
  0x8D,0x00,0x01,0x44,0x05,0x00,0x01,0xED,0x01,0x20,0x06,0x00,0x01,0x20,0x01,0xE9,
  0x01,0x64,0x03,0x00,0x02,0xA9,0x03,0x00,0x01,0xED,0x01,0xA9,0x01,0x64,0x03,0x00,
  0x01,0xE9,0x01,0x44,0x04,0x00,0x01,0x84,0x01,0xC9,0x06,0x00,0x01,0x44,0x01,0xE9,
  0x04,0x00,0x01,0xC9,0x01,0x40,0x04,0x00,0x02,0xA9,0x07,0x00,0x01,0xC9,0x01,0x44,
  0x03,0x00,0x01,0xC9,0x01,0xED,0x02,0x00,0x01,0x20,0x01,0xA9,0x06,0x00,0x01,0x84,
  0x01,0xC9,0x14,0x00,0x01,0x64,0x01,0x84,0x02,0x00,0x01,0x64,0x01,0xE9,0x04,0x00,
  0x01,0x44,0x01,0xED,0x01,0x20,0x06,0x00,0x01,0x44,0x01,0xED,0x09,0x00,0x01,0xED,
  0x07,0x00,0x01,0x44,0x01,0xED,0x02,0x00,0x01,0xED,0x01,0x40,0x03,0x00,0x01,0xED,
  0x01,0x20,0x03,0x00,0x01,0xED,0x01,0x20,0x04,0x00,0x01,0x64,0x01,0xC9,0x0A,0x00,
  0x05,0xED,0x8C,0x00,0x01,0xED,0x05,0x00,0x01,0xE9,0x01,0x20,0x07,0x00,0x01,0xA9,
  0x01,0x84,0x03,0x00,0x01,0x64,0x01,0xA9,0x03,0x00,0x01,0xA9,0x01,0xC9,0x04,0x00,
  0x01,0xA9,0x01,0x84,0x04,0x00,0x01,0x40,0x01,0xE9,0x07,0x00,0x01,0xED,0x04,0x00,
  0x01,0xA9,0x01,0x44,0x04,0x00,0x01,0x64,0x01,0xA9,0x07,0x00,0x01,0xC9,0x04,0x00,
  0x01,0x84,0x01,0xA9,0x02,0x00,0x01,0x20,0x01,0xED,0x06,0x00,0x01,0x40,0x01,0xE9,
  0x14,0x00,0x01,0x64,0x01,0xA9,0x02,0x00,0x01,0x40,0x01,0xED,0x05,0x00,0x01,0xC9,
  0x01,0x64,0x07,0x00,0x01,0xED,0x01,0x20,0x08,0x00,0x01,0xED,0x08,0x00,0x01,0xED,
  0x01,0x20,0x01,0x00,0x01,0xA9,0x01,0xED,0x01,0x44,0x02,0x00,0x01,0xC9,0x01,0x40,
  0x03,0x00,0x01,0xC9,0x01,0x44,0x04,0x00,0x01,0x64,0x01,0x84,0x09,0x00,0x07,0xED,
  0x8B,0x00,0x01,0xED,0x05,0x00,0x01,0xC9,0x01,0x40,0x07,0x00,0x01,0x84,0x01,0x64,
  0x03,0x00,0x01,0x64,0x01,0xA9,0x03,0x00,0x01,0xA9,0x01,0x64,0x04,0x00,0x01,0x64,
  0x01,0x89,0x04,0x00,0x01,0x20,0x01,0xE9,0x07,0x00,0x01,0xC9,0x01,0x40,0x03,0x00,
  0x01,0xA9,0x01,0x64,0x04,0x00,0x01,0x64,0x01,0xA9,0x06,0x00,0x01,0x20,0x01,0x84,
  0x04,0x00,0x01,0xC9,0x01,0x20,0x03,0x00,0x01,0xC9,0x01,0x84,0x05,0x00,0x01,0x20,
  0x01,0xE9,0x05,0x00,0x01,0xC9,0x05,0xE9,0x01,0x64,0x08,0x00,0x01,0x64,0x01,0xA9,
  0x02,0x00,0x01,0x20,0x01,0xED,0x05,0x00,0x01,0xA9,0x01,0x84,0x07,0x00,0x01,0xC9,
  0x01,0x40,0x08,0x00,0x01,0xED,0x08,0x00,0x01,0xC9,0x01,0x40,0x02,0x00,0x01,0x64,
  0x03,0x00,0x01,0xA9,0x01,0x40,0x03,0x00,0x02,0x84,0x04,0x00,0x01,0xA9,0x0A,0x00,
  0x07,0xED,0x8B,0x00,0x01,0xED,0x05,0x00,0x01,0xC9,0x01,0x40,0x07,0x00,0x01,0xA9,
  0x04,0x00,0x01,0x64,0x01,0xA9,0x03,0x00,0x01,0xC9,0x01,0x20,0x04,0x00,0x01,0x44,
  0x01,0xA9,0x04,0x00,0x01,0x20,0x01,0xC9,0x07,0x00,0x01,0xA9,0x01,0x44,0x03,0x00,
  0x01,0xA9,0x01,0x64,0x04,0x00,0x01,0x64,0x01,0xA9,0x05,0x00,0x01,0x20,0x01,0xC9,
  0x04,0x00,0x02,0x44,0x04,0x00,0x01,0x44,0x01,0xE9,0x05,0x00,0x01,0x20,0x01,0xC9,
  0x14,0x00,0x01,0x44,0x01,0xA9,0x02,0x00,0x01,0x20,0x01,0xED,0x05,0x00,0x02,0x84,
  0x07,0x00,0x01,0xC9,0x01,0x40,0x08,0x00,0x01,0xED,0x01,0x20,0x07,0x00,0x01,0xC9,
  0x01,0x40,0x06,0x00,0x01,0xA9,0x01,0x40,0x03,0x00,0x01,0x40,0x01,0xC9,0x03,0x00,
  0x02,0x64,0x0A,0x00,0x07,0xED,0x8B,0x00,0x01,0xED,0x05,0x00,0x01,0xA9,0x01,0x40,
  0x02,0x00,0x01,0x40,0x03,0x64,0x01,0x84,0x01,0x64,0x04,0x00,0x01,0x64,0x01,0xA9,
  0x03,0x00,0x01,0xC9,0x01,0x00,0x01,0x20,0x03,0x64,0x01,0x84,0x01,0x64,0x02,0x00,
  0x01,0x44,0x01,0x64,0x02,0x84,0x05,0x00,0x01,0x20,0x01,0x44,0x01,0xA9,0x01,0x20,
  0x03,0x00,0x01,0x84,0x01,0x44,0x04,0x00,0x01,0x64,0x01,0xA9,0x03,0x00,0x01,0x64,
  0x01,0xA9,0x01,0xE9,0x01,0x20,0x0B,0x00,0x01,0xC9,0x01,0x64,0x02,0x00,0x01,0x44,
  0x01,0x64,0x02,0x84,0x10,0x00,0x01,0x40,0x03,0x64,0x01,0x89,0x01,0xE9,0x01,0x44,
  0x02,0x00,0x01,0xED,0x05,0x00,0x01,0x64,0x01,0x84,0x07,0x00,0x01,0xA9,0x01,0x40,
  0x08,0x00,0x01,0xE9,0x01,0x20,0x07,0x00,0x01,0xA9,0x01,0x40,0x01,0x00,0x01,0x40,
  0x04,0x64,0x01,0xC9,0x05,0x00,0x01,0xED,0x01,0x84,0x01,0x64,0x01,0xC9,0x01,0x84,
  0x0C,0x00,0x05,0xED,0x8C,0x00,0x01,0x84,0x05,0x00,0x01,0x84,0x02,0x00,0x01,0x20,
  0x04,0xED,0x01,0xA9,0x05,0x00,0x02,0x64,0x02,0x00,0x02,0x64,0x01,0x00,0x01,0xE9,
  0x03,0xED,0x01,0xE9,0x02,0x00,0x01,0x20,0x02,0xED,0x01,0xE9,0x01,0x20,0x05,0x00,
  0x02,0xED,0x01,0xC9,0x04,0x00,0x01,0x64,0x05,0x00,0x02,0x64,0x02,0x00,0x01,0x40,
  0x01,0xC9,0x01,0x64,0x0D,0x00,0x01,0x40,0x01,0x44,0x01,0x00,0x01,0x20,0x02,0xED,
  0x01,0xE9,0x01,0x20,0x0F,0x00,0x01,0x20,0x06,0xED,0x01,0x64,0x02,0x00,0x01,0xC9,
  0x05,0x00,0x01,0x44,0x01,0x64,0x07,0x00,0x01,0x84,0x09,0x00,0x01,0x84,0x08,0x00,
  0x01,0x84,0x01,0x00,0x01,0x20,0x05,0xED,0x01,0x84,0x05,0x00,0x01,0x64,0x01,0xED,
  0x01,0xC9,0x01,0x44,0x0E,0x00,0x03,0xED,0xA5,0x00,0x01,0x44,0x55,0x00,0x01,0x20,
  0x05,0x00,0x01,0x20,0xFF,0x00,0xFF,0x00,0xFF,0x00,0xFF,0x00,0xFF,0x00,0xFF,0x00,
  0xFF,0x00,0xFF,0x00,0xFF,0x00,0xFF,0x00,0xFF,0x00,0xFF,0x00,0xFF,0x00,0xD8,0x00,
  0x01,0x6D,0xFF,0x00,0x3F,0x00,0x01,0x24,0x01,0x92,0xFF,0x00,0x16,0x00,0x01,0x24,
  0x07,0x00,0x01,0x24,0x05,0x00,0x01,0x6D,0x04,0x00,0x01,0x6D,0x02,0x00,0x01,0x24,
  0x08,0x00,0x01,0x6D,0x01,0x49,0x05,0x00,0x01,0x6D,0x03,0x00,0x01,0x92,0x0A,0x00,
  0x01,0x24,0x07,0x00,0x01,0x24,0x06,0x00,0x01,0x24,0xFB,0x00,0x04,0x92,0x01,0x6D,
  0x03,0x00,0x02,0x92,0x01,0x49,0x02,0x00,0x01,0x24,0x01,0x92,0x01,0x49,0x02,0x00,
  0x01,0x24,0x01,0x92,0x01,0x24,0x01,0x00,0x02,0x92,0x01,0x49,0x06,0x00,0x01,0x6D,
  0x01,0x92,0x01,0x6D,0x03,0x00,0x01,0x24,0x01,0x92,0x03,0x00,0x06,0x92,0x05,0x00,
  0x04,0x92,0x01,0x6D,0x03,0x00,0x02,0x92,0x01,0x49,0x03,0x00,0x01,0x24,0x05,0x92,
  0x01,0x49,0x04,0x00,0x02,0x6D,0x02,0x00,0x01,0x49,0x01,0x92,0x01,0x6D,0xEB,0x00,
  0x03,0x24,0x01,0x49,0x01,0x92,0x01,0x49,0x02,0x00,0x01,0x24,0x02,0x92,0x01,0x6D,
  0x02,0x00,0x01,0x6D,0x01,0x92,0x01,0x24,0x01,0x00,0x01,0x24,0x01,0x92,0x02,0x00,
  0x01,0x24,0x02,0x92,0x01,0x6D,0x06,0x00,0x01,0x49,0x01,0x92,0x01,0x6D,0x03,0x00,
  0x01,0x92,0x03,0x00,0x04,0x24,0x01,0x49,0x01,0x92,0x01,0x24,0x04,0x00,0x03,0x24,
  0x01,0x49,0x01,0x92,0x01,0x6D,0x02,0x00,0x01,0x24,0x02,0x92,0x01,0x6D,0x02,0x00,
  0x01,0x6D,0x01,0x92,0x03,0x24,0x01,0x49,0x01,0x92,0x01,0x6D,0x03,0x00,0x01,0x49,
  0x01,0x92,0x01,0x24,0x03,0x49,0x02,0x92,0xEE,0x00,0x02,0x49,0x04,0x00,0x01,0x6D,
  0x01,0x92,0x03,0x00,0x01,0x6D,0x01,0x92,0x02,0x24,0x01,0x6D,0x04,0x00,0x01,0x6D,
  0x01,0x92,0x06,0x00,0x01,0x24,0x01,0x6D,0x01,0x92,0x01,0x6D,0x01,0x00,0x01,0x24,
  0x01,0x6D,0x08,0x00,0x01,0x6D,0x01,0x24,0x08,0x00,0x01,0x24,0x01,0x92,0x04,0x00,
  0x01,0x6D,0x01,0x92,0x02,0x00,0x01,0x49,0x01,0x92,0x04,0x00,0x01,0x24,0x01,0x92,
  0x04,0x00,0x01,0x92,0x01,0x6D,0x01,0x49,0x03,0x00,0x01,0x92,0x01,0x24,0xED,0x00,
  0x01,0x49,0x01,0x6D,0x04,0x00,0x01,0x49,0x01,0x6D,0x04,0x00,0x01,0x6D,0x02,0x92,
  0x05,0x00,0x01,0x49,0x01,0x6D,0x06,0x00,0x01,0x6D,0x02,0x00,0x02,0x92,0x01,0x6D,
  0x01,0x24,0x08,0x00,0x01,0x92,0x0A,0x00,0x01,0x92,0x04,0x00,0x01,0x49,0x01,0x6D,
  0x02,0x00,0x01,0x24,0x01,0x92,0x05,0x00,0x01,0x92,0x01,0x49,0x03,0x00,0x02,0x6D,
  0x04,0x00,0x01,0x6D,0x01,0x49,0xED,0x00,0x01,0x24,0x01,0x6D,0x04,0x00,0x01,0x92,
  0x06,0x00,0x01,0x6D,0x01,0x92,0x01,0x24,0x04,0x00,0x01,0x92,0x06,0x00,0x01,0x24,
  0x01,0x6D,0x03,0x00,0x02,0x92,0x09,0x00,0x01,0x49,0x0A,0x00,0x01,0x92,0x01,0x24,
  0x03,0x00,0x01,0x92,0x03,0x00,0x01,0x24,0x01,0x92,0x05,0x00,0x01,0x6D,0x01,0x49,
  0x03,0x00,0x01,0x6D,0x01,0x49,0x04,0x00,0x01,0x49,0x01,0x6D,0xED,0x00,0x01,0x24,
  0x01,0x6D,0x03,0x00,0x02,0x24,0x07,0x00,0x01,0x49,0x01,0x92,0x01,0x24,0x02,0x00,
  0x02,0x24,0x06,0x00,0x01,0x24,0x01,0x6D,0x04,0x00,0x01,0x92,0x01,0x6D,0x07,0x00,
  0x01,0x6D,0x0B,0x00,0x01,0x6D,0x01,0x24,0x02,0x00,0x02,0x24,0x04,0x00,0x01,0x92,
  0x05,0x00,0x02,0x49,0x03,0x00,0x01,0x6D,0x05,0x00,0x01,0x24,0x01,0x6D,0xE9,0x00,
  0x04,0x24,0x01,0x49,0x01,0x92,0x01,0x24,0x07,0x00,0x05,0x24,0x01,0x92,0x01,0x24,
  0x0A,0x00,0x01,0x24,0x01,0x92,0x01,0x49,0x04,0x00,0x01,0x92,0x01,0x6D,0x03,0x00,
  0x01,0x24,0x01,0x6D,0x01,0x92,0x01,0x24,0x0B,0x00,0x01,0x6D,0x01,0x24,0x08,0x00,
  0x01,0x92,0x05,0x00,0x02,0x49,0x03,0x00,0x01,0x92,0x02,0x00,0x03,0x24,0x02,0x49,
  0xE9,0x00,0x06,0x92,0x01,0x49,0x06,0x00,0x01,0x24,0x05,0x92,0x01,0x6D,0x0B,0x00,
  0x01,0x49,0x01,0x92,0x01,0x49,0x04,0x00,0x01,0x24,0x01,0x92,0x02,0x00,0x01,0x24,
  0x01,0x6D,0x01,0x49,0x0D,0x00,0x01,0x49,0x09,0x00,0x01,0x6D,0x05,0x00,0x01,0x24,
  0x01,0x49,0x02,0x00,0x01,0x24,0x01,0x49,0x01,0x00,0x05,0x92,0xFF,0x00,0x39,0x00,
  0x01,0x24,0xFF,0x00,0xFF,0x00,0xFF,0x00,0xFF,0x00,0xFF,0x00,0xFF,0x00,0xFF,0x00,
  0xFF,0x00,0xFF,0x00,0xFF,0x00,0xFF,0x00,0xFF,0x00,0xFF,0x00,0xC7,0x00,0x01,0x6D,
  0xFF,0x00,0x3F,0x00,0x01,0x24,0x01,0x92,0xD6,0x00,0x01,0x24,0x0A,0x00,0x01,0x24,
  0x09,0x00,0x01,0x6D,0x01,0x49,0x04,0x00,0x01,0x24,0x07,0x00,0x01,0x92,0x01,0x6D,
  0x07,0x00,0x01,0x24,0x08,0x00,0x01,0x24,0x0A,0x00,0x01,0x49,0x17,0x00,0x01,0x24,
  0x01,0x6D,0x09,0x00,0x01,0x6D,0x01,0x49,0x04,0x00,0x01,0x92,0x07,0x00,0x01,0x6D,
  0x01,0x24,0x03,0x00,0x01,0x92,0xC8,0x00,0x01,0x6D,0x06,0x92,0x01,0x24,0x03,0x00,
  0x01,0x6D,0x06,0x92,0x01,0x24,0x03,0x00,0x02,0x92,0x01,0x6D,0x03,0x00,0x04,0x92,
  0x01,0x6D,0x03,0x00,0x01,0x6D,0x02,0x92,0x06,0x00,0x04,0x92,0x01,0x6D,0x03,0x00,
  0x01,0x24,0x05,0x92,0x01,0x49,0x04,0x00,0x01,0x6D,0x07,0x92,0x01,0x49,0x02,0x00,
  0x02,0x6D,0x02,0x00,0x01,0x49,0x01,0x92,0x01,0x6D,0x07,0x00,0x07,0x92,0x01,0x49,
  0x03,0x00,0x02,0x92,0x01,0x6D,0x03,0x00,0x06,0x92,0x02,0x00,0x01,0x92,0x01,0x6D,
  0x03,0x00,0x01,0x92,0x01,0x24,0xC7,0x00,0x06,0x24,0x01,0x6D,0x01,0x92,0x03,0x00,
  0x06,0x24,0x01,0x6D,0x01,0x92,0x04,0x00,0x01,0x49,0x01,0x92,0x01,0x49,0x02,0x00,
  0x03,0x24,0x01,0x49,0x01,0x92,0x01,0x49,0x03,0x00,0x01,0x24,0x01,0x92,0x01,0x24,
  0x05,0x00,0x03,0x24,0x01,0x49,0x01,0x92,0x01,0x6D,0x02,0x00,0x01,0x6D,0x01,0x92,
  0x03,0x24,0x01,0x49,0x01,0x92,0x01,0x6D,0x03,0x00,0x01,0x6D,0x01,0x92,0x05,0x24,
  0x02,0x6D,0x02,0x00,0x01,0x49,0x01,0x92,0x01,0x24,0x03,0x49,0x02,0x92,0x06,0x00,
  0x01,0x24,0x01,0x6D,0x01,0x92,0x03,0x24,0x01,0x49,0x01,0x92,0x04,0x00,0x01,0x49,
  0x01,0x92,0x01,0x49,0x02,0x00,0x04,0x24,0x01,0x49,0x01,0x92,0x01,0x24,0x01,0x00,
  0x01,0x24,0x01,0x92,0x03,0x00,0x01,0x92,0x01,0x24,0xC8,0x00,0x01,0x24,0x05,0x00,
  0x01,0x92,0x04,0x00,0x01,0x24,0x05,0x00,0x01,0x92,0x05,0x00,0x02,0x6D,0x06,0x00,
  0x02,0x49,0x04,0x00,0x01,0x6D,0x01,0x49,0x09,0x00,0x01,0x24,0x01,0x92,0x02,0x00,
  0x01,0x49,0x01,0x92,0x04,0x00,0x01,0x24,0x01,0x92,0x04,0x00,0x01,0x92,0x05,0x00,
  0x01,0x24,0x01,0x6D,0x03,0x00,0x01,0x92,0x01,0x6D,0x01,0x49,0x03,0x00,0x01,0x92,
  0x01,0x24,0x06,0x00,0x01,0x24,0x01,0x92,0x04,0x00,0x01,0x92,0x01,0x24,0x04,0x00,
  0x02,0x6D,0x07,0x00,0x01,0x6D,0x01,0x24,0x02,0x00,0x01,0x92,0x01,0x24,0x02,0x00,
  0x01,0x6D,0x01,0x24,0xC8,0x00,0x01,0x92,0x05,0x00,0x01,0x92,0x01,0x24,0x03,0x00,
  0x01,0x92,0x05,0x00,0x01,0x92,0x01,0x24,0x04,0x00,0x01,0x49,0x01,0x6D,0x06,0x00,
  0x01,0x49,0x01,0x6D,0x04,0x00,0x02,0x49,0x0A,0x00,0x01,0x92,0x02,0x00,0x01,0x24,
  0x01,0x92,0x05,0x00,0x01,0x92,0x01,0x49,0x03,0x00,0x01,0x6D,0x01,0x24,0x04,0x00,
  0x02,0x49,0x03,0x00,0x02,0x6D,0x04,0x00,0x01,0x6D,0x01,0x49,0x07,0x00,0x01,0x92,
  0x04,0x00,0x01,0x6D,0x01,0x24,0x04,0x00,0x01,0x49,0x01,0x6D,0x07,0x00,0x01,0x92,
  0x03,0x00,0x01,0x49,0x01,0x6D,0x02,0x00,0x01,0x49,0x01,0x24,0xC8,0x00,0x01,0x92,
  0x05,0x00,0x01,0x6D,0x01,0x24,0x03,0x00,0x01,0x92,0x05,0x00,0x01,0x6D,0x01,0x24,
  0x04,0x00,0x01,0x49,0x01,0x6D,0x06,0x00,0x01,0x24,0x01,0x6D,0x04,0x00,0x01,0x49,
  0x01,0x6D,0x0A,0x00,0x01,0x92,0x01,0x24,0x01,0x00,0x01,0x24,0x01,0x92,0x05,0x00,
  0x01,0x6D,0x01,0x49,0x03,0x00,0x02,0x49,0x04,0x00,0x01,0x6D,0x04,0x00,0x01,0x6D,
  0x01,0x49,0x04,0x00,0x01,0x49,0x01,0x6D,0x07,0x00,0x01,0x92,0x01,0x24,0x03,0x00,
  0x01,0x6D,0x01,0x24,0x04,0x00,0x01,0x49,0x01,0x6D,0x07,0x00,0x01,0x49,0x03,0x00,
  0x01,0x24,0x01,0x92,0x02,0x00,0x01,0x6D,0xC9,0x00,0x01,0x92,0x05,0x00,0x01,0x6D,
  0x01,0x24,0x03,0x00,0x01,0x92,0x05,0x00,0x01,0x6D,0x01,0x24,0x04,0x00,0x01,0x49,
  0x01,0x6D,0x06,0x00,0x01,0x24,0x01,0x6D,0x03,0x00,0x01,0x24,0x01,0x6D,0x01,0x92,
  0x0A,0x00,0x01,0x6D,0x01,0x24,0x02,0x00,0x01,0x92,0x05,0x00,0x02,0x49,0x03,0x00,
  0x01,0x24,0x01,0x92,0x03,0x00,0x02,0x49,0x04,0x00,0x01,0x6D,0x05,0x00,0x01,0x24,
  0x01,0x6D,0x07,0x00,0x01,0x6D,0x01,0x24,0x03,0x00,0x01,0x6D,0x01,0x24,0x04,0x00,
  0x01,0x49,0x01,0x6D,0x06,0x00,0x01,0x6D,0x05,0x00,0x01,0x92,0x01,0x24,0x01,0x6D,
  0x01,0x24,0xC9,0x00,0x01,0x92,0x05,0x00,0x01,0x6D,0x01,0x24,0x03,0x00,0x01,0x92,
  0x05,0x00,0x01,0x6D,0x01,0x24,0x04,0x00,0x01,0x24,0x01,0x6D,0x02,0x00,0x04,0x24,
  0x01,0x49,0x01,0x92,0x01,0x24,0x01,0x00,0x01,0x49,0x01,0x92,0x01,0x00,0x01,0x92,
  0x0A,0x00,0x01,0x6D,0x01,0x24,0x02,0x00,0x01,0x92,0x05,0x00,0x02,0x49,0x04,0x00,
  0x01,0x92,0x02,0x49,0x01,0x6D,0x01,0x49,0x05,0x00,0x01,0x92,0x02,0x00,0x03,0x24,
  0x02,0x49,0x05,0x00,0x02,0x24,0x01,0x6D,0x04,0x00,0x01,0x49,0x01,0x24,0x04,0x00,
  0x01,0x24,0x01,0x6D,0x03,0x00,0x01,0x24,0x01,0x6D,0x01,0x92,0x01,0x24,0x05,0x00,
  0x02,0x92,0x01,0x24,0xCA,0x00,0x01,0x49,0x05,0x00,0x01,0x49,0x04,0x00,0x01,0x49,
  0x05,0x00,0x01,0x49,0x05,0x00,0x01,0x24,0x01,0x49,0x02,0x00,0x06,0x92,0x01,0x49,
  0x01,0x24,0x01,0x6D,0x02,0x00,0x01,0x49,0x0A,0x00,0x01,0x49,0x03,0x00,0x01,0x6D,
  0x05,0x00,0x01,0x24,0x01,0x49,0x04,0x00,0x01,0x49,0x01,0x92,0x01,0x6D,0x01,0x24,
  0x05,0x00,0x01,0x24,0x01,0x49,0x01,0x00,0x05,0x92,0x06,0x00,0x02,0x92,0x01,0x6D,
  0x04,0x00,0x01,0x49,0x05,0x00,0x01,0x24,0x01,0x49,0x02,0x00,0x01,0x24,0x01,0x6D,
  0x01,0x49,0x05,0x00,0x01,0x6D,0x01,0x92,0x01,0x49,0xFF,0x00,0x17,0x00,0x01,0x24,
  0x25,0x00,0x01,0x24,0x01,0x6D,0xFF,0x00,0xFF,0x00,0xFF,0x00,0xFF,0x00,0xFF,0x00,
  0xFF,0x00,0xFF,0x00,0xFF,0x00,0xFF,0x00,0xFF,0x00,0xFF,0x00,0xFF,0x00,0xFF,0x00,
  0xAA,0x00,0x01,0x24,0x01,0xD5,0x0F,0x00,0x01,0x24,0x01,0xD5,0x06,0x00,0x01,0x24,
  0x01,0xD5,0xFF,0x00,0x26,0x00,0x01,0x48,0x01,0xFA,0x0F,0x00,0x01,0x48,0x01,0xFA,
  0x06,0x00,0x01,0x48,0x01,0xFA,0x88,0x00,0x01,0xB1,0x01,0x91,0x01,0x20,0x03,0x00,
  0x01,0x24,0x0A,0x00,0x01,0x24,0x01,0xD5,0x0C,0x00,0x01,0x6D,0x01,0x24,0x02,0x00,
  0x01,0x91,0x01,0x24,0x02,0x00,0x01,0x48,0x01,0x44,0x07,0x00,0x01,0x48,0x01,0xD5,
  0x01,0x8D,0x01,0x24,0x04,0x00,0x01,0x24,0x01,0x6D,0x09,0x00,0x01,0x24,0x01,0x6D,
  0x09,0x00,0x01,0xD5,0x01,0x44,0x02,0x00,0x01,0xD5,0x01,0x20,0x01,0x00,0x01,0x6D,
  0x01,0x69,0x02,0x00,0x02,0x48,0x09,0x00,0x01,0x24,0x01,0xD5,0x09,0x00,0x01,0x48,
  0x01,0x44,0x09,0x00,0x01,0x48,0x01,0x44,0x06,0x00,0x01,0xB1,0x01,0x91,0x05,0x00,
  0x01,0x69,0x09,0x00,0x01,0x24,0x01,0x6D,0x08,0x00,0x01,0x24,0x01,0xFA,0x0F,0x00,
  0x01,0x24,0x01,0xFA,0x06,0x00,0x01,0x24,0x01,0xFA,0x07,0x00,0x02,0x48,0x7E,0x00,
  0x01,0x24,0x02,0xFA,0x01,0xD9,0x01,0x24,0x02,0x00,0x01,0xD5,0x01,0x6D,0x02,0x00,
  0x01,0x8D,0x01,0xF9,0x01,0xFA,0x01,0xB1,0x01,0x24,0x02,0x00,0x01,0xD5,0x07,0xFA,
  0x01,0x6D,0x04,0x00,0x01,0x24,0x06,0xFA,0x01,0x48,0x01,0x24,0x04,0xFA,0x01,0xB5,
  0x01,0x24,0x02,0x00,0x01,0x24,0x01,0xB5,0x01,0xD5,0x02,0xFA,0x01,0x48,0x03,0x00,
  0x01,0xD5,0x07,0xFA,0x01,0x8D,0x02,0x00,0x01,0xB5,0x06,0xFA,0x01,0x6D,0x02,0x00,
  0x01,0x20,0x01,0xFA,0x01,0x91,0x01,0x00,0x01,0x69,0x01,0xFA,0x01,0x24,0x01,0x00,
  0x01,0xFA,0x01,0xB1,0x01,0x00,0x01,0x24,0x04,0xFA,0x01,0xD5,0x01,0x24,0x05,0x00,
  0x01,0xD5,0x07,0xFA,0x01,0x6D,0x01,0x00,0x01,0x24,0x04,0xFA,0x01,0xB5,0x01,0x24,
  0x04,0x00,0x01,0x24,0x04,0xFA,0x01,0xB5,0x01,0x24,0x01,0x00,0x01,0x24,0x01,0xD9,
  0x01,0xFA,0x01,0xD5,0x01,0x24,0x02,0x00,0x01,0x69,0x05,0xFA,0x01,0x91,0x04,0x00,
  0x01,0xD5,0x07,0xFA,0x01,0x8D,0x01,0x00,0x01,0x24,0x06,0xFA,0x01,0x24,0x09,0x00,
  0x01,0x24,0x06,0xFA,0x02,0x24,0x06,0xFA,0x02,0x24,0x04,0xFA,0x01,0xD5,0x01,0x24,
  0x7C,0x00,0x01,0x91,0x01,0xFA,0x01,0x91,0x02,0x00,0x02,0xD5,0x01,0x00,0x01,0x48,
  0x01,0xD5,0x01,0x8D,0x01,0x91,0x01,0xFA,0x01,0xB1,0x02,0x00,0x01,0x48,0x01,0xFA,
  0x01,0x91,0x04,0x6D,0x02,0xD5,0x04,0x00,0x01,0x24,0x03,0x6D,0x01,0x8D,0x01,0xFA,
  0x01,0x8D,0x01,0x00,0x01,0x24,0x03,0x6D,0x01,0x8D,0x01,0xFA,0x01,0xB5,0x02,0x00,
  0x01,0xB5,0x01,0x44,0x01,0x00,0x01,0x24,0x01,0xD5,0x01,0xFA,0x02,0x00,0x01,0x20,
  0x01,0xB1,0x01,0xFA,0x05,0x6D,0x02,0xD5,0x02,0x00,0x06,0x6D,0x01,0xB5,0x01,0xFA,
  0x03,0x00,0x01,0x91,0x01,0xD5,0x01,0x00,0x01,0x24,0x01,0xFA,0x01,0x24,0x01,0x00,
  0x01,0xD5,0x01,0xB5,0x01,0x00,0x01,0x24,0x03,0x6D,0x01,0x8D,0x01,0xF9,0x01,0xFA,
  0x01,0x24,0x04,0x00,0x01,0x48,0x01,0xFA,0x01,0x91,0x04,0x6D,0x02,0xD5,0x01,0x00,
  0x01,0x24,0x03,0x6D,0x01,0x8D,0x01,0xFA,0x01,0xB5,0x04,0x00,0x01,0x24,0x03,0x6D,
  0x01,0x8D,0x01,0xFA,0x01,0xB5,0x03,0x00,0x01,0x8D,0x01,0xFA,0x01,0x91,0x02,0x00,
  0x01,0xB1,0x01,0xFA,0x03,0x6D,0x01,0xB1,0x01,0xFA,0x01,0xB1,0x02,0x00,0x01,0x20,
  0x01,0xB1,0x01,0xFA,0x05,0x6D,0x02,0xD5,0x02,0x00,0x01,0x69,0x03,0x6D,0x01,0x8D,
  0x01,0xFA,0x01,0x69,0x0A,0x00,0x01,0x69,0x03,0x6D,0x01,0x8D,0x01,0xFA,0x01,0x69,
  0x01,0x00,0x01,0x69,0x03,0x6D,0x01,0x8D,0x01,0xFA,0x01,0x69,0x01,0x24,0x03,0x6D,
  0x01,0x8D,0x01,0xF9,0x01,0xFA,0x01,0x24,0x7C,0x00,0x01,0xB1,0x01,0xB5,0x02,0x00,
  0x01,0x69,0x01,0xFA,0x02,0x24,0x03,0x00,0x01,0x6D,0x01,0xFA,0x03,0x00,0x01,0xFA,
  0x01,0x48,0x04,0x00,0x01,0x8D,0x01,0xB1,0x08,0x00,0x01,0x24,0x01,0xFA,0x07,0x00,
  0x01,0x69,0x01,0xFA,0x01,0x24,0x01,0x00,0x01,0xFA,0x01,0x48,0x02,0x00,0x01,0x24,
  0x01,0xFA,0x01,0x44,0x02,0x00,0x01,0x24,0x01,0xFA,0x01,0x24,0x04,0x00,0x01,0x6D,
  0x01,0xD5,0x03,0x00,0x01,0x69,0x05,0x00,0x01,0xFA,0x01,0x24,0x02,0x00,0x01,0x44,
  0x01,0xFA,0x02,0x24,0x01,0xFA,0x02,0x00,0x01,0x91,0x01,0xB1,0x06,0x00,0x01,0x24,
  0x01,0xFA,0x01,0x6D,0x05,0x00,0x01,0xFA,0x01,0x48,0x04,0x00,0x01,0x8D,0x01,0xB1,
  0x06,0x00,0x01,0x69,0x01,0xFA,0x01,0x24,0x08,0x00,0x01,0x69,0x01,0xFA,0x01,0x24,
  0x03,0x00,0x02,0xB1,0x02,0x00,0x01,0x6D,0x01,0xFA,0x04,0x00,0x01,0x69,0x01,0xFA,
  0x01,0x24,0x02,0x00,0x01,0x24,0x01,0xFA,0x01,0x24,0x04,0x00,0x01,0x6D,0x01,0xD5,
  0x07,0x00,0x01,0xD5,0x01,0x49,0x05,0x00,0x01,0x24,0x09,0x00,0x01,0xD5,0x01,0x49,
  0x06,0x00,0x01,0xD5,0x01,0x49,0x05,0x00,0x01,0x24,0x01,0xFA,0x01,0x6D,0x7C,0x00,
  0x01,0x6D,0x01,0xD5,0x03,0x00,0x01,0xFA,0x01,0x48,0x04,0x00,0x01,0x24,0x01,0xFA,
  0x03,0x00,0x01,0xFA,0x01,0x48,0x04,0x00,0x01,0x8D,0x01,0x6D,0x08,0x00,0x01,0x24,
  0x01,0xFA,0x08,0x00,0x01,0xFA,0x01,0x44,0x01,0x00,0x01,0xB5,0x01,0xFA,0x01,0x69,
  0x02,0x00,0x01,0xD5,0x01,0x48,0x03,0x00,0x01,0xD5,0x01,0x69,0x04,0x00,0x02,0x8D,
  0x02,0x00,0x01,0x24,0x01,0xFA,0x05,0x00,0x01,0xFA,0x01,0x48,0x03,0x00,0x01,0xFA,
  0x01,0x69,0x01,0xB1,0x01,0x69,0x02,0x00,0x01,0x91,0x01,0x6D,0x07,0x00,0x01,0xB1,
  0x01,0x8D,0x05,0x00,0x01,0xFA,0x01,0x48,0x04,0x00,0x01,0x8D,0x01,0x6D,0x07,0x00,
  0x01,0xFA,0x01,0x44,0x09,0x00,0x01,0xFA,0x01,0x44,0x03,0x00,0x01,0x8D,0x01,0xB5,
  0x02,0x00,0x01,0x49,0x01,0xFA,0x05,0x00,0x01,0xD5,0x01,0x6D,0x03,0x00,0x01,0xD5,
  0x01,0x69,0x04,0x00,0x02,0x8D,0x07,0x00,0x01,0xD5,0x01,0x24,0x05,0x00,0x02,0xD5,
  0x08,0x00,0x01,0xD5,0x01,0x24,0x06,0x00,0x01,0xD5,0x01,0x24,0x06,0x00,0x01,0xB1,
  0x01,0x8D,0x7C,0x00,0x01,0x6D,0x01,0xD5,0x03,0x00,0x01,0xB5,0x01,0x8D,0x04,0x00,
  0x01,0x48,0x01,0xB1,0x03,0x00,0x01,0xFA,0x01,0x48,0x04,0x00,0x01,0xB1,0x01,0x20,
  0x09,0x00,0x01,0xFA,0x01,0x24,0x07,0x00,0x01,0xFA,0x01,0x48,0x01,0x00,0x01,0x24,
  0x01,0x8D,0x01,0x24,0x02,0x00,0x01,0xD5,0x01,0x48,0x03,0x00,0x02,0x91,0x04,0x00,
  0x01,0xD5,0x01,0x24,0x02,0x00,0x01,0x24,0x01,0xFA,0x05,0x00,0x01,0xD5,0x01,0x48,
  0x03,0x00,0x01,0xD5,0x01,0xFA,0x01,0x69,0x03,0x00,0x01,0xD5,0x01,0x24,0x07,0x00,
  0x01,0xB1,0x01,0x6D,0x05,0x00,0x01,0xFA,0x01,0x48,0x04,0x00,0x01,0xB1,0x01,0x20,
  0x07,0x00,0x01,0xFA,0x01,0x48,0x09,0x00,0x01,0xFA,0x01,0x48,0x03,0x00,0x01,0x6D,
  0x01,0xB5,0x02,0x00,0x01,0x48,0x01,0xFA,0x05,0x00,0x01,0xB1,0x01,0x91,0x03,0x00,
  0x02,0x91,0x04,0x00,0x01,0xD5,0x01,0x24,0x06,0x00,0x01,0x44,0x01,0xB1,0x06,0x00,
  0x01,0x69,0x01,0x91,0x01,0x92,0x01,0x6E,0x01,0x49,0x04,0x00,0x01,0x6D,0x01,0xB1,
  0x02,0x00,0x01,0x49,0x01,0x6D,0x02,0x00,0x01,0x44,0x01,0xB1,0x01,0x49,0x01,0x6D,
  0x05,0x00,0x01,0xB1,0x01,0x6D,0x15,0x00,0x01,0x4E,0x06,0x00,0x01,0x04,0x01,0x52,
  0x01,0x25,0x03,0x00,0x01,0x29,0x02,0x00,0x01,0x29,0x01,0x00,0x01,0x04,0x01,0x52,
  0x01,0x25,0x03,0x00,0x01,0x29,0x06,0x00,0x01,0x24,0x01,0x77,0x01,0x29,0x45,0x00,
  0x01,0x69,0x01,0xD5,0x03,0x00,0x01,0x6D,0x01,0xD5,0x04,0x00,0x01,0xB5,0x01,0x24,
  0x03,0x00,0x01,0xD9,0x01,0x48,0x03,0x00,0x01,0x8D,0x01,0x69,0x0A,0x00,0x01,0xFA,
  0x01,0x24,0x07,0x00,0x01,0xD5,0x01,0x49,0x06,0x00,0x01,0xB1,0x01,0x49,0x03,0x00,
  0x01,0x49,0x01,0xF9,0x03,0x00,0x01,0x8D,0x01,0x6D,0x04,0x00,0x01,0xFA,0x01,0x24,
  0x04,0x00,0x01,0xD5,0x01,0x48,0x03,0x00,0x01,0x8D,0x01,0xB5,0x03,0x00,0x01,0xB1,
  0x01,0x8D,0x08,0x00,0x01,0xB5,0x01,0x24,0x05,0x00,0x01,0xD9,0x01,0x48,0x03,0x00,
  0x01,0x8D,0x01,0x69,0x08,0x00,0x01,0xD5,0x01,0x49,0x09,0x00,0x01,0xD5,0x01,0x49,
  0x03,0x00,0x01,0x6D,0x01,0xB5,0x02,0x00,0x01,0x24,0x01,0xFA,0x05,0x00,0x01,0x8D,
  0x01,0xB1,0x03,0x00,0x01,0x49,0x01,0xF9,0x03,0x00,0x01,0x8D,0x01,0x6D,0x06,0x00,
  0x01,0x24,0x01,0xD5,0x01,0x24,0x08,0x00,0x01,0x24,0x01,0x49,0x01,0x92,0x03,0x00,
  0x01,0x44,0x01,0xDA,0x01,0x24,0x01,0x00,0x01,0x49,0x01,0x92,0x01,0x6D,0x01,0x00,
  0x01,0x24,0x01,0xD5,0x01,0x49,0x01,0x92,0x01,0x6D,0x05,0x00,0x01,0xB5,0x01,0x24,
  0x14,0x00,0x01,0x25,0x05,0x7B,0x01,0x52,0x01,0x00,0x01,0x25,0x01,0x77,0x01,0x7B,
  0x01,0x25,0x01,0x00,0x01,0x29,0x04,0x7B,0x01,0x4E,0x01,0x25,0x01,0x77,0x01,0x7B,
  0x01,0x25,0x01,0x00,0x01,0x25,0x06,0x7B,0x01,0x29,0x01,0x04,0x01,0x52,0x01,0x7B,
  0x01,0x4E,0x44,0x00,0x01,0x49,0x01,0xD5,0x03,0x00,0x01,0x24,0x01,0xFA,0x01,0x8D,
  0x01,0x6D,0x01,0x91,0x01,0xD9,0x01,0x48,0x04,0x00,0x01,0xD5,0x01,0x48,0x01,0x00,
  0x01,0x8D,0x01,0xF9,0x01,0x91,0x0B,0x00,0x01,0xFA,0x01,0x24,0x07,0x00,0x01,0xD5,
  0x01,0x48,0x01,0x00,0x01,0x48,0x04,0x6D,0x01,0xD5,0x01,0x24,0x04,0x00,0x01,0xFA,
  0x01,0x91,0x01,0x8D,0x01,0xD5,0x01,0x91,0x05,0x00,0x01,0xFA,0x01,0x24,0x04,0x00,
  0x01,0xD5,0x01,0x48,0x03,0x00,0x01,0x48,0x01,0xFA,0x01,0x8D,0x01,0x91,0x01,0xFA,
  0x01,0xB1,0x04,0x00,0x01,0x48,0x03,0x6D,0x02,0x8D,0x06,0x00,0x01,0xD5,0x01,0x48,
  0x01,0x00,0x01,0x8D,0x01,0xF9,0x01,0x91,0x09,0x00,0x01,0xD5,0x01,0x48,0x09,0x00,
  0x01,0xD5,0x01,0x48,0x03,0x00,0x01,0x6D,0x01,0xB1,0x02,0x00,0x01,0x24,0x01,0xFA,
  0x05,0x00,0x01,0x6D,0x01,0xB1,0x04,0x00,0x01,0xFA,0x01,0x91,0x01,0x8D,0x01,0xD5,
  0x01,0x91,0x05,0x00,0x01,0x6D,0x01,0xD5,0x01,0xFA,0x01,0x48,0x07,0x00,0x01,0x69,
  0x01,0x48,0x01,0x00,0x01,0x24,0x01,0x6D,0x01,0x00,0x01,0x6D,0x01,0xD5,0x01,0xFA,
  0x01,0x6D,0x03,0x00,0x01,0x49,0x01,0xB6,0x01,0xD5,0x01,0xFA,0x01,0x48,0x01,0x00,
  0x01,0x49,0x01,0x6D,0x01,0x48,0x03,0x6D,0x02,0x8D,0x16,0x00,0x01,0x25,0x01,0x77,
  0x02,0x00,0x01,0x04,0x01,0x77,0x03,0x00,0x01,0x52,0x01,0x4E,0x02,0x00,0x02,0x04,
  0x01,0x29,0x01,0x52,0x03,0x00,0x01,0x52,0x01,0x4E,0x02,0x00,0x01,0x52,0x01,0x29,
  0x03,0x04,0x02,0x4E,0x02,0x00,0x01,0x4E,0x01,0x77,0x44,0x00,0x01,0x48,0x01,0xD5,
  0x04,0x00,0x01,0x91,0x02,0xFA,0x01,0xB1,0x01,0x24,0x05,0x00,0x01,0xD5,0x01,0x48,
  0x01,0x49,0x01,0xD5,0x01,0x48,0x0C,0x00,0x01,0x91,0x08,0x00,0x01,0x91,0x01,0x00,
  0x01,0x24,0x05,0xFA,0x01,0xB1,0x05,0x00,0x01,0x8D,0x01,0xFA,0x01,0xD5,0x01,0x69,
  0x06,0x00,0x01,0xB1,0x05,0x00,0x01,0x91,0x05,0x00,0x01,0xB5,0x01,0xFA,0x01,0xD5,
  0x01,0x69,0x04,0x00,0x01,0x24,0x04,0xFA,0x01,0xB1,0x07,0x00,0x01,0xD5,0x01,0x48,
  0x01,0x49,0x01,0xD5,0x01,0x48,0x0A,0x00,0x01,0x91,0x0A,0x00,0x01,0x91,0x04,0x00,
  0x02,0x6D,0x02,0x00,0x01,0x24,0x01,0xD5,0x05,0x00,0x01,0x69,0x01,0x8D,0x04,0x00,
  0x01,0x8D,0x01,0xFA,0x01,0xD5,0x01,0x69,0x05,0x00,0x01,0x49,0x01,0xD5,0x01,0x8D,
  0x01,0x24,0x08,0x00,0x02,0xD5,0x01,0x69,0x01,0x92,0x02,0x49,0x01,0xD5,0x01,0x8D,
  0x01,0x6D,0x04,0x00,0x01,0x6D,0x01,0xFA,0x01,0x8D,0x01,0x24,0x02,0x00,0x01,0x24,
  0x01,0x92,0x04,0xFA,0x01,0xB1,0x18,0x00,0x01,0x77,0x01,0x04,0x02,0x00,0x01,0x52,
  0x01,0x25,0x02,0x00,0x01,0x29,0x01,0x4E,0x04,0x00,0x01,0x29,0x01,0x52,0x03,0x00,
  0x01,0x29,0x01,0x4E,0x02,0x00,0x01,0x29,0x01,0x4E,0x03,0x00,0x01,0x4E,0x01,0x29,
  0x02,0x00,0x01,0x4E,0x01,0x29,0x44,0x00,0x01,0x48,0x01,0xD5,0x0E,0x00,0x01,0xD5,
  0x01,0x48,0x51,0x00,0x01,0xD5,0x01,0x48,0x1D,0x00,0x01,0x24,0x04,0x00,0x01,0x44,
  0x05,0x00,0x01,0x24,0x01,0x20,0x19,0x00,0x02,0x24,0x01,0x00,0x01,0x25,0x01,0x92,
  0x01,0x49,0x01,0x00,0x01,0x24,0x01,0x49,0x04,0x00,0x01,0x24,0x01,0x92,0x04,0x00,
  0x01,0x24,0x01,0x92,0x1D,0x00,0x01,0x4E,0x01,0x29,0x02,0x00,0x01,0x52,0x01,0x25,
  0x02,0x00,0x01,0x29,0x01,0x52,0x04,0x00,0x01,0x25,0x01,0x52,0x03,0x00,0x01,0x29,
  0x01,0x52,0x02,0x00,0x01,0x24,0x01,0x77,0x03,0x00,0x01,0x52,0x03,0x00,0x01,0x4E,
  0x45,0x00,0x01,0x48,0x01,0xD5,0x0E,0x00,0x01,0xD5,0x01,0x48,0x51,0x00,0x01,0xD5,
  0x01,0x48,0x47,0x00,0x02,0x49,0x01,0x00,0x01,0x49,0x01,0x24,0x04,0x00,0x01,0x24,
  0x01,0x92,0x04,0x00,0x01,0x24,0x01,0x92,0x1D,0x00,0x02,0x29,0x02,0x00,0x01,0x52,
  0x01,0x25,0x02,0x00,0x01,0x29,0x01,0x4E,0x04,0x00,0x01,0x24,0x01,0x52,0x03,0x00,
  0x01,0x29,0x01,0x4E,0x03,0x00,0x01,0x77,0x02,0x25,0x01,0x52,0x01,0x25,0x49,0x00,
  0x01,0x48,0x01,0xB1,0x0E,0x00,0x01,0xB1,0x52,0x00,0x01,0xB1,0x48,0x00,0x01,0x6D,
  0x01,0x24,0x01,0x00,0x01,0x6D,0x05,0x00,0x01,0x24,0x01,0x92,0x04,0x00,0x01,0x24,
  0x01,0x92,0x1B,0x00,0x01,0x25,0x01,0x7B,0x01,0x77,0x03,0x00,0x01,0x4E,0x03,0x00,
  0x01,0x29,0x01,0x4E,0x05,0x00,0x01,0x4E,0x03,0x00,0x01,0x29,0x01,0x4E,0x03,0x00,
  0x01,0x29,0x01,0x7B,0x01,0x53,0x01,0x25,0x4A,0x00,0x02,0x24,0xA7,0x00,0x03,0x6D,
  0x01,0x24,0x01,0x00,0x01,0x49,0x01,0x24,0x03,0x00,0x01,0x24,0x01,0x6D,0x02,0x92,
  0x01,0x6D,0x02,0x24,0x01,0x6D,0x02,0x92,0x01,0x6D,0x01,0x24,0xFF,0x00,0x30,0x00,
  0x01,0x24,0xFF,0x00,0xFF,0x00,0xFF,0x00,0xE4,0x00,
};

const uint8_t LESSON_PAGE_3[10782] PROGMEM = {
  0xFF,0x00,0xFF,0x00,0xFF,0x00,0xFF,0x00,0xFF,0x00,0xFF,0x00,0xE5,0x00,0x01,0x48,
  0x01,0x8D,0xFF,0x00,0x3F,0x00,0x01,0xFA,0x01,0xD5,0xFF,0x00,0x3F,0x00,0x02,0xFA,
  0xFF,0x00,0x28,0x00,0x01,0x48,0x16,0x00,0x01,0xD5,0x01,0xFA,0x4F,0x00,0x02,0x24,
  0x91,0x00,0x01,0x24,0x01,0xFA,0x01,0x24,0x0E,0x00,0x01,0xB1,0x01,0x6D,0x0E,0x00,
  0x01,0x24,0x01,0xFA,0x01,0x24,0x0E,0x00,0x01,0x69,0x01,0x24,0x05,0x00,0x01,0x24,
  0x01,0x6D,0x09,0x00,0x01,0x49,0x01,0xFA,0x01,0x24,0x0D,0x00,0x01,0x8D,0x01,0x49,
  0x06,0x00,0x01,0xB1,0x01,0xFA,0x01,0x24,0x0B,0x00,0x01,0x69,0x01,0x24,0x05,0x00,
  0x01,0x24,0x01,0x6D,0x09,0x00,0x01,0xB5,0x01,0x69,0x0B,0x00,0x01,0x8D,0x01,0x49,
  0x07,0x00,0x01,0xD5,0x01,0x44,0x04,0x00,0x01,0xD5,0x01,0x24,0x03,0x00,0x01,0x91,
  0x01,0x48,0x04,0x00,0x01,0xD5,0x01,0x91,0x01,0x24,0x07,0x00,0x01,0xD5,0x01,0x8D,
  0x91,0x00,0x01,0xD5,0x09,0xFA,0x01,0x8D,0x05,0x00,0x01,0x8D,0x0A,0xFA,0x01,0xF9,
  0x01,0x48,0x04,0x00,0x01,0xD5,0x0A,0xFA,0x01,0xF9,0x01,0x69,0x03,0x00,0x01,0x48,
  0x01,0xFA,0x01,0xB1,0x05,0x00,0x01,0xD5,0x01,0xFA,0x08,0x00,0x01,0x24,0x0A,0xFA,
  0x01,0xB5,0x01,0x24,0x03,0x00,0x01,0x69,0x02,0xFA,0x01,0xB5,0x01,0x24,0x04,0x00,
  0x01,0xB1,0x08,0xFA,0x01,0x91,0x03,0x00,0x01,0x48,0x01,0xFA,0x01,0xB1,0x05,0x00,
  0x01,0xD5,0x01,0xFA,0x08,0x00,0x01,0x8D,0x06,0xFA,0x01,0xD5,0x01,0x24,0x04,0x00,
  0x01,0x69,0x02,0xFA,0x01,0xB5,0x01,0x24,0x04,0x00,0x01,0x91,0x01,0xFA,0x01,0x91,
  0x03,0x00,0x01,0x91,0x01,0xFA,0x01,0x69,0x02,0x00,0x01,0x6D,0x01,0xFA,0x01,0x8D,
  0x03,0x00,0x01,0x8D,0x03,0xFA,0x01,0x48,0x05,0x00,0x01,0x91,0x07,0xFA,0x01,0xD5,
  0x01,0x69,0x89,0x00,0x01,0x8D,0x0B,0xFA,0x01,0x8D,0x03,0x00,0x01,0x48,0x0C,0xFA,
  0x01,0xD5,0x03,0x00,0x01,0x91,0x0D,0xFA,0x03,0x00,0x01,0x91,0x02,0xFA,0x01,0x24,
  0x03,0x00,0x01,0x24,0x02,0xFA,0x01,0x24,0x07,0x00,0x01,0x91,0x0B,0xFA,0x01,0xD5,
  0x03,0x00,0x01,0xB1,0x03,0xFA,0x01,0xF9,0x01,0x24,0x03,0x00,0x01,0x6D,0x09,0xFA,
  0x01,0x24,0x02,0x00,0x01,0x91,0x02,0xFA,0x01,0x24,0x03,0x00,0x01,0x24,0x02,0xFA,
  0x01,0x24,0x07,0x00,0x08,0xFA,0x01,0xD5,0x04,0x00,0x01,0xB1,0x03,0xFA,0x01,0xF9,
  0x01,0x24,0x03,0x00,0x01,0x6D,0x02,0xFA,0x03,0x00,0x02,0xFA,0x01,0x8D,0x02,0x00,
  0x01,0xB5,0x01,0xFA,0x01,0xD5,0x03,0x00,0x01,0x6D,0x04,0xFA,0x01,0x91,0x04,0x00,
  0x0A,0xFA,0x01,0xB1,0x89,0x00,0x09,0x24,0x01,0x91,0x01,0xFA,0x01,0xD5,0x03,0x00,
  0x01,0x24,0x01,0x91,0x02,0xFA,0x07,0x24,0x01,0x6D,0x02,0xFA,0x03,0x00,0x01,0x24,
  0x01,0xD5,0x01,0xFA,0x01,0xB1,0x07,0x24,0x01,0x6D,0x02,0xFA,0x03,0x00,0x01,0x24,
  0x02,0xFA,0x01,0x6D,0x04,0x00,0x01,0xF9,0x01,0xFA,0x01,0x48,0x07,0x00,0x01,0x20,
  0x01,0x24,0x01,0x6D,0x01,0xFA,0x01,0xD5,0x05,0x24,0x01,0x48,0x02,0xFA,0x04,0x00,
  0x01,0x48,0x01,0xD5,0x02,0xFA,0x01,0xD5,0x04,0x00,0x07,0x24,0x01,0xD9,0x01,0xFA,
  0x01,0x48,0x02,0x00,0x01,0x24,0x02,0xFA,0x01,0x6D,0x04,0x00,0x01,0xF9,0x01,0xFA,
  0x01,0x48,0x07,0x00,0x06,0x24,0x01,0x48,0x02,0xFA,0x05,0x00,0x01,0x48,0x01,0xD5,
  0x02,0xFA,0x01,0xD5,0x04,0x00,0x02,0xFA,0x01,0x44,0x02,0x00,0x01,0xB1,0x01,0xFA,
  0x01,0x8D,0x02,0x00,0x01,0x6D,0x01,0xFA,0x01,0xD5,0x04,0x00,0x01,0x24,0x01,0xB1,
  0x03,0xFA,0x01,0x8D,0x03,0x00,0x01,0xD5,0x01,0xFA,0x01,0x91,0x04,0x24,0x01,0x48,
  0x01,0xB5,0x02,0xFA,0x01,0x6D,0x92,0x00,0x02,0xFA,0x04,0x00,0x01,0x24,0x02,0xFA,
  0x08,0x00,0x02,0xFA,0x04,0x00,0x01,0x48,0x01,0xFA,0x01,0xB5,0x08,0x00,0x01,0xF9,
  0x01,0xFA,0x04,0x00,0x01,0x8D,0x01,0xFA,0x01,0xB1,0x04,0x00,0x01,0xB1,0x01,0xFA,
  0x01,0x48,0x09,0x00,0x01,0x24,0x02,0xFA,0x06,0x00,0x01,0xB1,0x01,0xFA,0x01,0x24,
  0x05,0x00,0x01,0xB1,0x02,0xFA,0x01,0x24,0x0A,0x00,0x01,0x91,0x01,0xFA,0x01,0x48,
  0x03,0x00,0x01,0x8D,0x01,0xFA,0x01,0xB1,0x04,0x00,0x01,0xB1,0x01,0xFA,0x01,0x48,
  0x0E,0x00,0x01,0xB1,0x01,0xFA,0x01,0x24,0x06,0x00,0x01,0xB1,0x02,0xFA,0x01,0x24,
  0x03,0x00,0x01,0x91,0x01,0xFA,0x01,0x8D,0x02,0x00,0x01,0x8D,0x01,0xFA,0x01,0x6D,
  0x02,0x00,0x01,0x48,0x01,0xFA,0x01,0xF9,0x06,0x00,0x01,0x6D,0x02,0xFA,0x01,0xD5,
  0x03,0x00,0x01,0xB1,0x01,0xFA,0x01,0x6D,0x06,0x00,0x01,0x91,0x02,0xFA,0x89,0x00,
  0x01,0x24,0x01,0x69,0x07,0x00,0x01,0xB5,0x01,0xFA,0x01,0x24,0x04,0x00,0x02,0xFA,
  0x08,0x00,0x01,0xFA,0x01,0xD5,0x05,0x00,0x02,0xFA,0x08,0x00,0x01,0xF9,0x01,0xFA,
  0x04,0x00,0x01,0x24,0x02,0xFA,0x04,0x00,0x01,0x8D,0x01,0xFA,0x01,0x69,0x0A,0x00,
  0x01,0xD5,0x01,0xFA,0x01,0x24,0x05,0x00,0x01,0x8D,0x01,0xFA,0x01,0x48,0x06,0x00,
  0x01,0xD9,0x01,0xFA,0x01,0x24,0x0A,0x00,0x01,0x8D,0x01,0xFA,0x01,0x24,0x03,0x00,
  0x01,0x24,0x02,0xFA,0x04,0x00,0x01,0x8D,0x01,0xFA,0x01,0x69,0x0E,0x00,0x01,0x91,
  0x01,0xFA,0x01,0x24,0x07,0x00,0x01,0xD9,0x01,0xFA,0x01,0x24,0x03,0x00,0x01,0x48,
  0x01,0xFA,0x01,0xB5,0x02,0x00,0x01,0x8D,0x01,0xFA,0x01,0x24,0x02,0x00,0x01,0x24,
  0x01,0xFA,0x01,0xD5,0x07,0x00,0x01,0xB1,0x01,0xFA,0x01,0x91,0x03,0x00,0x01,0x6D,
  0x01,0xFA,0x01,0x8D,0x07,0x00,0x01,0xD5,0x01,0xFA,0x01,0x48,0x88,0x00,0x01,0xD5,
  0x01,0x91,0x07,0x00,0x01,0xB1,0x01,0xFA,0x01,0x24,0x04,0x00,0x02,0xFA,0x08,0x00,
  0x01,0xFA,0x01,0x8D,0x05,0x00,0x01,0xD5,0x01,0xFA,0x01,0x24,0x07,0x00,0x01,0xFA,
  0x01,0xB1,0x05,0x00,0x01,0xB5,0x01,0xFA,0x01,0x48,0x03,0x00,0x01,0x69,0x01,0xFA,
  0x01,0x69,0x0A,0x00,0x01,0x91,0x01,0xFA,0x01,0x48,0x05,0x00,0x01,0x6D,0x01,0xFA,
  0x01,0x49,0x06,0x00,0x01,0xB1,0x01,0xFA,0x01,0x24,0x0A,0x00,0x01,0xB1,0x01,0xF9,
  0x05,0x00,0x01,0xB5,0x01,0xFA,0x01,0x48,0x03,0x00,0x01,0x69,0x01,0xFA,0x01,0x69,
  0x0E,0x00,0x01,0x8D,0x01,0xFA,0x01,0x24,0x07,0x00,0x01,0xB1,0x01,0xFA,0x01,0x24,
  0x04,0x00,0x02,0xFA,0x02,0x00,0x01,0xD5,0x01,0xB1,0x03,0x00,0x01,0x20,0x01,0xFA,
  0x01,0x91,0x07,0x00,0x01,0xD5,0x01,0xFA,0x01,0x24,0x03,0x00,0x01,0x69,0x01,0xFA,
  0x01,0x91,0x07,0x00,0x01,0x8D,0x01,0xFA,0x01,0x8D,0x87,0x00,0x01,0x24,0x01,0xFA,
  0x01,0xB1,0x07,0x00,0x01,0x91,0x01,0xFA,0x01,0x24,0x04,0x00,0x01,0xD5,0x01,0xFA,
  0x07,0x00,0x01,0x44,0x01,0xFA,0x01,0x24,0x05,0x00,0x01,0x8D,0x01,0xFA,0x01,0x49,
  0x06,0x00,0x01,0x24,0x01,0xFA,0x01,0x49,0x05,0x00,0x01,0x69,0x01,0xFA,0x01,0x8D,
  0x03,0x00,0x01,0x48,0x01,0xFA,0x01,0x44,0x0A,0x00,0x01,0x69,0x01,0xFA,0x01,0x6D,
  0x05,0x00,0x01,0x69,0x01,0xFA,0x01,0x69,0x06,0x00,0x01,0xB1,0x01,0xFA,0x01,0x44,
  0x0A,0x00,0x01,0xD5,0x01,0x8D,0x05,0x00,0x01,0x69,0x01,0xFA,0x01,0x8D,0x03,0x00,
  0x01,0x48,0x01,0xFA,0x01,0x44,0x0E,0x00,0x01,0x8D,0x01,0xFA,0x01,0x24,0x07,0x00,
  0x01,0xB1,0x01,0xFA,0x01,0x44,0x04,0x00,0x01,0xD5,0x01,0xFA,0x01,0x69,0x02,0xD5,
  0x01,0x20,0x03,0x00,0x01,0x24,0x01,0xFA,0x01,0x48,0x06,0x00,0x01,0x44,0x01,0xFA,
  0x01,0x6D,0x04,0x00,0x01,0x48,0x01,0xFA,0x01,0xB1,0x07,0x00,0x01,0x49,0x01,0xFA,
  0x01,0x91,0x87,0x00,0x01,0x24,0x01,0xFA,0x01,0xB1,0x07,0x00,0x01,0x8D,0x01,0xFA,
  0x01,0x44,0x04,0x00,0x01,0xD5,0x01,0xFA,0x07,0x00,0x01,0x8D,0x01,0xB1,0x06,0x00,
  0x01,0x48,0x01,0xFA,0x01,0x8D,0x06,0x00,0x01,0x8D,0x01,0xD5,0x07,0x00,0x01,0xFA,
  0x01,0xD5,0x03,0x00,0x01,0x48,0x01,0xFA,0x0B,0x00,0x01,0x24,0x01,0xFA,0x01,0x91,
  0x05,0x00,0x01,0x48,0x01,0xFA,0x01,0x6D,0x06,0x00,0x01,0x91,0x01,0xFA,0x01,0x44,
  0x09,0x00,0x01,0x44,0x01,0xFA,0x01,0x24,0x06,0x00,0x01,0xFA,0x01,0xD5,0x03,0x00,
  0x01,0x48,0x01,0xFA,0x0F,0x00,0x01,0x6D,0x01,0xFA,0x01,0x44,0x07,0x00,0x01,0x91,
  0x01,0xFA,0x01,0x44,0x04,0x00,0x01,0x91,0x02,0xFA,0x01,0xB1,0x05,0x00,0x01,0x6D,
  0x01,0xF9,0x07,0x00,0x01,0xB1,0x01,0xD5,0x05,0x00,0x01,0x44,0x01,0xFA,0x01,0xB1,
  0x07,0x00,0x01,0x24,0x01,0xFA,0x01,0xB1,0x88,0x00,0x01,0xFA,0x01,0xB1,0x07,0x00,
  0x01,0x6D,0x01,0xFA,0x01,0x48,0x04,0x00,0x01,0xB5,0x01,0xFA,0x06,0x00,0x01,0x24,
  0x01,0xFA,0x01,0x24,0x06,0x00,0x01,0x20,0x01,0xFA,0x01,0xD5,0x05,0x00,0x01,0x24,
  0x01,0xFA,0x01,0x48,0x07,0x00,0x01,0xB1,0x01,0xFA,0x01,0x24,0x01,0x00,0x01,0x20,
  0x01,0xD5,0x01,0x8D,0x0C,0x00,0x01,0xFA,0x01,0xB1,0x05,0x00,0x01,0x48,0x01,0xFA,
  0x01,0x6D,0x06,0x00,0x01,0x91,0x01,0xFA,0x01,0x44,0x08,0x00,0x01,0x24,0x01,0xD5,
  0x01,0x8D,0x07,0x00,0x01,0xB1,0x01,0xFA,0x01,0x24,0x01,0x00,0x01,0x20,0x01,0xD5,
  0x01,0x8D,0x0F,0x00,0x01,0x6D,0x01,0xFA,0x01,0x48,0x07,0x00,0x01,0x91,0x01,0xFA,
  0x01,0x44,0x04,0x00,0x01,0x69,0x01,0xFA,0x01,0xB1,0x05,0x00,0x01,0x24,0x01,0xFA,
  0x01,0x6D,0x06,0x00,0x01,0x44,0x01,0xB1,0x06,0x00,0x01,0x24,0x01,0xFA,0x01,0xB1,
  0x08,0x00,0x01,0xFA,0x01,0xB5,0x88,0x00,0x01,0xFA,0x01,0xB5,0x07,0x00,0x01,0x6D,
  0x01,0xFA,0x01,0x48,0x04,0x00,0x01,0xB5,0x01,0xFA,0x05,0x00,0x01,0x6D,0x01,0xFA,
  0x01,0x8D,0x08,0x00,0x01,0xD5,0x01,0xFA,0x01,0x24,0x03,0x00,0x01,0x24,0x01,0xD9,
  0x01,0x91,0x08,0x00,0x01,0x6D,0x01,0xFA,0x01,0x69,0x01,0x48,0x01,0xF9,0x01,0xD9,
  0x01,0x20,0x0C,0x00,0x01,0xD5,0x01,0xB1,0x05,0x00,0x01,0x44,0x01,0xFA,0x01,0x6D,
  0x06,0x00,0x01,0x8D,0x01,0xFA,0x01,0x44,0x07,0x00,0x01,0x69,0x01,0xFA,0x01,0xD5,
  0x08,0x00,0x01,0x6D,0x01,0xFA,0x01,0x69,0x01,0x48,0x01,0xF9,0x01,0xD9,0x01,0x20,
  0x0F,0x00,0x01,0x6D,0x01,0xFA,0x01,0x48,0x07,0x00,0x01,0x8D,0x01,0xFA,0x01,0x44,
  0x04,0x00,0x01,0x24,0x01,0xFA,0x01,0xD5,0x04,0x00,0x01,0x48,0x01,0xFA,0x01,0xB5,
  0x0F,0x00,0x01,0x24,0x01,0xFA,0x01,0xB1,0x08,0x00,0x01,0xFA,0x01,0xB5,0x88,0x00,
  0x01,0xFA,0x01,0xD5,0x07,0x00,0x01,0x69,0x01,0xFA,0x01,0x48,0x04,0x00,0x01,0xB1,
  0x01,0xFA,0x02,0x00,0x01,0x24,0x01,0xB1,0x02,0xFA,0x01,0xB1,0x09,0x00,0x01,0x8D,
  0x01,0xFA,0x01,0xB1,0x01,0x24,0x01,0x48,0x01,0x91,0x01,0xFA,0x01,0xB1,0x09,0x00,
  0x01,0x24,0x03,0xFA,0x01,0xD9,0x01,0x24,0x0A,0x00,0x03,0x24,0x01,0xB5,0x01,0x6D,
  0x05,0x00,0x01,0x24,0x01,0xFA,0x01,0x69,0x06,0x00,0x01,0x8D,0x01,0xFA,0x01,0x24,
  0x04,0x00,0x01,0x44,0x01,0x91,0x03,0xFA,0x01,0x24,0x08,0x00,0x01,0x24,0x03,0xFA,
  0x01,0xD9,0x01,0x24,0x0A,0x00,0x06,0x24,0x01,0x8D,0x01,0xFA,0x01,0x91,0x01,0x24,
  0x06,0x00,0x01,0x8D,0x01,0xFA,0x01,0x24,0x05,0x00,0x01,0xF9,0x01,0xFA,0x01,0x69,
  0x01,0x44,0x01,0x6D,0x01,0xD5,0x01,0xFA,0x01,0xD5,0x10,0x00,0x01,0x24,0x01,0xFA,
  0x01,0x91,0x08,0x00,0x01,0xD9,0x01,0xB1,0x88,0x00,0x01,0xD5,0x01,0x91,0x07,0x00,
  0x01,0x69,0x01,0xFA,0x01,0x24,0x04,0x00,0x01,0xB1,0x01,0xFA,0x02,0x00,0x01,0x8D,
  0x02,0xFA,0x01,0x6D,0x0A,0x00,0x01,0x24,0x05,0xFA,0x01,0x91,0x09,0x00,0x01,0x44,
  0x01,0xB5,0x02,0xFA,0x01,0xB1,0x01,0x20,0x0A,0x00,0x01,0x24,0x04,0xFA,0x01,0x24,
  0x05,0x00,0x01,0x24,0x01,0xFA,0x01,0x24,0x06,0x00,0x01,0x8D,0x01,0xFA,0x01,0x24,
  0x03,0x00,0x01,0x24,0x03,0xFA,0x01,0xB1,0x01,0x24,0x08,0x00,0x01,0x44,0x01,0xB5,
  0x02,0xFA,0x01,0xB1,0x01,0x20,0x0A,0x00,0x01,0x49,0x09,0xFA,0x01,0xD5,0x06,0x00,
  0x01,0x8D,0x01,0xFA,0x01,0x24,0x05,0x00,0x01,0x91,0x05,0xFA,0x01,0xB1,0x12,0x00,
  0x01,0xFA,0x01,0x48,0x08,0x00,0x01,0xD5,0x01,0x91,0x88,0x00,0x01,0xB1,0x01,0x24,
  0x07,0x00,0x01,0x48,0x01,0x6D,0x05,0x00,0x01,0xB1,0x01,0xFA,0x02,0x00,0x01,0xD9,
  0x01,0x8D,0x01,0x24,0x0C,0x00,0x01,0x6D,0x02,0xFA,0x01,0xB1,0x01,0x48,0x08,0x00,
  0x01,0x24,0x01,0xD5,0x02,0xFA,0x01,0xD5,0x01,0x48,0x0C,0x00,0x01,0xD5,0x03,0xFA,
  0x01,0xB5,0x06,0x00,0x01,0x24,0x01,0x91,0x07,0x00,0x01,0x8D,0x01,0xB1,0x04,0x00,
  0x01,0x91,0x01,0xD5,0x01,0x8D,0x01,0x24,0x08,0x00,0x01,0x24,0x01,0xD5,0x02,0xFA,
  0x01,0xD5,0x01,0x48,0x0C,0x00,0x0A,0xFA,0x01,0x44,0x06,0x00,0x01,0x8D,0x01,0xB1,
  0x06,0x00,0x01,0x24,0x01,0xD5,0x02,0xFA,0x01,0xB1,0x01,0x48,0x13,0x00,0x01,0xB1,
  0x09,0x00,0x01,0xB1,0x01,0x24,0x98,0x00,0x01,0xB1,0x01,0xFA,0x1E,0x00,0x01,0xB1,
  0x01,0xFA,0x01,0xF9,0x01,0x69,0x22,0x00,0x01,0x48,0x01,0x24,0x10,0x00,0x01,0xB1,
  0x01,0xFA,0x01,0xF9,0x01,0x69,0x1F,0x00,0x01,0x48,0x01,0x24,0xC3,0x00,0x01,0xB1,
  0x01,0xFA,0x1D,0x00,0x01,0x24,0x01,0xD5,0x01,0x69,0x35,0x00,0x01,0x24,0x01,0xD5,
  0x01,0x69,0xE6,0x00,0x01,0xB1,0x01,0xFA,0xFF,0x00,0x3F,0x00,0x01,0x91,0x01,0xB1,
  0xFF,0x00,0x3F,0x00,0x01,0x6D,0x01,0x24,0xFF,0x00,0xFF,0x00,0xFF,0x00,0xFF,0x00,
  0xFF,0x00,0xFF,0x00,0xFF,0x00,0xFF,0x00,0x72,0x00,0xFF,0xFA,0xFF,0xFA,0x82,0xFA,
  0xFF,0x00,0xFF,0x00,0xFF,0x00,0xFF,0x00,0xFF,0x00,0xFF,0x00,0xFF,0x00,0xFF,0x00,
  0xFF,0x00,0xFF,0x00,0xFF,0x00,0xFF,0x00,0xFF,0x00,0xFF,0x00,0xFF,0x00,0xFF,0x00,
  0xDA,0x00,0x01,0x24,0x01,0xDB,0x06,0x00,0x01,0x24,0x01,0xDB,0x22,0x00,0x01,0x24,
  0x01,0xDB,0x59,0x00,0x01,0x24,0x01,0xDB,0xA8,0x00,0x01,0x24,0x0E,0x00,0x01,0x49,
  0x01,0xFF,0x06,0x00,0x01,0x49,0x01,0xFF,0x13,0x00,0x01,0x24,0x0E,0x00,0x01,0x49,
  0x01,0xFF,0x59,0x00,0x01,0x49,0x01,0xFF,0xA7,0x00,0x01,0x49,0x01,0xB6,0x09,0x00,
  0x01,0x49,0x01,0x24,0x03,0x00,0x01,0x24,0x01,0xFF,0x06,0x00,0x01,0x24,0x01,0xFF,
  0x07,0x00,0x01,0x49,0x01,0x24,0x09,0x00,0x01,0x49,0x01,0xB6,0x09,0x00,0x01,0xB6,
  0x01,0x92,0x03,0x00,0x01,0x24,0x01,0xFF,0x07,0x00,0x01,0xDB,0x01,0x49,0x03,0x00,
  0x01,0xDB,0x10,0x00,0x01,0x6D,0x03,0x00,0x01,0x92,0x03,0x00,0x01,0x49,0x01,0x24,
  0x07,0x00,0x01,0x49,0x01,0xDB,0x01,0x6D,0x06,0x00,0x01,0x6D,0x18,0x00,0x01,0x6D,
  0x08,0x00,0x01,0x24,0x01,0xFF,0x08,0x00,0x01,0x24,0x09,0x00,0x01,0xDB,0x01,0x49,
  0x03,0x00,0x01,0xDB,0x8F,0x00,0x07,0xFF,0x01,0x92,0x03,0x00,0x02,0xFF,0x01,0x6D,
  0x03,0x00,0x06,0xFF,0x02,0x00,0x06,0xFF,0x02,0x00,0x04,0xFF,0x01,0xDB,0x01,0x24,
  0x05,0x00,0x07,0xFF,0x01,0x92,0x03,0x00,0x01,0xDB,0x01,0xFF,0x01,0xDB,0x03,0x00,
  0x06,0xFF,0x02,0x00,0x01,0xFF,0x01,0xDB,0x03,0x00,0x01,0xFF,0x01,0x49,0x0E,0x00,
  0x01,0x24,0x06,0xFF,0x01,0x24,0x01,0x00,0x04,0xFF,0x01,0xB6,0x03,0x00,0x01,0x24,
  0x02,0xB6,0x02,0xFF,0x01,0x49,0x03,0x00,0x01,0xDB,0x07,0xFF,0x01,0x6D,0x07,0x00,
  0x01,0x49,0x01,0xB6,0x07,0x00,0x01,0xB6,0x06,0xFF,0x01,0x6D,0x03,0x00,0x06,0xFF,
  0x02,0x00,0x02,0xDB,0x02,0x00,0x01,0x92,0x01,0xFF,0x01,0xDB,0x01,0x24,0x03,0x00,
  0x01,0xFF,0x01,0xDB,0x03,0x00,0x01,0xFF,0x01,0x49,0x8E,0x00,0x01,0x49,0x02,0xDB,
  0x03,0x6D,0x01,0x92,0x01,0xFF,0x01,0x24,0x02,0x00,0x01,0x6D,0x02,0xFF,0x01,0xB6,
  0x02,0x00,0x01,0x49,0x04,0x6D,0x01,0xFF,0x01,0x49,0x01,0x00,0x01,0x49,0x04,0x6D,
  0x01,0xFF,0x01,0x49,0x01,0x24,0x04,0x6D,0x02,0xFF,0x05,0x00,0x01,0x49,0x02,0xDB,
  0x03,0x6D,0x01,0x92,0x01,0xFF,0x01,0x24,0x03,0x00,0x01,0x92,0x01,0xFF,0x01,0x92,
  0x02,0x00,0x01,0x49,0x04,0x6D,0x01,0xFF,0x01,0x49,0x01,0x00,0x01,0x6D,0x01,0xFF,
  0x03,0x00,0x01,0xFF,0x01,0x6D,0x04,0x00,0x06,0xFF,0x01,0x6D,0x03,0x00,0x01,0x24,
  0x03,0x6D,0x01,0x92,0x01,0xFF,0x01,0x6D,0x01,0x00,0x01,0x24,0x03,0x6D,0x01,0x92,
  0x01,0xFF,0x01,0xB6,0x02,0x00,0x01,0xB6,0x01,0x24,0x01,0x00,0x01,0x24,0x01,0xDB,
  0x01,0xFF,0x03,0x00,0x01,0xB6,0x01,0xFF,0x05,0x6D,0x02,0xDB,0x07,0x00,0x01,0x49,
  0x01,0xB6,0x07,0x00,0x06,0x6D,0x01,0xB6,0x01,0xFF,0x03,0x00,0x01,0x49,0x04,0x6D,
  0x01,0xFF,0x01,0x49,0x01,0x00,0x01,0x92,0x01,0xFF,0x01,0x49,0x02,0x92,0x01,0x6D,
  0x01,0xDB,0x01,0xFF,0x03,0x00,0x01,0x6D,0x01,0xFF,0x03,0x00,0x01,0xFF,0x01,0x6D,
  0x0A,0x00,0x03,0xFF,0x82,0x00,0x01,0x49,0x01,0xFF,0x04,0x00,0x01,0xDB,0x01,0x49,
  0x04,0x00,0x01,0xDB,0x01,0xFF,0x07,0x00,0x01,0xDB,0x01,0x49,0x06,0x00,0x01,0xDB,
  0x01,0x49,0x05,0x00,0x01,0x24,0x01,0xFF,0x01,0x6D,0x05,0x00,0x01,0x49,0x01,0xFF,
  0x04,0x00,0x01,0xDB,0x01,0x49,0x04,0x00,0x02,0xB6,0x07,0x00,0x01,0xDB,0x01,0x49,
  0x02,0x00,0x01,0xFF,0x01,0x49,0x02,0x00,0x01,0xB6,0x01,0x6D,0x13,0x00,0x01,0xFF,
  0x07,0x00,0x01,0x49,0x01,0xFF,0x02,0x00,0x01,0xFF,0x01,0x49,0x03,0x00,0x01,0xFF,
  0x01,0x24,0x03,0x00,0x01,0xFF,0x01,0x24,0x04,0x00,0x01,0x6D,0x01,0xDB,0x05,0x00,
  0x06,0xFF,0x01,0x6D,0x05,0x00,0x01,0x49,0x05,0x00,0x01,0xFF,0x01,0x24,0x07,0x00,
  0x01,0xDB,0x01,0x49,0x02,0x00,0x01,0xFF,0x01,0xB6,0x01,0x6D,0x03,0x00,0x01,0xFF,
  0x01,0x49,0x03,0x00,0x01,0xFF,0x01,0x49,0x02,0x00,0x01,0xB6,0x01,0x6D,0x09,0x00,
  0x05,0xFF,0x82,0x00,0x01,0xFF,0x04,0x00,0x01,0xDB,0x01,0x49,0x04,0x00,0x01,0x92,
  0x01,0xB6,0x07,0x00,0x01,0xDB,0x07,0x00,0x01,0xDB,0x07,0x00,0x01,0xB6,0x01,0x92,
  0x06,0x00,0x01,0xFF,0x04,0x00,0x01,0xDB,0x01,0x49,0x04,0x00,0x01,0x92,0x01,0xB6,
  0x07,0x00,0x01,0xDB,0x03,0x00,0x01,0x92,0x01,0xB6,0x02,0x00,0x01,0xB6,0x01,0x49,
  0x13,0x00,0x01,0xFF,0x08,0x00,0x01,0xFF,0x01,0x24,0x01,0x00,0x01,0xB6,0x01,0xFF,
  0x01,0x49,0x02,0x00,0x01,0xDB,0x01,0x49,0x03,0x00,0x01,0xDB,0x01,0x49,0x04,0x00,
  0x01,0x6D,0x01,0x92,0x07,0x00,0x01,0x49,0x01,0xB6,0x08,0x00,0x01,0xFF,0x05,0x00,
  0x01,0xFF,0x01,0x24,0x07,0x00,0x01,0xDB,0x03,0x00,0x01,0xB6,0x01,0xDB,0x04,0x00,
  0x01,0xB6,0x01,0x92,0x03,0x00,0x01,0x92,0x01,0xB6,0x02,0x00,0x01,0xB6,0x01,0x49,
  0x08,0x00,0x07,0xFF,0x81,0x00,0x01,0xDB,0x01,0x49,0x03,0x00,0x01,0xB6,0x01,0x6D,
  0x04,0x00,0x01,0xDB,0x01,0x24,0x06,0x00,0x01,0x24,0x01,0x92,0x06,0x00,0x01,0x24,
  0x01,0x92,0x07,0x00,0x01,0x92,0x01,0x6D,0x06,0x00,0x01,0xDB,0x01,0x49,0x03,0x00,
  0x01,0xB6,0x01,0x6D,0x04,0x00,0x01,0x6D,0x01,0xB6,0x06,0x00,0x01,0x24,0x01,0x92,
  0x03,0x00,0x01,0x49,0x01,0xFF,0x02,0x00,0x01,0xB6,0x05,0x00,0x06,0xFF,0x01,0x6D,
  0x08,0x00,0x01,0xFF,0x08,0x00,0x01,0xFF,0x01,0x49,0x02,0x00,0x01,0x92,0x03,0x00,
  0x01,0xB6,0x01,0x49,0x03,0x00,0x02,0x92,0x04,0x00,0x01,0xDB,0x08,0x00,0x01,0x49,
  0x01,0xB6,0x08,0x00,0x01,0xFF,0x05,0x00,0x01,0xDB,0x01,0x49,0x06,0x00,0x01,0x24,
  0x01,0x92,0x03,0x00,0x01,0xB6,0x01,0x6D,0x04,0x00,0x01,0x6D,0x01,0xB6,0x03,0x00,
  0x01,0x49,0x01,0xFF,0x02,0x00,0x01,0xB6,0x09,0x00,0x07,0xFF,0x81,0x00,0x01,0xB6,
  0x01,0x49,0x03,0x00,0x01,0xB6,0x01,0x6D,0x03,0x00,0x02,0x49,0x06,0x00,0x01,0x24,
  0x01,0xDB,0x06,0x00,0x01,0x24,0x01,0xDB,0x08,0x00,0x01,0xB6,0x07,0x00,0x01,0xB6,
  0x01,0x49,0x03,0x00,0x01,0xB6,0x01,0x6D,0x04,0x00,0x01,0x6D,0x01,0xB6,0x05,0x00,
  0x01,0x24,0x01,0xDB,0x05,0x00,0x01,0xFF,0x01,0x49,0x01,0xDB,0x01,0x6D,0x14,0x00,
  0x01,0xFF,0x01,0x24,0x07,0x00,0x01,0xDB,0x01,0x49,0x06,0x00,0x01,0xB6,0x01,0x49,
  0x03,0x00,0x01,0x49,0x01,0xDB,0x03,0x00,0x02,0x6D,0x08,0x00,0x01,0x49,0x01,0xB6,
  0x08,0x00,0x01,0xFF,0x05,0x00,0x01,0xDB,0x01,0x49,0x05,0x00,0x01,0x24,0x01,0xDB,
  0x04,0x00,0x01,0xDB,0x01,0x24,0x04,0x00,0x01,0x49,0x01,0xB6,0x04,0x00,0x01,0xFF,
  0x01,0x49,0x01,0xDB,0x01,0x6D,0x09,0x00,0x07,0xFF,0x7F,0x00,0x01,0x24,0x01,0x6D,
  0x01,0xB6,0x01,0x24,0x03,0x00,0x01,0x92,0x01,0x6D,0x09,0x00,0x01,0x6D,0x01,0xDB,
  0x01,0xFF,0x01,0x24,0x04,0x00,0x01,0x6D,0x01,0xDB,0x01,0xFF,0x01,0x24,0x03,0x00,
  0x01,0x49,0x03,0x6D,0x01,0x92,0x01,0x6D,0x05,0x00,0x01,0x24,0x01,0x6D,0x01,0xB6,
  0x01,0x24,0x03,0x00,0x01,0x92,0x01,0x6D,0x04,0x00,0x01,0x6D,0x01,0xB6,0x03,0x00,
  0x01,0x6D,0x01,0xDB,0x01,0xFF,0x01,0x24,0x04,0x00,0x01,0x24,0x02,0xFF,0x01,0x49,
  0x15,0x00,0x01,0xFF,0x01,0x24,0x07,0x00,0x01,0xDB,0x01,0x49,0x01,0x00,0x01,0x49,
  0x04,0x6D,0x01,0xDB,0x05,0x00,0x01,0xFF,0x02,0x92,0x01,0xDB,0x01,0x92,0x13,0x00,
  0x01,0xFF,0x05,0x00,0x01,0xDB,0x01,0x49,0x03,0x00,0x01,0x6D,0x01,0xDB,0x01,0xFF,
  0x01,0x24,0x04,0x00,0x01,0xFF,0x01,0x00,0x01,0x24,0x03,0x6D,0x01,0x92,0x01,0x6D,
  0x03,0x00,0x01,0x24,0x02,0xFF,0x01,0x49,0x0B,0x00,0x05,0xFF,0x7F,0x00,0x01,0x24,
  0x02,0xFF,0x01,0xDB,0x04,0x00,0x01,0x6D,0x09,0x00,0x01,0x49,0x01,0xDB,0x01,0x6D,
  0x05,0x00,0x01,0x49,0x01,0xDB,0x01,0x6D,0x04,0x00,0x01,0x24,0x04,0xFF,0x01,0xB6,
  0x05,0x00,0x01,0x24,0x02,0xFF,0x01,0xDB,0x04,0x00,0x01,0x6D,0x05,0x00,0x02,0x6D,
  0x02,0x00,0x01,0x49,0x01,0xDB,0x01,0x6D,0x05,0x00,0x01,0xB6,0x01,0xFF,0x01,0xB6,
  0x17,0x00,0x01,0x92,0x08,0x00,0x01,0x92,0x01,0x00,0x01,0x24,0x05,0xFF,0x01,0x92,
  0x05,0x00,0x01,0x92,0x01,0xFF,0x01,0xDB,0x01,0x49,0x14,0x00,0x01,0x92,0x05,0x00,
  0x01,0x92,0x03,0x00,0x01,0x49,0x01,0xDB,0x01,0x6D,0x05,0x00,0x02,0x6D,0x01,0x00,
  0x05,0xFF,0x03,0x00,0x01,0xB6,0x01,0xFF,0x01,0xB6,0x0E,0x00,0x03,0xFF,0xC5,0x00,
  0x01,0x49,0x01,0xB6,0x01,0x24,0x59,0x00,0x01,0x49,0x09,0x00,0x01,0x49,0x01,0xB6,
  0x01,0x24,0xFF,0x00,0xFF,0x00,0xFF,0x00,0xFF,0x00,0xFF,0x00,0xFF,0x00,0xFF,0x00,
  0xFF,0x00,0xFF,0x00,0xFF,0x00,0xFF,0x00,0xFF,0x00,0xFF,0x00,0x60,0x00,0x01,0x24,
  0x01,0xDB,0x0E,0x00,0x01,0x24,0x01,0xDB,0xFF,0x00,0x2F,0x00,0x01,0x49,0x01,0xFF,
  0x0E,0x00,0x01,0x49,0x01,0xFF,0x0B,0x00,0x01,0x24,0x01,0xDB,0x01,0xFF,0x01,0xB6,
  0x0B,0x00,0x01,0x92,0x01,0xDB,0x04,0x00,0x01,0x24,0x01,0xB6,0x01,0xFF,0x01,0x49,
  0x01,0x00,0x02,0x49,0xF5,0x00,0x01,0x6D,0x03,0x00,0x01,0x92,0x03,0x00,0x01,0xB6,
  0x04,0x00,0x01,0xB6,0x04,0x00,0x01,0x24,0x01,0xFF,0x07,0x00,0x01,0x49,0x01,0x24,
  0x05,0x00,0x01,0x24,0x01,0xFF,0x0B,0x00,0x01,0xDB,0x02,0x00,0x01,0xB6,0x01,0xDB,
  0x08,0x00,0x01,0x24,0x01,0xDB,0x02,0xFF,0x04,0x00,0x01,0xDB,0x01,0x00,0x01,0x6D,
  0x01,0xB6,0x01,0x00,0x01,0xDB,0x0C,0x00,0x01,0x6D,0x09,0x00,0x01,0xB6,0x01,0x92,
  0x04,0x00,0x01,0xB6,0x01,0x6D,0x05,0x00,0x01,0xDB,0x03,0x00,0x01,0xB6,0x01,0x92,
  0x04,0x00,0x01,0x49,0x01,0x24,0x04,0x00,0x01,0x49,0x01,0x24,0xC0,0x00,0x01,0x24,
  0x06,0xFF,0x01,0x24,0x01,0x49,0x01,0xFF,0x01,0x6D,0x02,0x00,0x01,0x49,0x01,0xFF,
  0x01,0x24,0x04,0x00,0x06,0xFF,0x02,0x00,0x04,0xFF,0x01,0xDB,0x01,0x24,0x02,0x00,
  0x06,0xFF,0x05,0x00,0x01,0x6D,0x01,0xB6,0x02,0x00,0x01,0x24,0x01,0xFF,0x01,0x49,
  0x08,0x00,0x01,0x24,0x01,0xDB,0x01,0xFF,0x04,0x00,0x01,0xFF,0x01,0x24,0x02,0x6D,
  0x01,0x92,0x01,0x49,0x0B,0x00,0x01,0xDB,0x07,0xFF,0x01,0x6D,0x02,0x00,0x01,0xDB,
  0x02,0xFF,0x01,0x24,0x02,0x00,0x01,0xB6,0x01,0xFF,0x01,0xB6,0x03,0x00,0x01,0x6D,
  0x01,0xFF,0x01,0x24,0x02,0x00,0x01,0xDB,0x02,0xFF,0x01,0x24,0x02,0x00,0x02,0xFF,
  0x01,0x6D,0x02,0x00,0x01,0x24,0x04,0xFF,0x01,0xDB,0x01,0x24,0xBC,0x00,0x01,0x24,
  0x03,0x6D,0x01,0x92,0x01,0xFF,0x01,0x6D,0x02,0x00,0x01,0xDB,0x01,0xFF,0x01,0x24,
  0x01,0x00,0x01,0x49,0x01,0xFF,0x01,0x24,0x04,0x00,0x01,0x49,0x04,0x6D,0x01,0xFF,
  0x01,0x49,0x01,0x24,0x04,0x6D,0x02,0xFF,0x02,0x00,0x01,0x49,0x04,0x6D,0x01,0xFF,
  0x01,0x49,0x04,0x00,0x01,0xB6,0x01,0x92,0x03,0x00,0x01,0xFF,0x01,0x6D,0x09,0x00,
  0x01,0x6D,0x01,0xFF,0x04,0x00,0x01,0x6D,0x01,0xFF,0x01,0x92,0x01,0x24,0x01,0x92,
  0x0C,0x00,0x01,0xB6,0x01,0xFF,0x05,0x6D,0x02,0xDB,0x03,0x00,0x01,0x6D,0x01,0xFF,
  0x01,0xB6,0x03,0x00,0x01,0x6D,0x01,0xFF,0x01,0xDB,0x02,0x00,0x01,0x24,0x01,0xFF,
  0x01,0x24,0x03,0x00,0x01,0x6D,0x01,0xFF,0x01,0xB6,0x02,0x00,0x01,0x6D,0x02,0xFF,
  0x01,0xB6,0x01,0x00,0x01,0x24,0x04,0x6D,0x01,0xFF,0x01,0x92,0x0B,0x00,0x03,0xFF,
  0xB3,0x00,0x01,0xFF,0x04,0x00,0x01,0xDB,0x01,0xFF,0x01,0x24,0x01,0x6D,0x01,0xB6,
  0x0A,0x00,0x01,0xDB,0x01,0x49,0x05,0x00,0x01,0x24,0x01,0xFF,0x01,0x6D,0x06,0x00,
  0x01,0xDB,0x01,0x49,0x04,0x00,0x01,0xDB,0x01,0x6D,0x03,0x00,0x01,0xDB,0x01,0x92,
  0x09,0x00,0x01,0x6D,0x01,0xFF,0x07,0x00,0x01,0xB6,0x01,0x6D,0x01,0x92,0x0C,0x00,
  0x01,0xFF,0x01,0x24,0x04,0x00,0x01,0x6D,0x01,0xDB,0x04,0x00,0x01,0x92,0x01,0xDB,
  0x03,0x00,0x01,0x49,0x01,0xB6,0x01,0xFF,0x01,0xDB,0x01,0x00,0x01,0x24,0x01,0xDB,
  0x05,0x00,0x01,0x92,0x01,0xDB,0x04,0x00,0x01,0xDB,0x01,0xFF,0x06,0x00,0x01,0x6D,
  0x01,0x92,0x0A,0x00,0x05,0xFF,0xB2,0x00,0x01,0xFF,0x05,0x00,0x01,0xB6,0x01,0xFF,
  0x01,0xDB,0x01,0x24,0x0A,0x00,0x01,0xDB,0x07,0x00,0x01,0xB6,0x01,0x92,0x06,0x00,
  0x01,0xDB,0x05,0x00,0x01,0xDB,0x01,0x6D,0x03,0x00,0x01,0xDB,0x01,0x92,0x09,0x00,
  0x01,0x49,0x01,0xFF,0x06,0x00,0x01,0x6D,0x02,0xDB,0x01,0xFF,0x01,0x6D,0x05,0x00,
  0x01,0xB6,0x01,0xDB,0x04,0x00,0x01,0xDB,0x01,0x49,0x04,0x00,0x01,0x6D,0x01,0x92,
  0x04,0x00,0x01,0x49,0x01,0xFF,0x03,0x00,0x01,0xDB,0x01,0x00,0x01,0x24,0x01,0xFF,
  0x01,0xDB,0x01,0xB6,0x01,0x49,0x05,0x00,0x01,0x49,0x01,0xFF,0x04,0x00,0x01,0x92,
  0x01,0xB6,0x06,0x00,0x01,0x6D,0x01,0xB6,0x09,0x00,0x07,0xFF,0xB1,0x00,0x01,0xFF,
  0x06,0x00,0x01,0xB6,0x01,0xFF,0x01,0x49,0x09,0x00,0x01,0x24,0x01,0x92,0x07,0x00,
  0x01,0x92,0x01,0x6D,0x05,0x00,0x01,0x24,0x01,0x92,0x05,0x00,0x01,0xDB,0x01,0x92,
  0x03,0x00,0x01,0xFF,0x01,0x49,0x09,0x00,0x01,0x49,0x01,0xFF,0x06,0x00,0x01,0xB6,
  0x01,0xFF,0x01,0x00,0x02,0x92,0x05,0x00,0x01,0x49,0x01,0x6D,0x04,0x00,0x02,0x92,
  0x04,0x00,0x01,0xDB,0x05,0x00,0x01,0x24,0x01,0xFF,0x02,0x00,0x01,0x24,0x01,0xDB,
  0x02,0x00,0x01,0x24,0x02,0xFF,0x06,0x00,0x01,0x24,0x01,0xFF,0x04,0x00,0x01,0xDB,
  0x01,0x24,0x06,0x00,0x01,0x6D,0x01,0xB6,0x09,0x00,0x07,0xFF,0xB1,0x00,0x01,0xFF,
  0x01,0x24,0x06,0x00,0x01,0x92,0x01,0xFF,0x01,0x49,0x07,0x00,0x01,0x24,0x01,0xDB,
  0x08,0x00,0x01,0xB6,0x05,0x00,0x01,0x24,0x01,0xDB,0x06,0x00,0x01,0x92,0x01,0xDB,
  0x03,0x00,0x01,0xFF,0x0A,0x00,0x01,0x49,0x01,0xFF,0x05,0x00,0x01,0x92,0x01,0x49,
  0x01,0xFF,0x01,0x00,0x02,0x6D,0x0B,0x00,0x01,0x49,0x01,0xDB,0x03,0x00,0x02,0x6D,
  0x05,0x00,0x01,0x24,0x01,0xFF,0x02,0x00,0x01,0x6D,0x01,0xB6,0x03,0x00,0x01,0x24,
  0x01,0xFF,0x01,0xDB,0x05,0x00,0x01,0x24,0x01,0xFF,0x03,0x00,0x02,0x49,0x07,0x00,
  0x01,0x6D,0x01,0xB6,0x09,0x00,0x07,0xFF,0xB1,0x00,0x01,0xFF,0x01,0x24,0x02,0x00,
  0x01,0x49,0x04,0x6D,0x01,0xFF,0x01,0x49,0x05,0x00,0x01,0x6D,0x01,0xDB,0x01,0xFF,
  0x01,0x24,0x03,0x00,0x01,0x49,0x03,0x6D,0x01,0x92,0x01,0x6D,0x03,0x00,0x01,0x6D,
  0x01,0xDB,0x01,0xFF,0x01,0x24,0x06,0x00,0x01,0x24,0x01,0xFF,0x01,0x49,0x01,0x00,
  0x02,0x6D,0x03,0x00,0x02,0x49,0x05,0x00,0x01,0x6D,0x01,0xFF,0x04,0x00,0x01,0x49,
  0x01,0x92,0x01,0x00,0x01,0xFF,0x01,0x24,0x01,0x92,0x01,0x24,0x05,0x00,0x02,0x49,
  0x05,0x00,0x01,0xFF,0x02,0x92,0x01,0xDB,0x01,0x92,0x04,0x00,0x01,0x49,0x01,0x6D,
  0x02,0x92,0x02,0x00,0x01,0x6D,0x01,0xFF,0x01,0x6D,0x03,0x00,0x01,0x24,0x01,0xFF,
  0x01,0xDB,0x02,0x00,0x01,0x49,0x01,0x6D,0x02,0x92,0x08,0x00,0x01,0x49,0x03,0x6D,
  0x01,0xB6,0x01,0xFF,0x01,0x49,0x09,0x00,0x05,0xFF,0xB2,0x00,0x01,0x92,0x02,0x00,
  0x01,0x24,0x05,0xFF,0x01,0xB6,0x05,0x00,0x01,0x49,0x01,0xDB,0x01,0x6D,0x04,0x00,
  0x01,0x24,0x04,0xFF,0x01,0xB6,0x03,0x00,0x01,0x49,0x01,0xDB,0x01,0x6D,0x09,0x00,
  0x01,0x6D,0x02,0xFF,0x01,0x6D,0x04,0x00,0x02,0xDB,0x03,0x00,0x01,0xB6,0x04,0xFF,
  0x01,0xDB,0x02,0x00,0x01,0xB6,0x02,0x00,0x01,0x6D,0x01,0xFF,0x01,0x6D,0x06,0x00,
  0x02,0xDB,0x05,0x00,0x01,0x92,0x01,0xFF,0x01,0xDB,0x01,0x49,0x04,0x00,0x01,0x49,
  0x03,0xFF,0x01,0x24,0x02,0x00,0x01,0x92,0x01,0xFF,0x01,0x92,0x04,0x00,0x01,0x49,
  0x01,0xFF,0x01,0x00,0x01,0x49,0x03,0xFF,0x01,0x24,0x07,0x00,0x01,0x24,0x06,0xFF,
  0x01,0x6D,0x0A,0x00,0x03,0xFF,0xE7,0x00,0x01,0x24,0x18,0x00,0x01,0x24,0xFF,0x00,
  0xFF,0x00,0xFF,0x00,0xFF,0x00,0xFF,0x00,0xFF,0x00,0xFF,0x00,0xFF,0x00,0xFF,0x00,
  0xFF,0x00,0xFF,0x00,0xFF,0x00,0xFF,0x00,0xD6,0x00,0x01,0x29,0xFF,0x00,0x1A,0x00,
  0x01,0x2E,0x01,0x53,0x0C,0x00,0x01,0x53,0x01,0x77,0x01,0x52,0x05,0x00,0x01,0x53,
  0x01,0x77,0x01,0x52,0x05,0x00,0x01,0x53,0x01,0x77,0x01,0x52,0x04,0x00,0x01,0x29,
  0x03,0x77,0x01,0x29,0xFF,0x00,0x16,0x00,0x01,0x77,0x01,0x7B,0x01,0x77,0x0B,0x00,
  0x01,0x77,0x02,0x00,0x01,0x52,0x01,0x77,0x03,0x00,0x01,0x77,0x02,0x00,0x01,0x52,
  0x01,0x77,0x03,0x00,0x01,0x77,0x02,0x00,0x01,0x52,0x01,0x77,0x02,0x00,0x01,0x29,
  0x01,0x25,0x01,0x2D,0x02,0x04,0x07,0x00,0x01,0x29,0x0A,0x00,0x01,0x52,0x0A,0x00,
  0x01,0x29,0x09,0x00,0x01,0x77,0x01,0x29,0x03,0x00,0x01,0x77,0xEA,0x00,0x01,0x73,
  0x01,0x7B,0x0A,0x00,0x01,0x2D,0x01,0x52,0x03,0x00,0x01,0x7B,0x01,0x25,0x01,0x00,
  0x01,0x2D,0x01,0x52,0x03,0x00,0x01,0x7B,0x01,0x25,0x01,0x00,0x01,0x2D,0x01,0x52,
  0x03,0x00,0x01,0x7B,0x01,0x25,0x01,0x00,0x01,0x77,0x01,0x04,0x01,0x29,0x01,0x04,
  0x07,0x00,0x01,0x52,0x05,0x7B,0x01,0x77,0x01,0x29,0x03,0x00,0x01,0x53,0x07,0x7B,
  0x01,0x29,0x02,0x00,0x01,0x53,0x07,0x7B,0x01,0x29,0x02,0x00,0x01,0x77,0x01,0x53,
  0x03,0x00,0x01,0x7B,0x01,0x25,0xE9,0x00,0x01,0x2D,0x01,0x7B,0x0A,0x00,0x01,0x52,
  0x01,0x2E,0x03,0x00,0x01,0x77,0x01,0x29,0x01,0x00,0x01,0x52,0x01,0x2E,0x03,0x00,
  0x01,0x77,0x01,0x29,0x01,0x00,0x01,0x52,0x01,0x2E,0x03,0x00,0x01,0x77,0x01,0x29,
  0x01,0x00,0x02,0x77,0x01,0x52,0x01,0x04,0x07,0x00,0x06,0x29,0x01,0x52,0x01,0x7B,
  0x03,0x00,0x01,0x25,0x01,0x7B,0x01,0x4E,0x04,0x29,0x01,0x77,0x01,0x53,0x02,0x00,
  0x01,0x52,0x01,0x7B,0x05,0x29,0x01,0x53,0x01,0x77,0x02,0x00,0x01,0x29,0x01,0x7B,
  0x03,0x00,0x01,0x77,0x01,0x29,0xE9,0x00,0x01,0x29,0x01,0x7B,0x0A,0x00,0x01,0x77,
  0x01,0x29,0x03,0x00,0x01,0x77,0x01,0x2E,0x01,0x00,0x01,0x77,0x01,0x29,0x03,0x00,
  0x01,0x77,0x01,0x2E,0x01,0x00,0x01,0x77,0x01,0x29,0x03,0x00,0x01,0x77,0x01,0x2E,
  0x01,0x00,0x01,0x25,0x01,0x77,0x01,0x7B,0x01,0x77,0x01,0x25,0x07,0x00,0x01,0x29,
  0x05,0x00,0x01,0x7B,0x01,0x04,0x03,0x00,0x01,0x7B,0x01,0x04,0x04,0x00,0x01,0x29,
  0x01,0x52,0x03,0x00,0x01,0x7B,0x05,0x00,0x01,0x29,0x01,0x53,0x03,0x00,0x01,0x77,
  0x01,0x29,0x02,0x00,0x01,0x52,0x01,0x29,0xE2,0x00,0x01,0x52,0x01,0x53,0x05,0x00,
  0x01,0x29,0x01,0x7B,0x0A,0x00,0x01,0x77,0x01,0x2D,0x03,0x00,0x01,0x77,0x01,0x2E,
  0x01,0x00,0x01,0x77,0x01,0x2D,0x03,0x00,0x01,0x77,0x01,0x2E,0x01,0x00,0x01,0x77,
  0x01,0x2D,0x03,0x00,0x01,0x77,0x01,0x2E,0x03,0x00,0x01,0x4E,0x02,0x7B,0x01,0x4E,
  0x06,0x00,0x01,0x7B,0x05,0x00,0x01,0x77,0x01,0x04,0x03,0x00,0x01,0x7B,0x01,0x25,
  0x04,0x00,0x01,0x2E,0x01,0x29,0x03,0x00,0x01,0x77,0x01,0x29,0x04,0x00,0x01,0x2D,
  0x01,0x4E,0x03,0x00,0x01,0x4E,0x01,0x52,0x02,0x00,0x01,0x4E,0x01,0x25,0xE2,0x00,
  0x02,0x29,0x05,0x00,0x01,0x29,0x01,0x7B,0x0A,0x00,0x01,0x53,0x01,0x4E,0x03,0x00,
  0x01,0x77,0x01,0x29,0x01,0x00,0x01,0x53,0x01,0x4E,0x03,0x00,0x01,0x77,0x01,0x29,
  0x01,0x00,0x01,0x53,0x01,0x4E,0x03,0x00,0x01,0x77,0x01,0x29,0x03,0x00,0x01,0x29,
  0x01,0x25,0x01,0x52,0x01,0x7B,0x06,0x00,0x01,0x7B,0x05,0x00,0x01,0x77,0x01,0x25,
  0x03,0x00,0x01,0x77,0x01,0x25,0x04,0x00,0x01,0x52,0x04,0x00,0x02,0x4E,0x04,0x00,
  0x01,0x53,0x04,0x00,0x01,0x05,0x01,0x77,0x02,0x00,0x01,0x52,0xEA,0x00,0x01,0x29,
  0x01,0x7B,0x0A,0x00,0x01,0x4E,0x01,0x53,0x03,0x00,0x01,0x77,0x02,0x00,0x01,0x4E,
  0x01,0x53,0x03,0x00,0x01,0x77,0x02,0x00,0x01,0x4E,0x01,0x53,0x03,0x00,0x01,0x77,
  0x04,0x00,0x01,0x29,0x02,0x04,0x01,0x77,0x06,0x00,0x01,0x7B,0x05,0x00,0x01,0x53,
  0x01,0x25,0x03,0x00,0x01,0x77,0x01,0x25,0x03,0x00,0x01,0x2D,0x01,0x29,0x04,0x00,
  0x01,0x25,0x01,0x77,0x03,0x00,0x01,0x2D,0x01,0x29,0x05,0x00,0x01,0x77,0x01,0x29,
  0x01,0x77,0x01,0x29,0xE3,0x00,0x01,0x29,0x01,0x25,0x05,0x00,0x01,0x29,0x01,0x7B,
  0x05,0x00,0x01,0x29,0x01,0x52,0x03,0x00,0x01,0x04,0x01,0x7B,0x01,0x29,0x01,0x00,
  0x02,0x29,0x02,0x00,0x01,0x04,0x01,0x7B,0x01,0x29,0x01,0x00,0x02,0x29,0x02,0x00,
  0x01,0x04,0x01,0x7B,0x01,0x29,0x01,0x00,0x02,0x29,0x04,0x00,0x01,0x29,0x01,0x05,
  0x01,0x2E,0x01,0x25,0x06,0x00,0x01,0x7B,0x05,0x00,0x01,0x53,0x01,0x25,0x03,0x00,
  0x01,0x77,0x01,0x25,0x01,0x00,0x01,0x2E,0x01,0x77,0x01,0x4E,0x06,0x00,0x01,0x7B,
  0x01,0x4E,0x01,0x2E,0x01,0x77,0x01,0x4E,0x05,0x00,0x01,0x04,0x02,0x77,0x01,0x29,
  0xE4,0x00,0x01,0x53,0x01,0x77,0x03,0x00,0x01,0x52,0x01,0x77,0x02,0x7B,0x01,0x77,
  0x01,0x53,0x03,0x00,0x01,0x4E,0x01,0x77,0x04,0x00,0x01,0x29,0x02,0x77,0x01,0x29,
  0x04,0x00,0x01,0x29,0x02,0x77,0x01,0x29,0x04,0x00,0x01,0x29,0x02,0x77,0x01,0x29,
  0x03,0x00,0x02,0x77,0x01,0x7B,0x01,0x77,0x01,0x25,0x07,0x00,0x01,0x4E,0x05,0x00,
  0x01,0x4E,0x04,0x00,0x01,0x77,0x02,0x25,0x01,0x52,0x01,0x05,0x07,0x00,0x01,0x2E,
  0x01,0x7B,0x01,0x53,0x01,0x29,0x05,0x00,0x01,0x52,0x01,0x7B,0x01,0x4E,0xF4,0x00,
  0x01,0x29,0x01,0x52,0x1D,0x00,0x01,0x29,0x01,0x25,0x13,0x00,0x01,0x73,0x01,0x25,
  0x12,0x00,0x01,0x25,0x01,0x52,0x01,0x04,0xF5,0x00,0x01,0x52,0x01,0x04,0x1D,0x00,
  0x01,0x29,0x01,0x25,0x13,0x00,0x01,0x53,0x01,0x25,0xFF,0x00,0x0B,0x00,0x01,0x4E,
  0x1E,0x00,0x01,0x29,0x14,0x00,0x01,0x52,0xFF,0x00,0xFF,0x00,0xFF,0x00,0xFF,0x00,
  0xFF,0x00,0xFF,0x00,0xFF,0x00,0xFF,0x00,0xFF,0x00,0xFF,0x00,0xFF,0x00,0x02,0x00,
  0x01,0x24,0xFF,0x00,0x38,0x00,0x01,0x49,0x01,0x6D,0x05,0x00,0x01,0x24,0x01,0x6D,
  0x02,0x92,0x01,0x24,0x12,0x00,0x01,0x6D,0x01,0x92,0x01,0x6D,0x0B,0x00,0x01,0x49,
  0x01,0x6D,0x05,0x00,0x01,0x6D,0x01,0x92,0x01,0x24,0x01,0x00,0x02,0x24,0xFF,0x00,
  0x07,0x00,0x01,0x6D,0x02,0x92,0x04,0x00,0x02,0x24,0x01,0x49,0x14,0x00,0x01,0x6D,
  0x02,0x00,0x02,0x6D,0x09,0x00,0x01,0x6D,0x02,0x92,0x04,0x00,0x01,0x6D,0x01,0x00,
  0x01,0x49,0x01,0x6D,0x01,0x00,0x01,0x6D,0x0C,0x00,0x01,0x24,0x0A,0x00,0x01,0x49,
  0x09,0x00,0x01,0x24,0x05,0x00,0x02,0x49,0x04,0x00,0x02,0x24,0xD9,0x00,0x01,0x6D,
  0x01,0x92,0x04,0x00,0x01,0x92,0x01,0x00,0x01,0x49,0x13,0x00,0x01,0x49,0x01,0x6D,
  0x03,0x00,0x01,0x92,0x01,0x24,0x09,0x00,0x01,0x6D,0x01,0x92,0x04,0x00,0x01,0x92,
  0x01,0x00,0x03,0x49,0x01,0x24,0x0B,0x00,0x01,0x6D,0x06,0x92,0x01,0x24,0x03,0x00,
  0x01,0x6D,0x07,0x92,0x01,0x49,0x02,0x00,0x02,0x92,0x01,0x49,0x03,0x00,0x01,0x6D,
  0x02,0x92,0x03,0x00,0x04,0x92,0x01,0x6D,0xD6,0x00,0x01,0x49,0x01,0x92,0x04,0x00,
  0x02,0x92,0x01,0x6D,0x08,0x00,0x06,0x92,0x01,0x24,0x04,0x00,0x01,0x6D,0x01,0x49,
  0x03,0x00,0x01,0x92,0x01,0x49,0x09,0x00,0x01,0x49,0x01,0x92,0x04,0x00,0x01,0x49,
  0x01,0x92,0x01,0x49,0x01,0x00,0x01,0x49,0x0C,0x00,0x06,0x24,0x01,0x6D,0x01,0x92,
  0x03,0x00,0x01,0x6D,0x01,0x92,0x05,0x24,0x02,0x6D,0x02,0x00,0x01,0x24,0x02,0x92,
  0x01,0x6D,0x03,0x00,0x01,0x49,0x01,0x92,0x01,0x6D,0x02,0x00,0x03,0x24,0x01,0x49,
  0x02,0x92,0xD5,0x00,0x01,0x24,0x01,0x92,0x04,0x00,0x01,0x24,0x02,0x92,0x01,0x6D,
  0x01,0x24,0x11,0x00,0x01,0x6D,0x01,0x49,0x03,0x00,0x01,0x6D,0x01,0x49,0x09,0x00,
  0x01,0x24,0x01,0x92,0x07,0x00,0x01,0x6D,0x02,0x49,0x0C,0x00,0x01,0x24,0x05,0x00,
  0x01,0x92,0x04,0x00,0x01,0x92,0x05,0x00,0x01,0x24,0x01,0x6D,0x04,0x00,0x01,0x6D,
  0x01,0x92,0x04,0x00,0x01,0x49,0x01,0x6D,0x07,0x00,0x01,0x92,0x01,0x24,0xD4,0x00,
  0x01,0x24,0x01,0x92,0x06,0x00,0x01,0x49,0x02,0x92,0x01,0x49,0x10,0x00,0x01,0x92,
  0x01,0x49,0x03,0x00,0x01,0x6D,0x01,0x49,0x09,0x00,0x01,0x24,0x01,0x92,0x06,0x00,
  0x01,0x24,0x02,0x6D,0x01,0x92,0x01,0x49,0x05,0x00,0x02,0x6D,0x04,0x00,0x01,0x92,
  0x05,0x00,0x01,0x92,0x01,0x24,0x03,0x00,0x01,0x6D,0x01,0x24,0x04,0x00,0x02,0x49,
  0x04,0x00,0x01,0x49,0x01,0x6D,0x04,0x00,0x01,0x24,0x01,0x92,0x07,0x00,0x01,0x6D,
  0x01,0x49,0xD4,0x00,0x01,0x24,0x01,0x92,0x06,0x00,0x02,0x24,0x01,0x6D,0x01,0x92,
  0x05,0x00,0x06,0x92,0x01,0x24,0x04,0x00,0x01,0x6D,0x01,0x49,0x03,0x00,0x01,0x92,
  0x01,0x24,0x09,0x00,0x01,0x24,0x01,0x92,0x06,0x00,0x01,0x6D,0x01,0x92,0x01,0x00,
  0x02,0x49,0x05,0x00,0x01,0x24,0x01,0x49,0x04,0x00,0x01,0x92,0x05,0x00,0x01,0x6D,
  0x01,0x24,0x03,0x00,0x02,0x49,0x04,0x00,0x01,0x6D,0x05,0x00,0x01,0x92,0x06,0x00,
  0x01,0x92,0x07,0x00,0x01,0x49,0x01,0x24,0xD4,0x00,0x01,0x24,0x01,0x92,0x06,0x00,
  0x03,0x24,0x01,0x92,0x10,0x00,0x01,0x49,0x01,0x6D,0x03,0x00,0x01,0x92,0x0A,0x00,
  0x01,0x24,0x01,0x92,0x05,0x00,0x01,0x49,0x01,0x24,0x01,0x92,0x01,0x00,0x02,0x49,
  0x0B,0x00,0x01,0x92,0x05,0x00,0x01,0x6D,0x01,0x24,0x03,0x00,0x01,0x24,0x01,0x92,
  0x03,0x00,0x02,0x49,0x04,0x00,0x02,0x24,0x06,0x00,0x01,0x92,0x07,0x00,0x01,0x6D,
  0xD5,0x00,0x01,0x24,0x01,0x92,0x06,0x00,0x02,0x24,0x01,0x49,0x01,0x24,0x10,0x00,
  0x01,0x24,0x01,0x92,0x01,0x24,0x01,0x00,0x01,0x24,0x01,0x49,0x03,0x00,0x02,0x24,
  0x05,0x00,0x01,0x24,0x01,0x92,0x04,0x00,0x01,0x24,0x01,0x49,0x01,0x00,0x01,0x92,
  0x01,0x00,0x01,0x49,0x06,0x00,0x02,0x24,0x04,0x00,0x01,0x92,0x05,0x00,0x01,0x6D,
  0x01,0x24,0x04,0x00,0x01,0x92,0x02,0x49,0x01,0x6D,0x01,0x49,0x0A,0x00,0x02,0x24,
  0x02,0x49,0x02,0x00,0x04,0x24,0x02,0x49,0xD3,0x00,0x01,0x6D,0x04,0x92,0x01,0x6D,
  0x02,0x00,0x01,0x6D,0x03,0x92,0x01,0x24,0x12,0x00,0x01,0x24,0x02,0x92,0x01,0x49,
  0x04,0x00,0x01,0x6D,0x01,0x92,0x03,0x00,0x01,0x6D,0x04,0x92,0x01,0x6D,0x02,0x00,
  0x01,0x6D,0x02,0x00,0x01,0x49,0x01,0x92,0x01,0x24,0x06,0x00,0x01,0x6D,0x01,0x92,
  0x04,0x00,0x01,0x49,0x05,0x00,0x01,0x49,0x05,0x00,0x01,0x49,0x01,0x92,0x01,0x6D,
  0x01,0x24,0x0A,0x00,0x01,0x24,0x03,0x92,0x03,0x00,0x04,0x92,0x01,0x6D,0xDE,0x00,
  0x02,0x24,0xFF,0x00,0x3F,0x00,0x01,0x49,0x01,0x24,0xFF,0x00,0x3F,0x00,0x01,0x24,
  0xFF,0x00,0xFF,0x00,0xFF,0x00,0xFF,0x00,0xFF,0x00,0xFF,0x00,0xFF,0x00,0xFF,0x00,
  0xFF,0x00,0xFF,0x00,0xFF,0x00,0x4A,0x00,0x01,0x24,0xFF,0x00,0x38,0x00,0x01,0x49,
  0x01,0x6D,0x05,0x00,0x01,0x24,0x01,0x6D,0x02,0x92,0x01,0x24,0x12,0x00,0x01,0x6D,
  0x01,0x92,0x01,0x6D,0x0B,0x00,0x01,0x49,0x01,0x6D,0x05,0x00,0x01,0x6D,0x01,0x92,
  0x01,0x24,0x01,0x00,0x02,0x24,0xFF,0x00,0x07,0x00,0x01,0x6D,0x02,0x92,0x04,0x00,
  0x02,0x24,0x01,0x49,0x14,0x00,0x01,0x6D,0x02,0x00,0x02,0x6D,0x09,0x00,0x01,0x6D,
  0x02,0x92,0x04,0x00,0x01,0x6D,0x01,0x00,0x01,0x49,0x01,0x6D,0x01,0x00,0x01,0x6D,
  0x0C,0x00,0x01,0x24,0x09,0x00,0x01,0x6D,0x01,0x49,0x05,0x00,0x01,0x6D,0x03,0x00,
  0x01,0x24,0x05,0x00,0x01,0x6D,0x04,0x00,0x01,0x6D,0x02,0x00,0x01,0x24,0xD8,0x00,
  0x01,0x6D,0x01,0x92,0x04,0x00,0x01,0x92,0x01,0x00,0x01,0x49,0x13,0x00,0x01,0x49,
  0x01,0x6D,0x03,0x00,0x01,0x92,0x01,0x24,0x09,0x00,0x01,0x6D,0x01,0x92,0x04,0x00,
  0x01,0x92,0x01,0x00,0x03,0x49,0x01,0x24,0x0B,0x00,0x01,0x6D,0x06,0x92,0x01,0x24,
  0x03,0x00,0x01,0x6D,0x01,0x92,0x01,0x6D,0x03,0x00,0x01,0x24,0x01,0x92,0x03,0x00,
  0x02,0x92,0x01,0x49,0x02,0x00,0x01,0x24,0x01,0x92,0x01,0x49,0x02,0x00,0x01,0x24,
  0x01,0x92,0x01,0x24,0x01,0x00,0x02,0x92,0x01,0x49,0xD6,0x00,0x01,0x49,0x01,0x92,
  0x04,0x00,0x02,0x92,0x01,0x6D,0x08,0x00,0x06,0x92,0x01,0x24,0x04,0x00,0x01,0x6D,
  0x01,0x49,0x03,0x00,0x01,0x92,0x01,0x49,0x09,0x00,0x01,0x49,0x01,0x92,0x04,0x00,
  0x01,0x49,0x01,0x92,0x01,0x49,0x01,0x00,0x01,0x49,0x0C,0x00,0x06,0x24,0x01,0x6D,
  0x01,0x92,0x04,0x00,0x01,0x49,0x01,0x92,0x01,0x6D,0x03,0x00,0x01,0x92,0x03,0x00,
  0x01,0x24,0x02,0x92,0x01,0x6D,0x02,0x00,0x01,0x6D,0x01,0x92,0x01,0x24,0x01,0x00,
  0x01,0x24,0x01,0x92,0x02,0x00,0x01,0x24,0x02,0x92,0x01,0x6D,0xD5,0x00,0x01,0x24,
  0x01,0x92,0x04,0x00,0x01,0x24,0x02,0x92,0x01,0x6D,0x01,0x24,0x11,0x00,0x01,0x6D,
  0x01,0x49,0x03,0x00,0x01,0x6D,0x01,0x49,0x09,0x00,0x01,0x24,0x01,0x92,0x07,0x00,
  0x01,0x6D,0x02,0x49,0x0C,0x00,0x01,0x24,0x05,0x00,0x01,0x92,0x04,0x00,0x01,0x24,
  0x01,0x6D,0x01,0x92,0x01,0x6D,0x01,0x00,0x01,0x24,0x01,0x6D,0x05,0x00,0x01,0x6D,
  0x01,0x92,0x03,0x00,0x01,0x6D,0x01,0x92,0x02,0x24,0x01,0x6D,0x04,0x00,0x01,0x6D,
  0x01,0x92,0xD5,0x00,0x01,0x24,0x01,0x92,0x06,0x00,0x01,0x49,0x02,0x92,0x01,0x49,
  0x10,0x00,0x01,0x92,0x01,0x49,0x03,0x00,0x01,0x6D,0x01,0x49,0x09,0x00,0x01,0x24,
  0x01,0x92,0x06,0x00,0x01,0x24,0x02,0x6D,0x01,0x92,0x01,0x49,0x05,0x00,0x02,0x6D,
  0x04,0x00,0x01,0x92,0x05,0x00,0x01,0x92,0x01,0x24,0x03,0x00,0x01,0x6D,0x02,0x00,
  0x02,0x92,0x01,0x6D,0x01,0x24,0x05,0x00,0x01,0x49,0x01,0x6D,0x04,0x00,0x01,0x6D,
  0x02,0x92,0x05,0x00,0x01,0x49,0x01,0x6D,0xD5,0x00,0x01,0x24,0x01,0x92,0x06,0x00,
  0x02,0x24,0x01,0x6D,0x01,0x92,0x05,0x00,0x06,0x92,0x01,0x24,0x04,0x00,0x01,0x6D,
  0x01,0x49,0x03,0x00,0x01,0x92,0x01,0x24,0x09,0x00,0x01,0x24,0x01,0x92,0x06,0x00,
  0x01,0x6D,0x01,0x92,0x01,0x00,0x02,0x49,0x05,0x00,0x01,0x24,0x01,0x49,0x04,0x00,
  0x01,0x92,0x05,0x00,0x01,0x6D,0x01,0x24,0x02,0x00,0x01,0x24,0x01,0x6D,0x03,0x00,
  0x02,0x92,0x06,0x00,0x01,0x92,0x06,0x00,0x01,0x6D,0x01,0x92,0x01,0x24,0x04,0x00,
  0x01,0x92,0xD6,0x00,0x01,0x24,0x01,0x92,0x06,0x00,0x03,0x24,0x01,0x92,0x10,0x00,
  0x01,0x49,0x01,0x6D,0x03,0x00,0x01,0x92,0x0A,0x00,0x01,0x24,0x01,0x92,0x05,0x00,
  0x01,0x49,0x01,0x24,0x01,0x92,0x01,0x00,0x02,0x49,0x0B,0x00,0x01,0x92,0x05,0x00,
  0x01,0x6D,0x01,0x24,0x02,0x00,0x01,0x24,0x01,0x6D,0x04,0x00,0x01,0x92,0x01,0x6D,
  0x04,0x00,0x02,0x24,0x07,0x00,0x01,0x49,0x01,0x92,0x01,0x24,0x02,0x00,0x02,0x24,
  0xD6,0x00,0x01,0x24,0x01,0x92,0x06,0x00,0x02,0x24,0x01,0x49,0x01,0x24,0x10,0x00,
  0x01,0x24,0x01,0x92,0x01,0x24,0x01,0x00,0x01,0x24,0x01,0x49,0x03,0x00,0x02,0x24,
  0x05,0x00,0x01,0x24,0x01,0x92,0x04,0x00,0x01,0x24,0x01,0x49,0x01,0x00,0x01,0x92,
  0x01,0x00,0x01,0x49,0x06,0x00,0x02,0x24,0x04,0x00,0x01,0x92,0x05,0x00,0x01,0x6D,
  0x01,0x24,0x02,0x00,0x01,0x24,0x01,0x92,0x01,0x49,0x04,0x00,0x01,0x92,0x01,0x6D,
  0x08,0x00,0x05,0x24,0x01,0x92,0x01,0x24,0xD8,0x00,0x01,0x6D,0x04,0x92,0x01,0x6D,
  0x02,0x00,0x01,0x6D,0x03,0x92,0x01,0x24,0x12,0x00,0x01,0x24,0x02,0x92,0x01,0x49,
  0x04,0x00,0x01,0x6D,0x01,0x92,0x03,0x00,0x01,0x6D,0x04,0x92,0x01,0x6D,0x02,0x00,
  0x01,0x6D,0x02,0x00,0x01,0x49,0x01,0x92,0x01,0x24,0x06,0x00,0x01,0x6D,0x01,0x92,
  0x04,0x00,0x01,0x49,0x05,0x00,0x01,0x49,0x03,0x00,0x01,0x49,0x01,0x92,0x01,0x49,
  0x04,0x00,0x01,0x24,0x01,0x92,0x07,0x00,0x01,0x24,0x05,0x92,0x01,0x6D,0xE3,0x00,
  0x02,0x24,0xFF,0x00,0x3F,0x00,0x01,0x49,0x01,0x24,0xFF,0x00,0x3F,0x00,0x01,0x24,
  0xFF,0x00,0xFF,0x00,0xFF,0x00,0xFF,0x00,0xFF,0x00,0xFF,0x00,0xFF,0x00,0xFF,0x00,
  0xFF,0x00,0xFF,0x00,0xFF,0x00,0x3F,0x00,0x01,0x24,0x08,0x00,0x01,0x24,0x2A,0x00,
  0x01,0x24,0xFE,0x00,0x01,0x6D,0x01,0x92,0x01,0x6D,0x09,0x00,0x01,0x24,0x04,0x92,
  0x01,0x49,0x03,0x00,0x01,0x24,0x01,0x6D,0x02,0x92,0x01,0x24,0x12,0x00,0x01,0x6D,
  0x01,0x92,0x01,0x6D,0x0B,0x00,0x01,0x6D,0x01,0x92,0x01,0x6D,0x03,0x00,0x01,0x24,
  0x04,0x92,0x01,0x49,0x03,0x00,0x01,0x6D,0x01,0x92,0x01,0x24,0x01,0x00,0x02,0x24,
  0xF0,0x00,0x01,0x6D,0x02,0x00,0x02,0x6D,0x08,0x00,0x01,0x24,0x01,0x92,0x06,0x00,
  0x02,0x24,0x01,0x49,0x14,0x00,0x01,0x6D,0x02,0x00,0x02,0x6D,0x09,0x00,0x01,0x6D,
  0x02,0x00,0x02,0x6D,0x02,0x00,0x01,0x24,0x01,0x92,0x06,0x00,0x01,0x6D,0x01,0x00,
  0x01,0x49,0x01,0x6D,0x01,0x00,0x01,0x6D,0x0B,0x00,0x01,0x24,0x03,0x00,0x01,0x49,
  0x03,0x00,0x01,0x24,0x08,0x00,0x01,0x24,0x01,0x6D,0x01,0x49,0x06,0x00,0x01,0x49,
  0xCA,0x00,0x01,0x49,0x01,0x6D,0x03,0x00,0x01,0x92,0x01,0x24,0x07,0x00,0x01,0x24,
  0x01,0x92,0x06,0x00,0x01,0x92,0x01,0x00,0x01,0x49,0x13,0x00,0x01,0x49,0x01,0x6D,
  0x03,0x00,0x01,0x92,0x01,0x24,0x07,0x00,0x01,0x49,0x01,0x6D,0x03,0x00,0x01,0x92,
  0x01,0x24,0x01,0x00,0x01,0x24,0x01,0x92,0x06,0x00,0x01,0x92,0x01,0x00,0x03,0x49,
  0x01,0x24,0x0B,0x00,0x06,0x92,0x01,0x24,0x01,0x00,0x04,0x92,0x01,0x6D,0x04,0x00,
  0x02,0x6D,0x02,0x92,0x01,0x24,0x03,0x00,0x01,0x6D,0x07,0x92,0x01,0x49,0xC3,0x00,
  0x01,0x6D,0x01,0x49,0x03,0x00,0x01,0x92,0x01,0x49,0x07,0x00,0x01,0x24,0x01,0x92,
  0x06,0x00,0x02,0x92,0x01,0x6D,0x08,0x00,0x06,0x92,0x01,0x24,0x04,0x00,0x01,0x6D,
  0x01,0x49,0x03,0x00,0x01,0x92,0x01,0x49,0x07,0x00,0x01,0x6D,0x01,0x49,0x03,0x00,
  0x01,0x92,0x01,0x49,0x01,0x00,0x01,0x24,0x01,0x92,0x06,0x00,0x01,0x49,0x01,0x92,
  0x01,0x49,0x01,0x00,0x01,0x49,0x0C,0x00,0x03,0x24,0x01,0x49,0x01,0x92,0x01,0x49,
  0x02,0x00,0x03,0x24,0x01,0x49,0x01,0x92,0x01,0x6D,0x02,0x00,0x01,0x6D,0x03,0x00,
  0x01,0x6D,0x01,0x92,0x03,0x00,0x01,0x6D,0x01,0x92,0x05,0x24,0x02,0x6D,0xC3,0x00,
  0x01,0x6D,0x01,0x49,0x03,0x00,0x01,0x6D,0x01,0x49,0x08,0x00,0x03,0x92,0x01,0x49,
  0x03,0x00,0x01,0x24,0x02,0x92,0x01,0x6D,0x01,0x24,0x11,0x00,0x01,0x6D,0x01,0x49,
  0x03,0x00,0x01,0x6D,0x01,0x49,0x07,0x00,0x01,0x6D,0x01,0x49,0x03,0x00,0x01,0x6D,
  0x01,0x49,0x02,0x00,0x03,0x92,0x01,0x49,0x06,0x00,0x01,0x6D,0x02,0x49,0x0F,0x00,
  0x01,0x92,0x07,0x00,0x01,0x24,0x01,0x92,0x02,0x00,0x01,0x92,0x01,0x24,0x03,0x00,
  0x01,0x92,0x04,0x00,0x01,0x92,0x05,0x00,0x01,0x24,0x01,0x6D,0xC3,0x00,0x01,0x92,
  0x01,0x49,0x03,0x00,0x01,0x6D,0x01,0x49,0x0B,0x00,0x02,0x6D,0x04,0x00,0x01,0x49,
  0x02,0x92,0x01,0x49,0x10,0x00,0x01,0x92,0x01,0x49,0x03,0x00,0x01,0x6D,0x01,0x49,
  0x07,0x00,0x01,0x92,0x01,0x49,0x03,0x00,0x01,0x6D,0x01,0x49,0x05,0x00,0x02,0x6D,
  0x04,0x00,0x01,0x24,0x02,0x6D,0x01,0x92,0x01,0x49,0x05,0x00,0x02,0x6D,0x07,0x00,
  0x01,0x92,0x08,0x00,0x01,0x92,0x02,0x00,0x01,0x6D,0x01,0x92,0x01,0x24,0x02,0x00,
  0x01,0x6D,0x01,0x24,0x03,0x00,0x01,0x6D,0x01,0x24,0x04,0x00,0x02,0x49,0xC3,0x00,
  0x01,0x6D,0x01,0x49,0x03,0x00,0x01,0x92,0x01,0x24,0x0B,0x00,0x01,0x24,0x01,0x92,
  0x04,0x00,0x02,0x24,0x01,0x6D,0x01,0x92,0x05,0x00,0x06,0x92,0x01,0x24,0x04,0x00,
  0x01,0x6D,0x01,0x49,0x03,0x00,0x01,0x92,0x01,0x24,0x07,0x00,0x01,0x6D,0x01,0x49,
  0x03,0x00,0x01,0x92,0x01,0x24,0x05,0x00,0x01,0x24,0x01,0x92,0x04,0x00,0x01,0x6D,
  0x01,0x92,0x01,0x00,0x02,0x49,0x05,0x00,0x01,0x24,0x01,0x49,0x07,0x00,0x01,0x92,
  0x08,0x00,0x01,0x92,0x01,0x24,0x02,0x00,0x01,0x49,0x03,0x00,0x01,0x6D,0x01,0x24,
  0x03,0x00,0x02,0x49,0x04,0x00,0x01,0x6D,0xC4,0x00,0x01,0x49,0x01,0x6D,0x03,0x00,
  0x01,0x92,0x0C,0x00,0x01,0x24,0x01,0x6D,0x04,0x00,0x03,0x24,0x01,0x92,0x10,0x00,
  0x01,0x49,0x01,0x6D,0x03,0x00,0x01,0x92,0x08,0x00,0x01,0x49,0x01,0x6D,0x03,0x00,
  0x01,0x92,0x06,0x00,0x01,0x24,0x01,0x6D,0x03,0x00,0x01,0x49,0x01,0x24,0x01,0x92,
  0x01,0x00,0x02,0x49,0x0E,0x00,0x01,0x92,0x08,0x00,0x01,0x6D,0x01,0x24,0x06,0x00,
  0x01,0x6D,0x01,0x24,0x03,0x00,0x01,0x24,0x01,0x92,0x03,0x00,0x02,0x49,0xC4,0x00,
  0x01,0x24,0x01,0x92,0x01,0x24,0x01,0x00,0x01,0x24,0x01,0x49,0x03,0x00,0x02,0x24,
  0x07,0x00,0x01,0x6D,0x05,0x00,0x02,0x24,0x01,0x49,0x01,0x24,0x10,0x00,0x01,0x24,
  0x01,0x92,0x01,0x24,0x01,0x00,0x01,0x24,0x01,0x49,0x03,0x00,0x02,0x24,0x03,0x00,
  0x01,0x24,0x01,0x92,0x01,0x24,0x01,0x00,0x01,0x24,0x01,0x49,0x06,0x00,0x01,0x6D,
  0x03,0x00,0x01,0x24,0x01,0x49,0x01,0x00,0x01,0x92,0x01,0x00,0x01,0x49,0x06,0x00,
  0x02,0x24,0x07,0x00,0x01,0x92,0x08,0x00,0x01,0x6D,0x01,0x24,0x01,0x00,0x05,0x24,
  0x01,0x6D,0x05,0x00,0x01,0x92,0x02,0x49,0x01,0x6D,0x01,0x49,0xC6,0x00,0x01,0x24,
  0x02,0x92,0x01,0x49,0x04,0x00,0x01,0x6D,0x01,0x92,0x03,0x00,0x01,0x49,0x02,0x92,
  0x01,0x6D,0x04,0x00,0x01,0x6D,0x03,0x92,0x01,0x24,0x12,0x00,0x01,0x24,0x02,0x92,
  0x01,0x49,0x04,0x00,0x01,0x6D,0x01,0x92,0x04,0x00,0x01,0x24,0x02,0x92,0x01,0x49,
  0x03,0x00,0x01,0x49,0x02,0x92,0x01,0x6D,0x04,0x00,0x01,0x6D,0x02,0x00,0x01,0x49,
  0x01,0x92,0x01,0x24,0x06,0x00,0x01,0x6D,0x01,0x92,0x07,0x00,0x01,0x49,0x08,0x00,
  0x01,0x49,0x02,0x00,0x05,0x92,0x01,0x49,0x05,0x00,0x01,0x49,0x01,0x92,0x01,0x6D,
  0x01,0x24,0xDE,0x00,0x02,0x24,0xFF,0x00,0x3F,0x00,0x01,0x49,0x01,0x24,0xFF,0x00,
  0x3F,0x00,0x01,0x24,0xFF,0x00,0xFF,0x00,0xFF,0x00,0xFF,0x00,0xFF,0x00,0xFF,0x00,
  0xFF,0x00,0xFF,0x00,0xFF,0x00,0xFF,0x00,0xFF,0x00,0x24,0x00,0x01,0x24,0x01,0xD5,
  0x0E,0x00,0x01,0x24,0x01,0xD5,0x19,0x00,0x01,0x68,0x08,0x00,0x01,0x68,0x01,0x24,
  0x1D,0x00,0x01,0x24,0x01,0xD5,0xE1,0x00,0x01,0x24,0x04,0x00,0x01,0x24,0x04,0x00,
  0x01,0x48,0x01,0xFA,0x0E,0x00,0x01,0x48,0x01,0xFA,0x0B,0x00,0x01,0xB1,0x01,0xFA,
  0x01,0xD5,0x01,0x69,0x09,0x00,0x01,0x48,0x04,0xFA,0x01,0x91,0x03,0x00,0x01,0x69,
  0x01,0xD5,0x02,0xFA,0x01,0x6D,0x0C,0x00,0x01,0x44,0x0E,0x00,0x01,0x48,0x01,0xFA,
  0x07,0x00,0x01,0x24,0x04,0x00,0x01,0x24,0x0E,0x00,0x02,0x24,0x02,0x00,0x01,0x48,
  0xA0,0x00,0x01,0x24,0x01,0x6D,0x09,0x00,0x01,0x24,0x01,0xD5,0x09,0x00,0x01,0x24,
  0x01,0x6D,0x09,0x00,0x01,0xD5,0x01,0x69,0x02,0x00,0x01,0x24,0x01,0xD5,0x01,0x24,
  0x03,0x00,0x01,0x24,0x01,0xFA,0x07,0x00,0x02,0x48,0x05,0x00,0x01,0x24,0x01,0xFA,
  0x0A,0x00,0x01,0x24,0x01,0x91,0x01,0xB1,0x02,0xFA,0x01,0x6D,0x08,0x00,0x01,0x48,
  0x01,0xF9,0x06,0x00,0x01,0x69,0x01,0x48,0x01,0x8D,0x02,0x24,0x0C,0x00,0x01,0x69,
  0x01,0xB5,0x09,0x00,0x01,0xB1,0x01,0x91,0x03,0x00,0x01,0x24,0x01,0xFA,0x07,0x00,
  0x01,0xD5,0x01,0x69,0x02,0x00,0x01,0x24,0x01,0xD5,0x01,0x24,0x04,0x00,0x02,0x48,
  0x06,0x00,0x01,0x24,0x01,0xFA,0x01,0x48,0x01,0x00,0x01,0x8D,0x01,0xD5,0x02,0x00,
  0x01,0x24,0x01,0x6D,0x09,0x00,0x01,0x24,0x01,0x6D,0x91,0x00,0x01,0xB5,0x06,0xFA,
  0x01,0x6D,0x03,0x00,0x01,0xD5,0x07,0xFA,0x01,0x6D,0x02,0x00,0x01,0xD5,0x07,0xFA,
  0x01,0x8D,0x02,0x00,0x01,0xF9,0x01,0xD5,0x02,0x00,0x01,0x24,0x01,0xFA,0x01,0x48,
  0x03,0x00,0x01,0x24,0x06,0xFA,0x02,0x24,0x04,0xFA,0x01,0xD5,0x01,0x24,0x01,0x00,
  0x01,0x24,0x06,0xFA,0x01,0x24,0x07,0x00,0x01,0x24,0x01,0xFA,0x01,0xD5,0x08,0x00,
  0x01,0x48,0x01,0xF9,0x06,0x00,0x01,0xF9,0x01,0x24,0x01,0x6D,0x01,0x24,0x0D,0x00,
  0x01,0xF9,0x06,0xFA,0x01,0x91,0x02,0x00,0x01,0x24,0x01,0xD9,0x01,0xFA,0x01,0xD5,
  0x01,0x24,0x01,0x00,0x01,0x24,0x06,0xFA,0x01,0x24,0x01,0x00,0x01,0xF9,0x01,0xD5,
  0x02,0x00,0x01,0x24,0x01,0xFA,0x01,0x48,0x03,0x00,0x01,0x24,0x04,0xFA,0x01,0xD5,
  0x01,0x24,0x02,0x00,0x01,0x24,0x01,0xFA,0x01,0x48,0x01,0x00,0x01,0xB1,0x01,0xD5,
  0x02,0x00,0x01,0xB5,0x06,0xFA,0x01,0x6D,0x03,0x00,0x01,0xD5,0x07,0xFA,0x01,0x8D,
  0x8A,0x00,0x06,0x6D,0x01,0xB5,0x01,0xFA,0x03,0x00,0x01,0x48,0x01,0xFA,0x01,0x91,
  0x04,0x6D,0x02,0xD5,0x01,0x00,0x01,0x20,0x01,0xB1,0x01,0xFA,0x05,0x6D,0x02,0xD5,
  0x02,0x00,0x01,0x6D,0x01,0xFA,0x01,0x24,0x02,0x00,0x01,0xFA,0x01,0x6D,0x04,0x00,
  0x01,0x69,0x03,0x6D,0x01,0x8D,0x01,0xFA,0x01,0x69,0x01,0x24,0x03,0x6D,0x01,0x8D,
  0x01,0xF9,0x01,0xFA,0x01,0x24,0x01,0x00,0x01,0x69,0x03,0x6D,0x01,0x8D,0x01,0xFA,
  0x01,0x69,0x08,0x00,0x01,0xD5,0x01,0xB5,0x08,0x00,0x01,0x48,0x01,0xFA,0x06,0x00,
  0x01,0xFA,0x01,0xF9,0x01,0xB1,0x01,0x24,0x0D,0x00,0x01,0x69,0x01,0xD5,0x01,0xD9,
  0x03,0x69,0x01,0x91,0x01,0xFA,0x01,0x24,0x03,0x00,0x01,0x8D,0x01,0xFA,0x01,0x91,
  0x02,0x00,0x01,0x69,0x03,0x6D,0x01,0x8D,0x01,0xFA,0x01,0x69,0x01,0x00,0x01,0x6D,
  0x01,0xFA,0x01,0x24,0x02,0x00,0x01,0xFA,0x01,0x6D,0x03,0x00,0x01,0x24,0x03,0x6D,
  0x01,0x8D,0x01,0xF9,0x01,0xFA,0x01,0x24,0x02,0x00,0x01,0xFA,0x01,0x24,0x01,0x00,
  0x01,0x8D,0x01,0xB1,0x02,0x00,0x06,0x6D,0x01,0xB5,0x01,0xFA,0x02,0x00,0x01,0x20,
  0x01,0xB1,0x01,0xFA,0x05,0x6D,0x02,0xD5,0x8B,0x00,0x01,0x69,0x05,0x00,0x01,0xFA,
  0x01,0x24,0x03,0x00,0x01,0xFA,0x01,0x48,0x04,0x00,0x01,0x8D,0x01,0xB1,0x02,0x00,
  0x01,0x24,0x01,0xFA,0x01,0x24,0x04,0x00,0x01,0x6D,0x01,0xD5,0x03,0x00,0x01,0xFA,
  0x01,0x69,0x02,0x00,0x01,0xB5,0x01,0x6D,0x09,0x00,0x01,0xD5,0x01,0x49,0x05,0x00,
  0x01,0x24,0x01,0xFA,0x01,0x6D,0x06,0x00,0x01,0xD5,0x01,0x49,0x07,0x00,0x01,0x24,
  0x01,0xFA,0x01,0x48,0x08,0x00,0x01,0x24,0x03,0xFA,0x01,0xB1,0x01,0x24,0x02,0x00,
  0x01,0x49,0x02,0xFA,0x01,0xD5,0x01,0x48,0x07,0x00,0x01,0x24,0x05,0x00,0x01,0x69,
  0x01,0xFA,0x04,0x00,0x01,0xD9,0x01,0x48,0x04,0x00,0x02,0xB1,0x07,0x00,0x01,0xD5,
  0x01,0x49,0x02,0x00,0x01,0xFA,0x01,0x69,0x02,0x00,0x01,0xB5,0x01,0x6D,0x08,0x00,
  0x01,0x24,0x01,0xFA,0x01,0x6D,0x02,0x00,0x01,0xD5,0x02,0x00,0x01,0x69,0x01,0x6D,
  0x03,0x00,0x01,0x69,0x05,0x00,0x01,0xFA,0x01,0x24,0x02,0x00,0x01,0x24,0x01,0xFA,
  0x01,0x24,0x04,0x00,0x01,0x6D,0x01,0xD5,0x8A,0x00,0x01,0x24,0x01,0xFA,0x05,0x00,
  0x01,0xFA,0x01,0x48,0x03,0x00,0x01,0xFA,0x01,0x48,0x04,0x00,0x01,0x8D,0x01,0x6D,
  0x03,0x00,0x01,0xD5,0x01,0x69,0x04,0x00,0x02,0x8D,0x03,0x00,0x01,0x91,0x01,0xB1,
  0x02,0x00,0x01,0xB1,0x01,0x48,0x09,0x00,0x01,0xD5,0x01,0x24,0x06,0x00,0x01,0xB1,
  0x01,0x8D,0x06,0x00,0x01,0xD5,0x01,0x24,0x07,0x00,0x01,0xD5,0x01,0x8D,0x0C,0x00,
  0x01,0x44,0x02,0xD5,0x03,0x00,0x01,0x24,0x01,0xB1,0x02,0xFA,0x01,0x91,0x06,0x00,
  0x02,0xD5,0x04,0x00,0x01,0x24,0x01,0xFA,0x01,0x24,0x03,0x00,0x01,0xD5,0x01,0x69,
  0x04,0x00,0x01,0x8D,0x01,0xB5,0x07,0x00,0x01,0xD5,0x01,0x24,0x02,0x00,0x01,0x91,
  0x01,0xB1,0x02,0x00,0x01,0xB1,0x01,0x48,0x09,0x00,0x01,0xB1,0x01,0x8D,0x02,0x00,
  0x01,0x6D,0x02,0x00,0x01,0x44,0x01,0x48,0x02,0x00,0x01,0x24,0x01,0xFA,0x05,0x00,
  0x01,0xFA,0x01,0x48,0x03,0x00,0x01,0xD5,0x01,0x69,0x04,0x00,0x02,0x8D,0x8A,0x00,
  0x01,0x24,0x01,0xFA,0x05,0x00,0x01,0xD5,0x01,0x48,0x03,0x00,0x01,0xFA,0x01,0x48,
  0x04,0x00,0x01,0xB1,0x01,0x20,0x03,0x00,0x02,0x91,0x04,0x00,0x01,0xD5,0x01,0x24,
  0x03,0x00,0x01,0x48,0x01,0xFA,0x02,0x00,0x01,0xB5,0x09,0x00,0x01,0x44,0x01,0xB1,
  0x07,0x00,0x01,0xB1,0x01,0x6D,0x05,0x00,0x01,0x44,0x01,0xB1,0x07,0x00,0x01,0x8D,
  0x01,0xD5,0x0E,0x00,0x01,0x69,0x01,0xFA,0x04,0x00,0x01,0x69,0x01,0x49,0x01,0xD5,
  0x01,0xFA,0x01,0x24,0x05,0x00,0x01,0x69,0x01,0x8D,0x05,0x00,0x01,0xD9,0x01,0x48,
  0x03,0x00,0x01,0xB5,0x01,0x6D,0x04,0x00,0x01,0x6D,0x01,0xB5,0x06,0x00,0x01,0x44,
  0x01,0xB1,0x03,0x00,0x01,0x48,0x01,0xFA,0x02,0x00,0x01,0xB5,0x0A,0x00,0x01,0xB1,
  0x01,0x6D,0x04,0x00,0x01,0x24,0x01,0x6D,0x01,0x24,0x02,0x00,0x01,0x24,0x01,0xFA,
  0x01,0x49,0x01,0x24,0x02,0x00,0x01,0x49,0x01,0xFA,0x01,0x48,0x03,0x00,0x01,0xB5,
  0x01,0xD5,0x04,0x00,0x01,0xD5,0x01,0x24,0x16,0x00,0x01,0xB1,0x06,0x00,0x01,0x24,
  0x01,0xD5,0x01,0x49,0x03,0x00,0x01,0x48,0x04,0x00,0x01,0x24,0x01,0xB5,0x01,0x44,
  0x02,0x00,0x01,0x24,0x01,0xB1,0x01,0x00,0x01,0x24,0x01,0x91,0x01,0x00,0x01,0x8D,
  0x01,0x44,0x01,0x24,0x01,0xD5,0x01,0x49,0x03,0x00,0x02,0x24,0x4E,0x00,0x01,0xFA,
  0x01,0x24,0x04,0x00,0x01,0xD5,0x01,0x48,0x03,0x00,0x01,0xD9,0x01,0x48,0x03,0x00,
  0x01,0x8D,0x01,0x69,0x04,0x00,0x01,0x49,0x01,0xF9,0x03,0x00,0x01,0x8D,0x01,0x6D,
  0x05,0x00,0x01,0xFA,0x01,0x69,0x01,0xD5,0x01,0x6D,0x08,0x00,0x01,0x24,0x01,0xD5,
  0x01,0x24,0x07,0x00,0x01,0xB5,0x01,0x24,0x04,0x00,0x01,0x24,0x01,0xD5,0x01,0x24,
  0x06,0x00,0x01,0x48,0x01,0xFA,0x01,0x24,0x0E,0x00,0x01,0x48,0x01,0xD5,0x04,0x00,
  0x01,0x69,0x02,0x48,0x01,0xFA,0x0D,0x00,0x01,0xB1,0x01,0x69,0x03,0x00,0x01,0xB1,
  0x01,0x6D,0x04,0x00,0x01,0x6D,0x01,0xB5,0x05,0x00,0x01,0x24,0x01,0xD5,0x01,0x24,
  0x04,0x00,0x01,0xFA,0x01,0x69,0x01,0xD5,0x01,0x6D,0x0A,0x00,0x01,0xB5,0x01,0x24,
  0x03,0x00,0x01,0x24,0x02,0x6D,0x01,0x49,0x03,0x00,0x01,0xFA,0x01,0x6D,0x02,0x00,
  0x01,0x49,0x01,0x92,0x01,0xFA,0x01,0x48,0x02,0x00,0x01,0x49,0x01,0xB6,0x01,0xFA,
  0x03,0x00,0x01,0x8D,0x01,0x6D,0x16,0x00,0x01,0x48,0x05,0xFA,0x01,0xD5,0x02,0x24,
  0x01,0xB1,0x01,0xFA,0x01,0x8D,0x01,0x00,0x01,0x69,0x03,0xFA,0x01,0xB1,0x01,0x00,
  0x01,0x24,0x01,0xD5,0x01,0xFA,0x01,0x44,0x01,0x00,0x01,0x24,0x01,0xFA,0x01,0x20,
  0x01,0x6D,0x01,0xD5,0x01,0x00,0x01,0xD5,0x01,0x6D,0x01,0x24,0x01,0xB1,0x01,0xFA,
  0x01,0x8D,0x02,0x00,0x01,0xD5,0x03,0xFA,0x01,0xD5,0x01,0x24,0x4A,0x00,0x01,0xFA,
  0x01,0x24,0x04,0x00,0x01,0xD5,0x01,0x48,0x03,0x00,0x01,0xD5,0x01,0x48,0x01,0x00,
  0x01,0x8D,0x01,0xF9,0x01,0x91,0x06,0x00,0x01,0xFA,0x01,0x91,0x01,0x8D,0x01,0xD5,
  0x01,0x91,0x05,0x00,0x01,0x44,0x01,0xF9,0x01,0xFA,0x01,0x69,0x07,0x00,0x01,0x6D,
  0x01,0xD5,0x01,0xFA,0x01,0x48,0x03,0x00,0x01,0x48,0x03,0x6D,0x02,0x8D,0x03,0x00,
  0x01,0x6D,0x01,0xD5,0x01,0xFA,0x01,0x48,0x06,0x00,0x01,0x24,0x01,0xFA,0x01,0x91,
  0x06,0x00,0x01,0x69,0x01,0x48,0x04,0x00,0x01,0x24,0x02,0x00,0x01,0xB1,0x01,0x44,
  0x02,0x00,0x02,0x24,0x01,0x69,0x01,0x48,0x01,0x8D,0x01,0x48,0x06,0x00,0x01,0x69,
  0x01,0x48,0x03,0x00,0x01,0x48,0x01,0x69,0x01,0xB5,0x01,0x24,0x03,0x00,0x01,0xB1,
  0x01,0x6D,0x04,0x00,0x01,0x6D,0x01,0xB1,0x03,0x00,0x01,0x6D,0x01,0xD5,0x01,0xFA,
  0x01,0x48,0x04,0x00,0x01,0x44,0x01,0xF9,0x01,0xFA,0x01,0x69,0x06,0x00,0x01,0x48,
  0x03,0x6D,0x02,0x8D,0x04,0x00,0x01,0x6D,0x01,0x00,0x02,0x49,0x03,0x00,0x01,0xFA,
  0x01,0x49,0x03,0x00,0x01,0x49,0x01,0xDA,0x01,0x48,0x03,0x00,0x01,0x49,0x01,0xFA,
  0x01,0x91,0x01,0x8D,0x01,0xD5,0x01,0x91,0x18,0x00,0x01,0xFA,0x04,0x24,0x01,0xD5,
  0x01,0x49,0x02,0x00,0x01,0x8D,0x01,0xD5,0x02,0x00,0x03,0x24,0x01,0xFA,0x03,0x00,
  0x01,0xB1,0x01,0x91,0x02,0x00,0x01,0xD5,0x02,0x48,0x01,0x91,0x01,0x00,0x01,0x91,
  0x01,0x6D,0x02,0x00,0x01,0x8D,0x01,0xD5,0x02,0x00,0x01,0xFA,0x01,0x48,0x02,0x24,
  0x01,0x91,0x01,0xD5,0x4A,0x00,0x01,0xB1,0x05,0x00,0x01,0x91,0x04,0x00,0x01,0xD5,
  0x01,0x48,0x01,0x49,0x01,0xD5,0x01,0x48,0x07,0x00,0x01,0x8D,0x01,0xFA,0x01,0xD5,
  0x01,0x69,0x05,0x00,0x01,0xB1,0x01,0xFA,0x01,0xB1,0x01,0x24,0x07,0x00,0x01,0x49,
  0x01,0xD5,0x01,0x8D,0x01,0x24,0x03,0x00,0x01,0x24,0x04,0xFA,0x01,0xB1,0x03,0x00,
  0x01,0x49,0x01,0xD5,0x01,0x8D,0x01,0x24,0x07,0x00,0x01,0x8D,0x04,0xFA,0x01,0xD5,
  0x01,0x24,0x02,0x00,0x02,0xD5,0x03,0x00,0x01,0x8D,0x02,0xFA,0x01,0xB5,0x01,0x44,
  0x02,0x00,0x01,0x24,0x01,0xD5,0x02,0xFA,0x01,0xD9,0x01,0x48,0x07,0x00,0x02,0xD5,
  0x02,0x00,0x01,0x24,0x02,0xFA,0x01,0xD5,0x04,0x00,0x01,0x8D,0x01,0x24,0x04,0x00,
  0x02,0x6D,0x02,0x00,0x01,0x49,0x01,0xD5,0x01,0x8D,0x01,0x24,0x04,0x00,0x01,0xB1,
  0x01,0xFA,0x01,0xB1,0x01,0x24,0x06,0x00,0x01,0x24,0x04,0xFA,0x01,0xB1,0x04,0x00,
  0x01,0x24,0x01,0x49,0x01,0x00,0x02,0x49,0x03,0x00,0x01,0xD5,0x04,0x00,0x01,0x24,
  0x01,0xD6,0x04,0x00,0x01,0x24,0x01,0xD6,0x01,0xFA,0x01,0xD5,0x01,0x69,0x19,0x00,
  0x01,0xD5,0x04,0x00,0x01,0x8D,0x01,0x6D,0x02,0x00,0x01,0x8D,0x01,0x69,0x05,0x00,
  0x01,0xD5,0x01,0x24,0x02,0x00,0x01,0x69,0x01,0x91,0x02,0x00,0x01,0x6D,0x01,0x91,
  0x01,0xB1,0x01,0x24,0x01,0x00,0x01,0x91,0x01,0x44,0x02,0x00,0x01,0x8D,0x01,0x69,
  0x02,0x00,0x01,0xB5,0x01,0x48,0x03,0x00,0x01,0xD5,0x01,0x24,0x54,0x00,0x01,0xD5,
  0x01,0x48,0x12,0x00,0x01,0x48,0x01,0xB1,0x01,0x24,0x2D,0x00,0x02,0x24,0x0D,0x00,
  0x01,0x6D,0x01,0x48,0x08,0x00,0x02,0x24,0x10,0x00,0x01,0x24,0x0A,0x00,0x01,0x48,
  0x01,0xB1,0x01,0x24,0x12,0x00,0x01,0x24,0x02,0x6D,0x02,0x92,0x01,0x49,0x01,0x00,
  0x01,0x24,0x01,0x49,0x04,0x00,0x01,0x24,0x01,0x92,0x04,0x00,0x01,0x24,0x01,0x92,
  0x1C,0x00,0x01,0xD5,0x04,0x00,0x02,0x6D,0x01,0x00,0x01,0x20,0x01,0x8D,0x06,0x00,
  0x01,0xB5,0x01,0x24,0x02,0x00,0x01,0x48,0x01,0xB1,0x02,0x00,0x01,0x48,0x01,0xFA,
  0x01,0x24,0x01,0x00,0x01,0x20,0x01,0xB1,0x02,0x00,0x01,0x20,0x01,0x8D,0x03,0x00,
  0x01,0xB1,0x01,0x49,0x03,0x00,0x01,0xB1,0x01,0x48,0x54,0x00,0x01,0xD5,0x01,0x48,
  0x51,0x00,0x01,0x6D,0x01,0x48,0x3D,0x00,0x02,0x49,0x02,0x00,0x01,0x49,0x01,0x24,
  0x04,0x00,0x01,0x24,0x01,0x92,0x04,0x00,0x01,0x24,0x01,0x92,0x1C,0x00,0x01,0xD5,
  0x04,0x24,0x01,0x8D,0x01,0x49,0x06,0x00,0x03,0x24,0x01,0xB5,0x01,0x48,0x02,0x00,
  0x01,0x48,0x01,0x91,0x03,0x00,0x01,0xFA,0x01,0x24,0x01,0x48,0x01,0xD5,0x01,0x44,
  0x07,0x00,0x01,0x91,0x01,0x49,0x03,0x00,0x01,0x8D,0x01,0x69,0x54,0x00,0x01,0xB1,
  0x52,0x00,0x01,0x69,0x01,0x24,0x3D,0x00,0x02,0x49,0x02,0x00,0x01,0x6D,0x05,0x00,
  0x01,0x24,0x01,0x92,0x04,0x00,0x01,0x24,0x01,0x92,0x1C,0x00,0x01,0x91,0x04,0xFA,
  0x01,0xD5,0x06,0x00,0x01,0x48,0x04,0xFA,0x01,0xD5,0x02,0x00,0x01,0x48,0x01,0x6D,
  0x03,0x00,0x01,0x91,0x01,0xFA,0x01,0xB5,0x01,0x24,0x08,0x00,0x01,0x8D,0x01,0x44,
  0x03,0x00,0x01,0x6D,0x01,0x49,0xE6,0x00,0x01,0x49,0x01,0x24,0x01,0x00,0x01,0x49,
  0x01,0x24,0x03,0x00,0x01,0x24,0x01,0x6D,0x02,0x92,0x01,0x6D,0x02,0x24,0x01,0x6D,
  0x02,0x92,0x01,0x6D,0x01,0x24,0x2E,0x00,0x01,0x24,0x10,0x00,0x01,0x24,0x04,0x00,
  0x01,0x24,0xEA,0x00,0x01,0x24,0xFF,0x00,0xFF,0x00,0xFF,0x00,0xE4,0x00,
};

const uint8_t LESSON_PAGE_4[12834] PROGMEM = {
  0xFF,0x00,0xFF,0x00,0xFF,0x00,0xFF,0x00,0xFF,0x00,0xFF,0x00,0xFF,0x00,0xFF,0x00,
  0xFF,0x00,0xD7,0x00,0x01,0x48,0x01,0x8D,0xFF,0x00,0x3F,0x00,0x01,0xFA,0x01,0xD5,
  0xFF,0x00,0x3F,0x00,0x02,0xFA,0x73,0x00,0x02,0x24,0x25,0x00,0x02,0x24,0x5A,0x00,
  0x01,0x48,0x30,0x00,0x01,0x48,0x16,0x00,0x01,0xD5,0x01,0xFA,0x4B,0x00,0x01,0xB5,
  0x01,0x69,0x0B,0x00,0x01,0x8D,0x01,0x49,0x07,0x00,0x01,0xD5,0x01,0x44,0x04,0x00,
  0x01,0xD5,0x01,0x24,0x03,0x00,0x01,0x91,0x01,0x48,0x05,0x00,0x01,0xD5,0x01,0x8D,
  0x13,0x00,0x01,0x24,0x01,0xFA,0x01,0x24,0x0F,0x00,0x01,0xD5,0x01,0x8D,0x0E,0x00,
  0x01,0xD5,0x01,0x91,0x01,0x24,0x19,0x00,0x01,0x24,0x01,0xFA,0x01,0x24,0x0D,0x00,
  0x01,0x69,0x01,0x24,0x05,0x00,0x01,0x24,0x01,0x6D,0x04,0x00,0x01,0x8D,0x01,0x49,
  0x07,0x00,0x01,0x6D,0x01,0x69,0x07,0x00,0x01,0x49,0x01,0xFA,0x01,0x24,0x2E,0x00,
  0x01,0x49,0x01,0xFA,0x01,0x24,0x0D,0x00,0x01,0x8D,0x01,0x49,0x06,0x00,0x01,0xB1,
  0x01,0xFA,0x01,0x24,0x0B,0x00,0x01,0x69,0x01,0x24,0x05,0x00,0x01,0x24,0x01,0x6D,
  0x35,0x00,0x01,0x8D,0x06,0xFA,0x01,0xD5,0x01,0x24,0x04,0x00,0x01,0x69,0x02,0xFA,
  0x01,0xB5,0x01,0x24,0x04,0x00,0x01,0x91,0x01,0xFA,0x01,0x91,0x03,0x00,0x01,0x91,
  0x01,0xFA,0x01,0x69,0x02,0x00,0x01,0x6D,0x01,0xFA,0x01,0x8D,0x04,0x00,0x01,0x91,
  0x07,0xFA,0x01,0xD5,0x01,0x69,0x0C,0x00,0x01,0xD5,0x0A,0xFA,0x01,0xF9,0x01,0x69,
  0x04,0x00,0x01,0x91,0x07,0xFA,0x01,0xD5,0x01,0x69,0x06,0x00,0x01,0x8D,0x03,0xFA,
  0x01,0x48,0x18,0x00,0x01,0xD5,0x09,0xFA,0x01,0x8D,0x04,0x00,0x01,0x48,0x01,0xFA,
  0x01,0xB1,0x05,0x00,0x01,0xD5,0x01,0xFA,0x03,0x00,0x01,0x69,0x02,0xFA,0x01,0xB5,
  0x01,0x24,0x04,0x00,0x01,0x49,0x02,0xFA,0x01,0xB5,0x01,0x24,0x04,0x00,0x01,0x24,
  0x0A,0xFA,0x01,0xB5,0x01,0x24,0x24,0x00,0x01,0x24,0x0A,0xFA,0x01,0xB5,0x01,0x24,
  0x03,0x00,0x01,0x69,0x02,0xFA,0x01,0xB5,0x01,0x24,0x04,0x00,0x01,0xB1,0x08,0xFA,
  0x01,0x91,0x03,0x00,0x01,0x48,0x01,0xFA,0x01,0xB1,0x05,0x00,0x01,0xD5,0x01,0xFA,
  0x35,0x00,0x08,0xFA,0x01,0xD5,0x04,0x00,0x01,0xB1,0x03,0xFA,0x01,0xF9,0x01,0x24,
  0x03,0x00,0x01,0x6D,0x02,0xFA,0x03,0x00,0x02,0xFA,0x01,0x8D,0x02,0x00,0x01,0xB5,
  0x01,0xFA,0x01,0xD5,0x04,0x00,0x0A,0xFA,0x01,0xB1,0x0A,0x00,0x01,0x91,0x0D,0xFA,
  0x04,0x00,0x0A,0xFA,0x01,0xB1,0x05,0x00,0x01,0x6D,0x04,0xFA,0x01,0x91,0x16,0x00,
  0x01,0x8D,0x0B,0xFA,0x01,0x8D,0x03,0x00,0x01,0x91,0x02,0xFA,0x01,0x24,0x03,0x00,
  0x01,0x24,0x02,0xFA,0x01,0x24,0x02,0x00,0x01,0xB1,0x03,0xFA,0x01,0xF9,0x01,0x24,
  0x03,0x00,0x01,0x8D,0x04,0xFA,0x01,0x48,0x03,0x00,0x01,0x91,0x0B,0xFA,0x01,0xD5,
  0x07,0x00,0x01,0x8D,0x03,0xFA,0x01,0xB1,0x01,0x24,0x02,0x00,0x01,0x69,0x01,0xD5,
  0x02,0xFA,0x01,0x69,0x02,0x00,0x01,0x24,0x01,0xB1,0x02,0xFA,0x01,0xD5,0x01,0x6D,
  0x08,0x00,0x01,0x91,0x0B,0xFA,0x01,0xD5,0x03,0x00,0x01,0xB1,0x03,0xFA,0x01,0xF9,
  0x01,0x24,0x03,0x00,0x01,0x6D,0x09,0xFA,0x01,0x24,0x02,0x00,0x01,0x91,0x02,0xFA,
  0x01,0x24,0x03,0x00,0x01,0x24,0x02,0xFA,0x01,0x24,0x34,0x00,0x06,0x24,0x01,0x48,
  0x02,0xFA,0x05,0x00,0x01,0x48,0x01,0xD5,0x02,0xFA,0x01,0xD5,0x04,0x00,0x02,0xFA,
  0x01,0x44,0x02,0x00,0x01,0xB1,0x01,0xFA,0x01,0x8D,0x02,0x00,0x01,0x6D,0x01,0xFA,
  0x01,0xD5,0x04,0x00,0x01,0xD5,0x01,0xFA,0x01,0x91,0x04,0x24,0x01,0x48,0x01,0xB5,
  0x02,0xFA,0x01,0x6D,0x09,0x00,0x01,0x24,0x01,0xD5,0x01,0xFA,0x01,0xB1,0x07,0x24,
  0x01,0x6D,0x02,0xFA,0x04,0x00,0x01,0xD5,0x01,0xFA,0x01,0x91,0x04,0x24,0x01,0x48,
  0x01,0xB5,0x02,0xFA,0x01,0x6D,0x05,0x00,0x01,0x24,0x01,0xB1,0x03,0xFA,0x01,0x8D,
  0x16,0x00,0x09,0x24,0x01,0x91,0x01,0xFA,0x01,0xD5,0x03,0x00,0x01,0x24,0x02,0xFA,
  0x01,0x6D,0x04,0x00,0x01,0xF9,0x01,0xFA,0x01,0x48,0x03,0x00,0x01,0x48,0x01,0xD5,
  0x02,0xFA,0x01,0xD5,0x04,0x00,0x01,0x44,0x01,0xD5,0x03,0xFA,0x03,0x00,0x01,0x20,
  0x01,0x24,0x01,0x6D,0x01,0xFA,0x01,0xD5,0x05,0x24,0x01,0x48,0x02,0xFA,0x08,0x00,
  0x01,0x69,0x01,0xFA,0x01,0xD5,0x05,0x00,0x01,0x48,0x01,0xFA,0x01,0x24,0x02,0x00,
  0x01,0x24,0x01,0xFA,0x01,0xD5,0x01,0x6D,0x01,0x8D,0x02,0xFA,0x01,0x6D,0x07,0x00,
  0x01,0x20,0x01,0x24,0x01,0x6D,0x01,0xFA,0x01,0xD5,0x05,0x24,0x01,0x48,0x02,0xFA,
  0x04,0x00,0x01,0x48,0x01,0xD5,0x02,0xFA,0x01,0xD5,0x04,0x00,0x07,0x24,0x01,0xD9,
  0x01,0xFA,0x01,0x48,0x02,0x00,0x01,0x24,0x02,0xFA,0x01,0x6D,0x04,0x00,0x01,0xF9,
  0x01,0xFA,0x01,0x48,0x3B,0x00,0x01,0xB1,0x01,0xFA,0x01,0x24,0x06,0x00,0x01,0xB1,
  0x02,0xFA,0x01,0x24,0x03,0x00,0x01,0x91,0x01,0xFA,0x01,0x8D,0x02,0x00,0x01,0x8D,
  0x01,0xFA,0x01,0x6D,0x02,0x00,0x01,0x48,0x01,0xFA,0x01,0xF9,0x04,0x00,0x01,0xB1,
  0x01,0xFA,0x01,0x6D,0x06,0x00,0x01,0x91,0x02,0xFA,0x0A,0x00,0x01,0x48,0x01,0xFA,
  0x01,0xB5,0x08,0x00,0x01,0xF9,0x01,0xFA,0x04,0x00,0x01,0xB1,0x01,0xFA,0x01,0x6D,
  0x06,0x00,0x01,0x91,0x02,0xFA,0x07,0x00,0x01,0x6D,0x02,0xFA,0x01,0xD5,0x20,0x00,
  0x02,0xFA,0x04,0x00,0x01,0x8D,0x01,0xFA,0x01,0xB1,0x04,0x00,0x01,0xB1,0x01,0xFA,
  0x01,0x48,0x05,0x00,0x01,0xB1,0x02,0xFA,0x01,0x24,0x05,0x00,0x01,0x8D,0x02,0xFA,
  0x01,0x48,0x04,0x00,0x01,0x24,0x02,0xFA,0x06,0x00,0x01,0xB1,0x01,0xFA,0x01,0x24,
  0x08,0x00,0x02,0xFA,0x01,0x24,0x04,0x00,0x01,0xB1,0x01,0xD5,0x03,0x00,0x01,0x91,
  0x01,0xFA,0x01,0x24,0x02,0x00,0x01,0x24,0x01,0xD5,0x01,0x24,0x09,0x00,0x01,0x24,
  0x02,0xFA,0x06,0x00,0x01,0xB1,0x01,0xFA,0x01,0x24,0x05,0x00,0x01,0xB1,0x02,0xFA,
  0x01,0x24,0x0A,0x00,0x01,0x91,0x01,0xFA,0x01,0x48,0x03,0x00,0x01,0x8D,0x01,0xFA,
  0x01,0xB1,0x04,0x00,0x01,0xB1,0x01,0xFA,0x01,0x48,0x3B,0x00,0x01,0x91,0x01,0xFA,
  0x01,0x24,0x07,0x00,0x01,0xD9,0x01,0xFA,0x01,0x24,0x03,0x00,0x01,0x48,0x01,0xFA,
  0x01,0xB5,0x02,0x00,0x01,0x8D,0x01,0xFA,0x01,0x24,0x02,0x00,0x01,0x24,0x01,0xFA,
  0x01,0xD5,0x04,0x00,0x01,0x6D,0x01,0xFA,0x01,0x8D,0x07,0x00,0x01,0xD5,0x01,0xFA,
  0x01,0x48,0x0A,0x00,0x02,0xFA,0x08,0x00,0x01,0xF9,0x01,0xFA,0x04,0x00,0x01,0x6D,
  0x01,0xFA,0x01,0x8D,0x07,0x00,0x01,0xD5,0x01,0xFA,0x01,0x48,0x07,0x00,0x01,0xB1,
  0x01,0xFA,0x01,0x91,0x17,0x00,0x01,0x24,0x01,0x69,0x07,0x00,0x01,0xB5,0x01,0xFA,
  0x01,0x24,0x03,0x00,0x01,0x24,0x02,0xFA,0x04,0x00,0x01,0x8D,0x01,0xFA,0x01,0x69,
  0x06,0x00,0x01,0xD9,0x01,0xFA,0x01,0x24,0x06,0x00,0x01,0xD5,0x01,0xFA,0x01,0x6D,
  0x05,0x00,0x01,0xD5,0x01,0xFA,0x01,0x24,0x05,0x00,0x01,0x8D,0x01,0xFA,0x01,0x48,
  0x08,0x00,0x01,0x8D,0x01,0xFA,0x01,0x91,0x04,0x00,0x01,0xFA,0x01,0x6D,0x03,0x00,
  0x01,0xB1,0x01,0xFA,0x01,0x48,0x0F,0x00,0x01,0xD5,0x01,0xFA,0x01,0x24,0x05,0x00,
  0x01,0x8D,0x01,0xFA,0x01,0x48,0x06,0x00,0x01,0xD9,0x01,0xFA,0x01,0x24,0x0A,0x00,
  0x01,0x8D,0x01,0xFA,0x01,0x24,0x03,0x00,0x01,0x24,0x02,0xFA,0x04,0x00,0x01,0x8D,
  0x01,0xFA,0x01,0x69,0x3B,0x00,0x01,0x8D,0x01,0xFA,0x01,0x24,0x07,0x00,0x01,0xB1,
  0x01,0xFA,0x01,0x24,0x04,0x00,0x02,0xFA,0x02,0x00,0x01,0xD5,0x01,0xB1,0x03,0x00,
  0x01,0x20,0x01,0xFA,0x01,0x91,0x04,0x00,0x01,0x69,0x01,0xFA,0x01,0x91,0x07,0x00,
  0x01,0x8D,0x01,0xFA,0x01,0x8D,0x0A,0x00,0x01,0xD5,0x01,0xFA,0x01,0x24,0x07,0x00,
  0x01,0xFA,0x01,0xB1,0x04,0x00,0x01,0x69,0x01,0xFA,0x01,0x91,0x07,0x00,0x01,0x8D,
  0x01,0xFA,0x01,0x8D,0x07,0x00,0x01,0xD5,0x01,0xFA,0x01,0x24,0x08,0x00,0x06,0x24,
  0x09,0x00,0x01,0xD5,0x01,0x91,0x07,0x00,0x01,0xB1,0x01,0xFA,0x01,0x24,0x04,0x00,
  0x01,0xB5,0x01,0xFA,0x01,0x48,0x03,0x00,0x01,0x69,0x01,0xFA,0x01,0x69,0x06,0x00,
  0x01,0xB1,0x01,0xFA,0x01,0x24,0x06,0x00,0x01,0x6D,0x01,0xFA,0x01,0x8D,0x05,0x00,
  0x01,0x91,0x01,0xFA,0x01,0x48,0x05,0x00,0x01,0x6D,0x01,0xFA,0x01,0x49,0x08,0x00,
  0x01,0x24,0x02,0xFA,0x03,0x00,0x01,0x69,0x01,0xFA,0x04,0x00,0x01,0x44,0x02,0xFA,
  0x01,0xB1,0x01,0x24,0x0D,0x00,0x01,0x91,0x01,0xFA,0x01,0x48,0x05,0x00,0x01,0x6D,
  0x01,0xFA,0x01,0x49,0x06,0x00,0x01,0xB1,0x01,0xFA,0x01,0x24,0x0A,0x00,0x01,0xB1,
  0x01,0xF9,0x05,0x00,0x01,0xB5,0x01,0xFA,0x01,0x48,0x03,0x00,0x01,0x69,0x01,0xFA,
  0x01,0x69,0x3B,0x00,0x01,0x8D,0x01,0xFA,0x01,0x24,0x07,0x00,0x01,0xB1,0x01,0xFA,
  0x01,0x44,0x04,0x00,0x01,0xD5,0x01,0xFA,0x01,0x69,0x02,0xD5,0x01,0x20,0x03,0x00,
  0x01,0x24,0x01,0xFA,0x01,0x48,0x04,0x00,0x01,0x48,0x01,0xFA,0x01,0xB1,0x07,0x00,
  0x01,0x49,0x01,0xFA,0x01,0x91,0x0A,0x00,0x01,0x8D,0x01,0xFA,0x01,0x49,0x06,0x00,
  0x01,0x24,0x01,0xFA,0x01,0x49,0x04,0x00,0x01,0x48,0x01,0xFA,0x01,0xB1,0x07,0x00,
  0x01,0x49,0x01,0xFA,0x01,0x91,0x06,0x00,0x01,0x44,0x01,0xFA,0x01,0x6D,0x08,0x00,
  0x01,0x44,0x06,0xFA,0x01,0x44,0x07,0x00,0x01,0x24,0x01,0xFA,0x01,0xB1,0x07,0x00,
  0x01,0x91,0x01,0xFA,0x01,0x24,0x04,0x00,0x01,0x69,0x01,0xFA,0x01,0x8D,0x03,0x00,
  0x01,0x48,0x01,0xFA,0x01,0x44,0x06,0x00,0x01,0xB1,0x01,0xFA,0x01,0x44,0x06,0x00,
  0x01,0x48,0x01,0xFA,0x01,0x8D,0x05,0x00,0x01,0x69,0x01,0xFA,0x01,0x6D,0x05,0x00,
  0x01,0x69,0x01,0xFA,0x01,0x69,0x09,0x00,0x01,0xD5,0x01,0xFA,0x01,0x49,0x02,0x00,
  0x01,0xB5,0x01,0xB1,0x05,0x00,0x01,0x24,0x01,0xD5,0x02,0xFA,0x01,0x91,0x01,0x24,
  0x0B,0x00,0x01,0x69,0x01,0xFA,0x01,0x6D,0x05,0x00,0x01,0x69,0x01,0xFA,0x01,0x69,
  0x06,0x00,0x01,0xB1,0x01,0xFA,0x01,0x44,0x0A,0x00,0x01,0xD5,0x01,0x8D,0x05,0x00,
  0x01,0x69,0x01,0xFA,0x01,0x8D,0x03,0x00,0x01,0x48,0x01,0xFA,0x01,0x44,0x3B,0x00,
  0x01,0x6D,0x01,0xFA,0x01,0x44,0x07,0x00,0x01,0x91,0x01,0xFA,0x01,0x44,0x04,0x00,
  0x01,0x91,0x02,0xFA,0x01,0xB1,0x05,0x00,0x01,0x6D,0x01,0xF9,0x05,0x00,0x01,0x44,
  0x01,0xFA,0x01,0xB1,0x07,0x00,0x01,0x24,0x01,0xFA,0x01,0xB1,0x0A,0x00,0x01,0x48,
  0x01,0xFA,0x01,0x8D,0x06,0x00,0x01,0x8D,0x01,0xD5,0x05,0x00,0x01,0x44,0x01,0xFA,
  0x01,0xB1,0x07,0x00,0x01,0x24,0x01,0xFA,0x01,0xB1,0x06,0x00,0x01,0xB1,0x01,0xD5,
  0x09,0x00,0x01,0xD5,0x05,0xFA,0x01,0x8D,0x08,0x00,0x01,0x24,0x01,0xFA,0x01,0xB1,
  0x07,0x00,0x01,0x8D,0x01,0xFA,0x01,0x44,0x05,0x00,0x01,0xFA,0x01,0xD5,0x03,0x00,
  0x01,0x48,0x01,0xFA,0x07,0x00,0x01,0x91,0x01,0xFA,0x01,0x44,0x06,0x00,0x01,0x24,
  0x01,0xFA,0x01,0x8D,0x05,0x00,0x01,0x24,0x01,0xFA,0x01,0x91,0x05,0x00,0x01,0x48,
  0x01,0xFA,0x01,0x6D,0x09,0x00,0x01,0x69,0x01,0xFA,0x01,0xB5,0x01,0x00,0x01,0x24,
  0x01,0xFA,0x01,0x48,0x07,0x00,0x01,0x48,0x01,0xD5,0x01,0xFA,0x01,0xF9,0x01,0x24,
  0x0A,0x00,0x01,0x24,0x01,0xFA,0x01,0x91,0x05,0x00,0x01,0x48,0x01,0xFA,0x01,0x6D,
  0x06,0x00,0x01,0x91,0x01,0xFA,0x01,0x44,0x09,0x00,0x01,0x44,0x01,0xFA,0x01,0x24,
  0x06,0x00,0x01,0xFA,0x01,0xD5,0x03,0x00,0x01,0x48,0x01,0xFA,0x3C,0x00,0x01,0x6D,
  0x01,0xFA,0x01,0x48,0x07,0x00,0x01,0x91,0x01,0xFA,0x01,0x44,0x04,0x00,0x01,0x69,
  0x01,0xFA,0x01,0xB1,0x05,0x00,0x01,0x24,0x01,0xFA,0x01,0x6D,0x05,0x00,0x01,0x24,
  0x01,0xFA,0x01,0xB1,0x08,0x00,0x01,0xFA,0x01,0xB5,0x0A,0x00,0x01,0x20,0x01,0xFA,
  0x01,0xD5,0x05,0x00,0x01,0x24,0x01,0xFA,0x01,0x48,0x05,0x00,0x01,0x24,0x01,0xFA,
  0x01,0xB1,0x08,0x00,0x01,0xFA,0x01,0xB5,0x05,0x00,0x01,0x44,0x01,0xB1,0x1A,0x00,
  0x01,0xFA,0x01,0xB1,0x07,0x00,0x01,0x6D,0x01,0xFA,0x01,0x48,0x05,0x00,0x01,0xB1,
  0x01,0xFA,0x01,0x24,0x01,0x00,0x01,0x20,0x01,0xD5,0x01,0x8D,0x07,0x00,0x01,0x91,
  0x01,0xFA,0x01,0x44,0x06,0x00,0x01,0x24,0x01,0xFA,0x01,0x8D,0x06,0x00,0x01,0xFA,
  0x01,0xB1,0x05,0x00,0x01,0x48,0x01,0xFA,0x01,0x6D,0x0A,0x00,0x02,0xFA,0x01,0x24,
  0x01,0x8D,0x01,0xF9,0x0A,0x00,0x01,0x8D,0x01,0xFA,0x01,0xB5,0x0B,0x00,0x01,0xFA,
  0x01,0xB1,0x05,0x00,0x01,0x48,0x01,0xFA,0x01,0x6D,0x06,0x00,0x01,0x91,0x01,0xFA,
  0x01,0x44,0x08,0x00,0x01,0x24,0x01,0xD5,0x01,0x8D,0x07,0x00,0x01,0xB1,0x01,0xFA,
  0x01,0x24,0x01,0x00,0x01,0x20,0x01,0xD5,0x01,0x8D,0x3C,0x00,0x01,0x6D,0x01,0xFA,
  0x01,0x48,0x07,0x00,0x01,0x8D,0x01,0xFA,0x01,0x44,0x04,0x00,0x01,0x24,0x01,0xFA,
  0x01,0xD5,0x04,0x00,0x01,0x48,0x01,0xFA,0x01,0xB5,0x06,0x00,0x01,0x24,0x01,0xFA,
  0x01,0xB1,0x08,0x00,0x01,0xFA,0x01,0xB5,0x0B,0x00,0x01,0xD5,0x01,0xFA,0x01,0x24,
  0x03,0x00,0x01,0x24,0x01,0xD9,0x01,0x91,0x06,0x00,0x01,0x24,0x01,0xFA,0x01,0xB1,
  0x08,0x00,0x01,0xFA,0x01,0xB5,0x21,0x00,0x01,0xFA,0x01,0xB5,0x07,0x00,0x01,0x6D,
  0x01,0xFA,0x01,0x48,0x05,0x00,0x01,0x6D,0x01,0xFA,0x01,0x69,0x01,0x48,0x01,0xF9,
  0x01,0xD9,0x01,0x20,0x07,0x00,0x01,0x8D,0x01,0xFA,0x01,0x44,0x06,0x00,0x01,0x24,
  0x01,0xFA,0x01,0x6D,0x06,0x00,0x01,0xD5,0x01,0xB1,0x05,0x00,0x01,0x44,0x01,0xFA,
  0x01,0x6D,0x0A,0x00,0x01,0x91,0x01,0xFA,0x01,0x8D,0x01,0xD5,0x01,0x8D,0x05,0x00,
  0x01,0x8D,0x01,0x24,0x04,0x00,0x02,0xD5,0x0B,0x00,0x01,0xD5,0x01,0xB1,0x05,0x00,
  0x01,0x44,0x01,0xFA,0x01,0x6D,0x06,0x00,0x01,0x8D,0x01,0xFA,0x01,0x44,0x07,0x00,
  0x01,0x69,0x01,0xFA,0x01,0xD5,0x08,0x00,0x01,0x6D,0x01,0xFA,0x01,0x69,0x01,0x48,
  0x01,0xF9,0x01,0xD9,0x01,0x20,0x36,0x00,0x06,0x24,0x01,0x8D,0x01,0xFA,0x01,0x91,
  0x01,0x24,0x06,0x00,0x01,0x8D,0x01,0xFA,0x01,0x24,0x05,0x00,0x01,0xF9,0x01,0xFA,
  0x01,0x69,0x01,0x44,0x01,0x6D,0x01,0xD5,0x01,0xFA,0x01,0xD5,0x07,0x00,0x01,0x24,
  0x01,0xFA,0x01,0x91,0x08,0x00,0x01,0xD9,0x01,0xB1,0x0B,0x00,0x01,0x8D,0x01,0xFA,
  0x01,0xB1,0x01,0x24,0x01,0x48,0x01,0x91,0x01,0xFA,0x01,0xB1,0x07,0x00,0x01,0x24,
  0x01,0xFA,0x01,0x91,0x08,0x00,0x01,0xD9,0x01,0xB1,0x21,0x00,0x01,0xFA,0x01,0xD5,
  0x07,0x00,0x01,0x69,0x01,0xFA,0x01,0x48,0x05,0x00,0x01,0x24,0x03,0xFA,0x01,0xD9,
  0x01,0x24,0x08,0x00,0x01,0x8D,0x01,0xFA,0x01,0x24,0x03,0x00,0x03,0x24,0x01,0x69,
  0x01,0xFA,0x01,0x24,0x03,0x00,0x03,0x24,0x01,0xB5,0x01,0x6D,0x05,0x00,0x01,0x24,
  0x01,0xFA,0x01,0x69,0x0A,0x00,0x01,0x44,0x03,0xFA,0x01,0x24,0x05,0x00,0x01,0xD5,
  0x01,0x8D,0x03,0x00,0x01,0x20,0x01,0xFA,0x01,0xB5,0x08,0x00,0x03,0x24,0x01,0xB5,
  0x01,0x6D,0x05,0x00,0x01,0x24,0x01,0xFA,0x01,0x69,0x06,0x00,0x01,0x8D,0x01,0xFA,
  0x01,0x24,0x04,0x00,0x01,0x44,0x01,0x91,0x03,0xFA,0x01,0x24,0x08,0x00,0x01,0x24,
  0x03,0xFA,0x01,0xD9,0x01,0x24,0x36,0x00,0x01,0x49,0x09,0xFA,0x01,0xD5,0x06,0x00,
  0x01,0x8D,0x01,0xFA,0x01,0x24,0x05,0x00,0x01,0x91,0x05,0xFA,0x01,0xB1,0x09,0x00,
  0x01,0xFA,0x01,0x48,0x08,0x00,0x01,0xD5,0x01,0x91,0x0B,0x00,0x01,0x24,0x05,0xFA,
  0x01,0x91,0x09,0x00,0x01,0xFA,0x01,0x48,0x08,0x00,0x01,0xD5,0x01,0x91,0x21,0x00,
  0x01,0xD5,0x01,0x91,0x07,0x00,0x01,0x69,0x01,0xFA,0x01,0x24,0x04,0x00,0x01,0x44,
  0x01,0xB5,0x02,0xFA,0x01,0xB1,0x01,0x20,0x09,0x00,0x01,0x8D,0x01,0xFA,0x01,0x24,
  0x02,0x00,0x01,0x8D,0x04,0xFA,0x01,0xB5,0x03,0x00,0x01,0x24,0x04,0xFA,0x01,0x24,
  0x05,0x00,0x01,0x24,0x01,0xFA,0x01,0x24,0x0B,0x00,0x01,0xD5,0x01,0xFA,0x01,0xD5,
  0x06,0x00,0x01,0xD5,0x01,0xFA,0x01,0xD5,0x01,0x8D,0x01,0x6D,0x01,0xD5,0x01,0xFA,
  0x01,0x44,0x07,0x00,0x01,0x24,0x04,0xFA,0x01,0x24,0x05,0x00,0x01,0x24,0x01,0xFA,
  0x01,0x24,0x06,0x00,0x01,0x8D,0x01,0xFA,0x01,0x24,0x03,0x00,0x01,0x24,0x03,0xFA,
  0x01,0xB1,0x01,0x24,0x08,0x00,0x01,0x44,0x01,0xB5,0x02,0xFA,0x01,0xB1,0x01,0x20,
  0x37,0x00,0x0A,0xFA,0x01,0x44,0x06,0x00,0x01,0x8D,0x01,0xB1,0x06,0x00,0x01,0x24,
  0x01,0xD5,0x02,0xFA,0x01,0xB1,0x01,0x48,0x0A,0x00,0x01,0xB1,0x09,0x00,0x01,0xB1,
  0x01,0x24,0x0C,0x00,0x01,0x6D,0x02,0xFA,0x01,0xB1,0x01,0x48,0x0A,0x00,0x01,0xB1,
  0x09,0x00,0x01,0xB1,0x01,0x24,0x21,0x00,0x01,0xB1,0x01,0x24,0x07,0x00,0x01,0x48,
  0x01,0x6D,0x03,0x00,0x01,0x24,0x01,0xD5,0x02,0xFA,0x01,0xD5,0x01,0x48,0x0B,0x00,
  0x01,0x8D,0x01,0xB1,0x02,0x00,0x01,0x20,0x05,0xFA,0x01,0x24,0x03,0x00,0x01,0xD5,
  0x03,0xFA,0x01,0xB5,0x06,0x00,0x01,0x24,0x01,0x91,0x0C,0x00,0x01,0x6D,0x01,0xFA,
  0x01,0x48,0x06,0x00,0x01,0x24,0x01,0x91,0x01,0xF9,0x02,0xFA,0x01,0xB1,0x01,0x24,
  0x08,0x00,0x01,0xD5,0x03,0xFA,0x01,0xB5,0x06,0x00,0x01,0x24,0x01,0x91,0x07,0x00,
  0x01,0x8D,0x01,0xB1,0x04,0x00,0x01,0x91,0x01,0xD5,0x01,0x8D,0x01,0x24,0x08,0x00,
  0x01,0x24,0x01,0xD5,0x02,0xFA,0x01,0xD5,0x01,0x48,0x4A,0x00,0x01,0x48,0x01,0x24,
  0x78,0x00,0x01,0xB1,0x01,0xFA,0x01,0xF9,0x01,0x69,0x0D,0x00,0x01,0x48,0x01,0x24,
  0x51,0x00,0x01,0x48,0x01,0x24,0x10,0x00,0x01,0xB1,0x01,0xFA,0x01,0xF9,0x01,0x69,
  0xC5,0x00,0x01,0x24,0x01,0xD5,0x01,0x69,0x73,0x00,0x01,0x24,0x01,0xD5,0x01,0x69,
  0xFF,0x00,0xFF,0x00,0xFF,0x00,0xFF,0x00,0xFF,0x00,0xFF,0x00,0xFF,0x00,0xFF,0x00,
  0xEB,0x00,0xFF,0xFA,0xFF,0xFA,0x82,0xFA,0xFF,0x00,0xFF,0x00,0xFF,0x00,0xFF,0x00,
  0xFF,0x00,0xFF,0x00,0xFF,0x00,0xFF,0x00,0xFF,0x00,0xFF,0x00,0xFF,0x00,0xFF,0x00,
  0xFF,0x00,0xFF,0x00,0xFF,0x00,0xFF,0x00,0xAF,0x00,0x01,0x24,0x01,0xDB,0x97,0x00,
  0x01,0x24,0x01,0xDB,0x99,0x00,0x01,0x24,0x0B,0x00,0x01,0x49,0x01,0xFF,0x3E,0x00,
  0x01,0x24,0x23,0x00,0x01,0x92,0x01,0xFF,0x01,0xDB,0x01,0x6D,0x04,0x00,0x01,0x24,
  0x01,0xDB,0x01,0xFF,0x01,0xB6,0x03,0x00,0x01,0x24,0x01,0xB6,0x01,0xFF,0x01,0x49,
  0x01,0x00,0x02,0x49,0x10,0x00,0x01,0x24,0x0E,0x00,0x01,0x49,0x01,0xFF,0x74,0x00,
  0x01,0x49,0x01,0x24,0x06,0x00,0x01,0xB6,0x01,0x92,0x05,0x00,0x01,0x49,0x0A,0x00,
  0x01,0x6D,0x09,0x00,0x01,0x49,0x01,0xB6,0x0B,0x00,0x01,0x24,0x01,0xFF,0x07,0x00,
  0x01,0xB6,0x01,0x6D,0x05,0x00,0x01,0xDB,0x10,0x00,0x01,0x6D,0x09,0x00,0x01,0xDB,
  0x01,0x49,0x03,0x00,0x01,0xDB,0x02,0x00,0x01,0xB6,0x01,0x92,0x04,0x00,0x01,0xB6,
  0x01,0x92,0x04,0x00,0x01,0x49,0x01,0xB6,0x0A,0x00,0x01,0x6D,0x0A,0x00,0x01,0x24,
  0x0D,0x00,0x01,0x49,0x01,0x6D,0x01,0xB6,0x01,0xFF,0x01,0x6D,0x03,0x00,0x01,0xDB,
  0x02,0x00,0x01,0xB6,0x01,0xDB,0x02,0x00,0x01,0xDB,0x01,0x00,0x01,0x6D,0x01,0xB6,
  0x01,0x00,0x01,0xDB,0x10,0x00,0x01,0x49,0x01,0xB6,0x09,0x00,0x01,0xB6,0x01,0x92,
  0x03,0x00,0x01,0x24,0x01,0xFF,0x07,0x00,0x01,0xDB,0x01,0x49,0x03,0x00,0x01,0xDB,
  0x03,0x00,0x01,0x6D,0x0C,0x00,0x01,0x49,0x01,0x92,0x09,0x00,0x01,0xB6,0x01,0x6D,
  0x05,0x00,0x01,0xDB,0x44,0x00,0x04,0xFF,0x01,0xB6,0x03,0x00,0x01,0xDB,0x01,0xFF,
  0x01,0xDB,0x03,0x00,0x01,0x49,0x05,0xFF,0x01,0x92,0x04,0x00,0x01,0xDB,0x07,0xFF,
  0x01,0x6D,0x02,0x00,0x07,0xFF,0x01,0x92,0x06,0x00,0x06,0xFF,0x02,0x00,0x01,0xB6,
  0x01,0xFF,0x01,0xB6,0x03,0x00,0x01,0x6D,0x01,0xFF,0x01,0x24,0x0E,0x00,0x01,0xB6,
  0x06,0xFF,0x01,0x6D,0x03,0x00,0x01,0xFF,0x01,0xDB,0x03,0x00,0x01,0xFF,0x01,0x49,
  0x01,0x00,0x01,0xDB,0x01,0xFF,0x01,0xDB,0x03,0x00,0x01,0xDB,0x02,0xFF,0x01,0x24,
  0x02,0x00,0x07,0xFF,0x01,0x92,0x03,0x00,0x01,0xB6,0x06,0xFF,0x01,0x6D,0x03,0x00,
  0x02,0xDB,0x02,0x00,0x01,0x92,0x01,0xFF,0x01,0xDB,0x01,0x24,0x0A,0x00,0x01,0xDB,
  0x01,0x6D,0x02,0x00,0x01,0x6D,0x01,0xB6,0x02,0x00,0x01,0x24,0x01,0xFF,0x01,0x49,
  0x01,0x00,0x01,0xFF,0x01,0x24,0x02,0x6D,0x01,0x92,0x01,0x49,0x09,0x00,0x01,0x6D,
  0x01,0xFF,0x01,0x24,0x04,0x00,0x07,0xFF,0x01,0x92,0x03,0x00,0x01,0xDB,0x01,0xFF,
  0x01,0xDB,0x03,0x00,0x06,0xFF,0x02,0x00,0x01,0xFF,0x01,0xDB,0x03,0x00,0x01,0xFF,
  0x01,0x49,0x01,0x00,0x01,0xB6,0x06,0xFF,0x01,0x6D,0x06,0x00,0x07,0xFF,0x01,0xDB,
  0x03,0x00,0x01,0xB6,0x01,0xFF,0x01,0xB6,0x03,0x00,0x01,0x6D,0x01,0xFF,0x01,0x24,
  0x42,0x00,0x01,0x24,0x03,0x6D,0x01,0x92,0x01,0xFF,0x01,0xB6,0x03,0x00,0x01,0x92,
  0x01,0xFF,0x01,0x92,0x02,0x00,0x01,0xB6,0x01,0xFF,0x03,0x6D,0x01,0xB6,0x01,0xFF,
  0x01,0xB6,0x03,0x00,0x01,0xB6,0x01,0xFF,0x05,0x6D,0x02,0xDB,0x02,0x00,0x01,0x49,
  0x02,0xDB,0x03,0x6D,0x01,0x92,0x01,0xFF,0x01,0x24,0x05,0x00,0x01,0x49,0x04,0x6D,
  0x01,0xFF,0x01,0x49,0x02,0x00,0x01,0x6D,0x01,0xFF,0x01,0xDB,0x02,0x00,0x01,0x24,
  0x01,0xFF,0x01,0x24,0x0E,0x00,0x06,0x6D,0x01,0xB6,0x01,0xFF,0x03,0x00,0x01,0x6D,
  0x01,0xFF,0x03,0x00,0x01,0xFF,0x01,0x6D,0x02,0x00,0x01,0x92,0x01,0xFF,0x01,0x92,
  0x03,0x00,0x01,0x6D,0x01,0xFF,0x01,0xB6,0x02,0x00,0x01,0x49,0x02,0xDB,0x03,0x6D,
  0x01,0x92,0x01,0xFF,0x01,0x24,0x02,0x00,0x06,0x6D,0x01,0xB6,0x01,0xFF,0x03,0x00,
  0x01,0x92,0x01,0xFF,0x01,0x49,0x02,0x92,0x01,0x6D,0x01,0xDB,0x01,0xFF,0x09,0x00,
  0x01,0x6D,0x01,0xDB,0x03,0x00,0x01,0xB6,0x01,0x92,0x03,0x00,0x01,0xFF,0x01,0x6D,
  0x01,0x00,0x01,0x6D,0x01,0xFF,0x01,0x92,0x01,0x24,0x01,0x92,0x08,0x00,0x01,0x49,
  0x01,0xFF,0x01,0xB6,0x01,0x24,0x05,0x00,0x01,0x49,0x02,0xDB,0x03,0x6D,0x01,0x92,
  0x01,0xFF,0x01,0x24,0x03,0x00,0x01,0x92,0x01,0xFF,0x01,0x92,0x02,0x00,0x01,0x49,
  0x04,0x6D,0x01,0xFF,0x01,0x49,0x01,0x00,0x01,0x6D,0x01,0xFF,0x03,0x00,0x01,0xFF,
  0x01,0x6D,0x01,0x00,0x06,0x6D,0x01,0xB6,0x01,0xFF,0x06,0x00,0x01,0xDB,0x01,0xB6,
  0x04,0x6D,0x01,0x92,0x01,0xFF,0x01,0x6D,0x03,0x00,0x01,0x6D,0x01,0xFF,0x01,0xDB,
  0x02,0x00,0x01,0x24,0x01,0xFF,0x01,0x24,0x0B,0x00,0x03,0xFF,0x39,0x00,0x01,0x49,
  0x01,0xFF,0x04,0x00,0x02,0xB6,0x02,0x00,0x01,0x6D,0x01,0xFF,0x04,0x00,0x01,0x49,
  0x01,0xFF,0x01,0x24,0x03,0x00,0x01,0xFF,0x01,0x24,0x04,0x00,0x01,0x6D,0x01,0xDB,
  0x03,0x00,0x01,0x49,0x01,0xFF,0x04,0x00,0x01,0xDB,0x01,0x49,0x0A,0x00,0x01,0xDB,
  0x01,0x49,0x02,0x00,0x01,0x49,0x01,0xB6,0x01,0xFF,0x01,0xDB,0x01,0x00,0x01,0x24,
  0x01,0xDB,0x10,0x00,0x01,0x49,0x05,0x00,0x01,0xFF,0x01,0x24,0x03,0x00,0x01,0xFF,
  0x01,0x49,0x02,0x00,0x01,0xB6,0x01,0x6D,0x03,0x00,0x02,0xB6,0x04,0x00,0x01,0x92,
  0x01,0xDB,0x03,0x00,0x01,0x49,0x01,0xFF,0x04,0x00,0x01,0xDB,0x01,0x49,0x03,0x00,
  0x01,0x49,0x05,0x00,0x01,0xFF,0x01,0x24,0x03,0x00,0x01,0xFF,0x01,0xB6,0x01,0x6D,
  0x03,0x00,0x01,0xFF,0x01,0x49,0x07,0x00,0x02,0xFF,0x01,0xB6,0x01,0x24,0x02,0x00,
  0x01,0xDB,0x01,0x6D,0x03,0x00,0x01,0xDB,0x01,0x92,0x04,0x00,0x01,0xB6,0x01,0x6D,
  0x01,0x92,0x05,0x00,0x01,0x49,0x02,0xDB,0x01,0x24,0x08,0x00,0x01,0x49,0x01,0xFF,
  0x04,0x00,0x01,0xDB,0x01,0x49,0x04,0x00,0x02,0xB6,0x07,0x00,0x01,0xDB,0x01,0x49,
  0x02,0x00,0x01,0xFF,0x01,0x49,0x02,0x00,0x01,0xB6,0x01,0x6D,0x02,0x00,0x01,0x49,
  0x05,0x00,0x01,0xFF,0x01,0x24,0x05,0x00,0x01,0xB6,0x01,0x92,0x05,0x00,0x02,0x92,
  0x03,0x00,0x01,0x49,0x01,0xB6,0x01,0xFF,0x01,0xDB,0x01,0x00,0x01,0x24,0x01,0xDB,
  0x0B,0x00,0x05,0xFF,0x39,0x00,0x01,0xFF,0x01,0x24,0x03,0x00,0x01,0x92,0x01,0xB6,
  0x02,0x00,0x01,0x49,0x01,0xFF,0x05,0x00,0x01,0xDB,0x01,0x6D,0x03,0x00,0x01,0xDB,
  0x01,0x49,0x04,0x00,0x01,0x6D,0x01,0x92,0x04,0x00,0x01,0xFF,0x04,0x00,0x01,0xDB,
  0x01,0x49,0x0A,0x00,0x01,0xDB,0x03,0x00,0x01,0xDB,0x01,0x00,0x01,0x24,0x01,0xFF,
  0x01,0xDB,0x01,0xB6,0x01,0x49,0x06,0x00,0x01,0xDB,0x02,0xFF,0x01,0xDB,0x01,0x24,
  0x05,0x00,0x01,0xFF,0x05,0x00,0x01,0xFF,0x01,0x24,0x03,0x00,0x01,0x92,0x01,0xB6,
  0x02,0x00,0x01,0xB6,0x01,0x49,0x03,0x00,0x01,0x92,0x01,0xB6,0x04,0x00,0x01,0x49,
  0x01,0xFF,0x04,0x00,0x01,0xFF,0x04,0x00,0x01,0xDB,0x01,0x49,0x03,0x00,0x01,0xFF,
  0x05,0x00,0x01,0xFF,0x01,0x24,0x03,0x00,0x01,0xB6,0x01,0xDB,0x04,0x00,0x01,0xB6,
  0x01,0x92,0x08,0x00,0x01,0x49,0x02,0xFF,0x02,0x00,0x01,0xDB,0x01,0x6D,0x03,0x00,
  0x01,0xDB,0x01,0x92,0x03,0x00,0x01,0x6D,0x02,0xDB,0x01,0xFF,0x01,0x6D,0x04,0x00,
  0x01,0xDB,0x01,0xFF,0x01,0x24,0x0A,0x00,0x01,0xFF,0x04,0x00,0x01,0xDB,0x01,0x49,
  0x04,0x00,0x01,0x92,0x01,0xB6,0x07,0x00,0x01,0xDB,0x03,0x00,0x01,0x92,0x01,0xB6,
  0x02,0x00,0x01,0xB6,0x01,0x49,0x02,0x00,0x01,0xFF,0x05,0x00,0x01,0xFF,0x01,0x24,
  0x05,0x00,0x02,0x92,0x05,0x00,0x01,0x6D,0x01,0xB6,0x03,0x00,0x01,0xDB,0x01,0x00,
  0x01,0x24,0x01,0xFF,0x01,0xDB,0x01,0xB6,0x01,0x49,0x0A,0x00,0x07,0xFF,0x38,0x00,
  0x01,0xFF,0x01,0x49,0x03,0x00,0x01,0x6D,0x01,0xB6,0x02,0x00,0x01,0x24,0x01,0xFF,
  0x05,0x00,0x01,0xB6,0x01,0x92,0x03,0x00,0x02,0x92,0x04,0x00,0x01,0xDB,0x05,0x00,
  0x01,0xDB,0x01,0x49,0x03,0x00,0x01,0xB6,0x01,0x6D,0x09,0x00,0x01,0x24,0x01,0x92,
  0x02,0x00,0x01,0x24,0x01,0xDB,0x02,0x00,0x01,0x24,0x02,0xFF,0x11,0x00,0x01,0xFF,
  0x05,0x00,0x01,0xDB,0x01,0x49,0x03,0x00,0x01,0x49,0x01,0xFF,0x02,0x00,0x01,0xB6,
  0x04,0x00,0x01,0x6D,0x01,0xB6,0x04,0x00,0x01,0x24,0x01,0xFF,0x04,0x00,0x01,0xDB,
  0x01,0x49,0x03,0x00,0x01,0xB6,0x01,0x6D,0x03,0x00,0x01,0xFF,0x05,0x00,0x01,0xDB,
  0x01,0x49,0x03,0x00,0x01,0xB6,0x01,0x6D,0x04,0x00,0x01,0x6D,0x01,0xB6,0x09,0x00,
  0x01,0x49,0x01,0xFF,0x01,0x24,0x01,0x00,0x01,0xDB,0x01,0x92,0x03,0x00,0x01,0xFF,
  0x01,0x49,0x03,0x00,0x01,0xB6,0x01,0xFF,0x01,0x00,0x02,0x92,0x05,0x00,0x01,0x6D,
  0x01,0xFF,0x01,0xB6,0x01,0x24,0x08,0x00,0x01,0xDB,0x01,0x49,0x03,0x00,0x01,0xB6,
  0x01,0x6D,0x04,0x00,0x01,0x6D,0x01,0xB6,0x06,0x00,0x01,0x24,0x01,0x92,0x03,0x00,
  0x01,0x49,0x01,0xFF,0x02,0x00,0x01,0xB6,0x03,0x00,0x01,0xFF,0x05,0x00,0x01,0xDB,
  0x01,0x49,0x05,0x00,0x02,0x92,0x05,0x00,0x01,0x6D,0x01,0xB6,0x02,0x00,0x01,0x24,
  0x01,0xDB,0x02,0x00,0x01,0x24,0x02,0xFF,0x0B,0x00,0x07,0xFF,0x38,0x00,0x01,0xDB,
  0x01,0x49,0x03,0x00,0x01,0x6D,0x01,0xB6,0x02,0x00,0x01,0x24,0x01,0xFF,0x05,0x00,
  0x02,0x92,0x03,0x00,0x01,0x49,0x01,0xDB,0x03,0x00,0x02,0x6D,0x05,0x00,0x01,0xB6,
  0x01,0x49,0x03,0x00,0x01,0xB6,0x01,0x6D,0x08,0x00,0x01,0x24,0x01,0xDB,0x03,0x00,
  0x01,0x6D,0x01,0xB6,0x03,0x00,0x01,0x24,0x01,0xFF,0x01,0xDB,0x10,0x00,0x01,0xFF,
  0x05,0x00,0x01,0xDB,0x01,0x49,0x04,0x00,0x01,0xFF,0x01,0x49,0x01,0xDB,0x01,0x6D,
  0x04,0x00,0x01,0x6D,0x01,0xB6,0x04,0x00,0x01,0x24,0x01,0xFF,0x04,0x00,0x01,0xB6,
  0x01,0x49,0x03,0x00,0x01,0xB6,0x01,0x6D,0x03,0x00,0x01,0xFF,0x05,0x00,0x01,0xDB,
  0x01,0x49,0x03,0x00,0x01,0xDB,0x01,0x24,0x04,0x00,0x01,0x49,0x01,0xB6,0x09,0x00,
  0x01,0x24,0x01,0xFF,0x02,0x00,0x01,0x92,0x01,0xDB,0x03,0x00,0x01,0xFF,0x03,0x00,
  0x01,0x92,0x01,0x49,0x01,0xFF,0x01,0x00,0x02,0x6D,0x07,0x00,0x01,0x6D,0x01,0xFF,
  0x01,0x92,0x07,0x00,0x01,0xB6,0x01,0x49,0x03,0x00,0x01,0xB6,0x01,0x6D,0x04,0x00,
  0x01,0x6D,0x01,0xB6,0x05,0x00,0x01,0x24,0x01,0xDB,0x05,0x00,0x01,0xFF,0x01,0x49,
  0x01,0xDB,0x01,0x6D,0x03,0x00,0x01,0xFF,0x05,0x00,0x01,0xDB,0x01,0x49,0x05,0x00,
  0x02,0x92,0x05,0x00,0x01,0x6D,0x01,0xB6,0x02,0x00,0x01,0x6D,0x01,0xB6,0x03,0x00,
  0x01,0x24,0x01,0xFF,0x01,0xDB,0x0A,0x00,0x07,0xFF,0x38,0x00,0x01,0xDB,0x01,0x49,
  0x03,0x00,0x01,0x6D,0x01,0xB6,0x03,0x00,0x01,0xFF,0x05,0x00,0x01,0x6D,0x01,0x92,
  0x04,0x00,0x01,0xFF,0x02,0x92,0x01,0xDB,0x01,0x92,0x04,0x00,0x01,0x24,0x01,0x6D,
  0x01,0xB6,0x01,0x24,0x03,0x00,0x01,0x92,0x01,0x6D,0x06,0x00,0x01,0x6D,0x01,0xDB,
  0x01,0xFF,0x01,0x24,0x03,0x00,0x01,0x6D,0x01,0xFF,0x01,0x6D,0x03,0x00,0x01,0x24,
  0x01,0xFF,0x01,0xDB,0x0F,0x00,0x01,0xFF,0x05,0x00,0x01,0xDB,0x01,0x49,0x03,0x00,
  0x01,0x24,0x02,0xFF,0x01,0x49,0x05,0x00,0x01,0x6D,0x01,0xB6,0x02,0x00,0x01,0x49,
  0x01,0x6D,0x02,0x92,0x02,0x00,0x01,0x24,0x01,0x6D,0x01,0xB6,0x01,0x24,0x03,0x00,
  0x01,0x92,0x01,0x6D,0x03,0x00,0x01,0xFF,0x05,0x00,0x01,0xDB,0x01,0x49,0x03,0x00,
  0x01,0xFF,0x01,0x00,0x01,0x24,0x03,0x6D,0x01,0x92,0x01,0x6D,0x06,0x00,0x01,0x24,
  0x02,0x00,0x01,0xB6,0x01,0x49,0x02,0x00,0x01,0x24,0x01,0xFF,0x01,0x49,0x01,0x00,
  0x02,0x6D,0x02,0x00,0x01,0x49,0x01,0x92,0x01,0x00,0x01,0xFF,0x01,0x24,0x01,0x92,
  0x01,0x24,0x09,0x00,0x01,0x92,0x05,0x00,0x01,0x24,0x01,0x6D,0x01,0xB6,0x01,0x24,
  0x03,0x00,0x01,0x92,0x01,0x6D,0x04,0x00,0x01,0x6D,0x01,0xB6,0x03,0x00,0x01,0x6D,
  0x01,0xDB,0x01,0xFF,0x01,0x24,0x04,0x00,0x01,0x24,0x02,0xFF,0x01,0x49,0x04,0x00,
  0x01,0xFF,0x05,0x00,0x01,0xDB,0x01,0x49,0x05,0x00,0x01,0x6D,0x01,0xDB,0x05,0x6D,
  0x01,0xB6,0x01,0x6D,0x02,0x00,0x01,0x6D,0x01,0xFF,0x01,0x6D,0x03,0x00,0x01,0x24,
  0x01,0xFF,0x01,0xDB,0x0A,0x00,0x05,0xFF,0x39,0x00,0x01,0x92,0x04,0x00,0x02,0x6D,
  0x03,0x00,0x01,0xDB,0x05,0x00,0x01,0x49,0x01,0x92,0x04,0x00,0x01,0x92,0x01,0xFF,
  0x01,0xDB,0x01,0x49,0x04,0x00,0x01,0x24,0x02,0xFF,0x01,0xDB,0x04,0x00,0x01,0x6D,
  0x06,0x00,0x01,0x49,0x01,0xDB,0x01,0x6D,0x05,0x00,0x01,0x92,0x01,0xFF,0x01,0x92,
  0x04,0x00,0x01,0x49,0x01,0xFF,0x0F,0x00,0x01,0x92,0x05,0x00,0x01,0x92,0x03,0x00,
  0x01,0xB6,0x01,0xFF,0x01,0xB6,0x07,0x00,0x02,0x6D,0x01,0x00,0x01,0x49,0x03,0xFF,
  0x01,0x24,0x01,0x00,0x01,0x24,0x02,0xFF,0x01,0xDB,0x04,0x00,0x01,0x6D,0x04,0x00,
  0x01,0x92,0x05,0x00,0x01,0x92,0x03,0x00,0x02,0x6D,0x01,0x00,0x05,0xFF,0x06,0x00,
  0x01,0x6D,0x02,0xFF,0x01,0xDB,0x01,0x49,0x04,0x00,0x01,0x6D,0x02,0xFF,0x01,0x6D,
  0x03,0x00,0x01,0xB6,0x02,0x00,0x01,0x6D,0x01,0xFF,0x01,0x6D,0x0F,0x00,0x01,0x24,
  0x02,0xFF,0x01,0xDB,0x04,0x00,0x01,0x6D,0x05,0x00,0x02,0x6D,0x02,0x00,0x01,0x49,
  0x01,0xDB,0x01,0x6D,0x05,0x00,0x01,0xB6,0x01,0xFF,0x01,0xB6,0x06,0x00,0x01,0x92,
  0x05,0x00,0x01,0x92,0x06,0x00,0x01,0x24,0x06,0xFF,0x01,0xDB,0x03,0x00,0x01,0x92,
  0x01,0xFF,0x01,0x92,0x04,0x00,0x01,0x49,0x01,0xFF,0x0B,0x00,0x03,0xFF,0x44,0x00,
  0x01,0x24,0x05,0x00,0x01,0x24,0x45,0x00,0x01,0x49,0x01,0xB6,0x01,0x24,0x28,0x00,
  0x01,0x49,0x4B,0x00,0x01,0x49,0x01,0xB6,0x01,0x24,0xFF,0x00,0xFF,0x00,0xFF,0x00,
  0xFF,0x00,0xFF,0x00,0xFF,0x00,0xFF,0x00,0xFF,0x00,0xFF,0x00,0xFF,0x00,0xFF,0x00,
  0xFF,0x00,0xFF,0x00,0xA0,0x00,0x01,0x2C,0xFF,0x00,0x3F,0x00,0x01,0x04,0x01,0x7D,
  0x03,0x59,0x01,0x31,0x03,0x00,0x01,0x55,0x01,0x5D,0x01,0x08,0x01,0x00,0x02,0x28,
  0x04,0x00,0x01,0x04,0x05,0x00,0x01,0x04,0xDD,0x00,0x01,0x28,0x01,0x04,0x06,0x00,
  0x01,0x55,0x01,0x31,0x1D,0x00,0x01,0x08,0x01,0x31,0x09,0x00,0x01,0x55,0x01,0x31,
  0x04,0x00,0x01,0x08,0x01,0x04,0x04,0x00,0x01,0x28,0x01,0x04,0x09,0x00,0x01,0x08,
  0x01,0x59,0x06,0x00,0x01,0x59,0x01,0x00,0x01,0x2C,0x01,0x51,0x01,0x00,0x01,0x55,
  0x05,0x00,0x01,0x59,0x01,0x5D,0x01,0x2C,0x03,0x00,0x01,0x59,0x01,0x5D,0x01,0x2C,
  0x06,0x00,0x01,0x51,0x01,0x31,0x04,0x00,0x01,0x08,0x01,0x04,0x04,0x00,0x01,0x55,
  0x01,0x31,0x05,0x00,0x01,0x55,0x14,0x00,0x01,0x08,0x01,0x04,0x04,0x00,0x01,0x28,
  0x01,0x04,0xA4,0x00,0x01,0x04,0x04,0x7D,0x01,0x59,0x01,0x04,0x02,0x00,0x01,0x59,
  0x01,0x7D,0x01,0x59,0x03,0x00,0x01,0x59,0x01,0x2C,0x02,0x00,0x01,0x2C,0x01,0x59,
  0x01,0x7D,0x01,0x51,0x11,0x00,0x01,0x59,0x06,0x7D,0x01,0x55,0x03,0x00,0x01,0x59,
  0x01,0x7D,0x01,0x59,0x03,0x00,0x01,0x5D,0x01,0x7D,0x01,0x2C,0x02,0x00,0x01,0x04,
  0x04,0x7D,0x01,0x59,0x01,0x04,0x05,0x00,0x01,0x08,0x01,0x59,0x06,0x00,0x01,0x7D,
  0x01,0x04,0x02,0x2C,0x01,0x31,0x01,0x04,0x05,0x00,0x01,0x04,0x01,0x59,0x01,0x7D,
  0x01,0x55,0x02,0x00,0x01,0x04,0x01,0x59,0x01,0x7D,0x01,0x55,0x04,0x00,0x01,0x04,
  0x01,0x59,0x01,0x7D,0x01,0x59,0x03,0x00,0x01,0x5D,0x01,0x7D,0x01,0x2C,0x03,0x00,
  0x01,0x59,0x01,0x7D,0x01,0x59,0x03,0x00,0x01,0x55,0x07,0x7D,0x01,0x2C,0x02,0x00,
  0x01,0x59,0x01,0x2C,0x02,0x00,0x01,0x2C,0x01,0x59,0x01,0x7D,0x01,0x51,0x03,0x00,
  0x01,0x5D,0x01,0x7D,0x01,0x2C,0x02,0x00,0x01,0x04,0x04,0x7D,0x01,0x59,0x01,0x04,
  0xA0,0x00,0x01,0x04,0x04,0x2C,0x01,0x59,0x01,0x2D,0x03,0x00,0x01,0x31,0x01,0x7D,
  0x01,0x31,0x02,0x00,0x01,0x59,0x01,0x55,0x01,0x00,0x01,0x08,0x01,0x55,0x01,0x2C,
  0x01,0x31,0x01,0x7D,0x01,0x31,0x05,0x00,0x06,0x59,0x01,0x28,0x04,0x00,0x02,0x55,
  0x05,0x2C,0x01,0x7D,0x01,0x2C,0x03,0x00,0x01,0x31,0x01,0x7D,0x01,0x31,0x02,0x00,
  0x01,0x28,0x01,0x59,0x01,0x7D,0x01,0x51,0x01,0x00,0x01,0x04,0x04,0x2C,0x01,0x59,
  0x01,0x2D,0x05,0x00,0x01,0x04,0x01,0x59,0x06,0x00,0x01,0x2C,0x01,0x59,0x01,0x31,
  0x01,0x04,0x01,0x31,0x07,0x00,0x01,0x59,0x01,0x31,0x01,0x59,0x03,0x00,0x01,0x59,
  0x01,0x31,0x01,0x59,0x06,0x00,0x01,0x31,0x01,0x7D,0x01,0x31,0x02,0x00,0x01,0x28,
  0x01,0x59,0x01,0x7D,0x01,0x51,0x03,0x00,0x01,0x31,0x01,0x7D,0x01,0x31,0x02,0x00,
  0x01,0x08,0x01,0x7D,0x01,0x31,0x04,0x2C,0x01,0x59,0x01,0x55,0x02,0x00,0x01,0x59,
  0x01,0x55,0x01,0x00,0x01,0x08,0x01,0x55,0x01,0x2C,0x01,0x31,0x01,0x7D,0x01,0x31,
  0x02,0x00,0x01,0x28,0x01,0x59,0x01,0x7D,0x01,0x51,0x01,0x00,0x01,0x04,0x04,0x2C,
  0x01,0x59,0x01,0x2D,0x0B,0x00,0x03,0x7D,0x97,0x00,0x01,0x2C,0x01,0x31,0x04,0x00,
  0x01,0x51,0x01,0x55,0x02,0x00,0x01,0x28,0x01,0x7D,0x05,0x00,0x01,0x28,0x01,0x5D,
  0x10,0x00,0x01,0x31,0x01,0x2C,0x05,0x00,0x02,0x31,0x04,0x00,0x01,0x51,0x01,0x55,
  0x04,0x00,0x01,0x59,0x01,0x7D,0x06,0x00,0x01,0x2C,0x01,0x31,0x05,0x00,0x01,0x04,
  0x02,0x5D,0x01,0x59,0x01,0x31,0x06,0x00,0x01,0x55,0x01,0x2C,0x01,0x31,0x05,0x00,
  0x01,0x04,0x01,0x55,0x04,0x00,0x01,0x04,0x01,0x55,0x09,0x00,0x01,0x51,0x01,0x55,
  0x04,0x00,0x01,0x59,0x01,0x7D,0x04,0x00,0x01,0x51,0x01,0x55,0x03,0x00,0x01,0x7D,
  0x01,0x04,0x04,0x00,0x01,0x2C,0x01,0x51,0x02,0x00,0x01,0x28,0x01,0x7D,0x05,0x00,
  0x01,0x28,0x01,0x5D,0x04,0x00,0x01,0x59,0x01,0x7D,0x06,0x00,0x01,0x2C,0x01,0x31,
  0x0A,0x00,0x05,0x7D,0x96,0x00,0x01,0x2C,0x01,0x51,0x04,0x00,0x01,0x2C,0x01,0x55,
  0x03,0x00,0x01,0x7D,0x01,0x08,0x05,0x00,0x01,0x5D,0x10,0x00,0x01,0x31,0x01,0x2C,
  0x05,0x00,0x01,0x2C,0x01,0x51,0x04,0x00,0x01,0x2C,0x01,0x55,0x04,0x00,0x01,0x31,
  0x01,0x55,0x06,0x00,0x01,0x2C,0x01,0x51,0x08,0x00,0x01,0x04,0x01,0x59,0x01,0x55,
  0x04,0x00,0x01,0x28,0x02,0x55,0x01,0x7D,0x01,0x2C,0x04,0x00,0x01,0x04,0x01,0x7D,
  0x04,0x00,0x01,0x04,0x01,0x7D,0x09,0x00,0x01,0x2C,0x01,0x55,0x04,0x00,0x01,0x31,
  0x01,0x55,0x04,0x00,0x01,0x2C,0x01,0x55,0x03,0x00,0x01,0x7D,0x01,0x04,0x04,0x00,
  0x01,0x2C,0x01,0x28,0x03,0x00,0x01,0x7D,0x01,0x08,0x05,0x00,0x01,0x5D,0x04,0x00,
  0x01,0x31,0x01,0x55,0x06,0x00,0x01,0x2C,0x01,0x51,0x09,0x00,0x07,0x7D,0x95,0x00,
  0x01,0x2C,0x01,0x55,0x04,0x00,0x01,0x2C,0x01,0x55,0x03,0x00,0x01,0x55,0x01,0x2C,
  0x04,0x00,0x01,0x04,0x01,0x31,0x05,0x00,0x06,0x59,0x01,0x28,0x04,0x00,0x02,0x31,
  0x05,0x00,0x01,0x2C,0x01,0x55,0x04,0x00,0x01,0x2C,0x01,0x55,0x04,0x00,0x01,0x59,
  0x01,0x04,0x06,0x00,0x01,0x2C,0x01,0x55,0x09,0x00,0x01,0x28,0x01,0x7D,0x04,0x00,
  0x01,0x55,0x01,0x59,0x01,0x00,0x02,0x31,0x05,0x00,0x01,0x55,0x01,0x2C,0x04,0x00,
  0x01,0x55,0x01,0x2C,0x08,0x00,0x01,0x28,0x01,0x55,0x04,0x00,0x01,0x59,0x01,0x04,
  0x04,0x00,0x01,0x2C,0x01,0x55,0x03,0x00,0x01,0x59,0x01,0x08,0x04,0x00,0x01,0x55,
  0x04,0x00,0x01,0x55,0x01,0x2C,0x04,0x00,0x01,0x04,0x01,0x31,0x04,0x00,0x01,0x59,
  0x01,0x04,0x06,0x00,0x01,0x2C,0x01,0x55,0x09,0x00,0x07,0x7D,0x95,0x00,0x01,0x28,
  0x01,0x55,0x04,0x00,0x01,0x2C,0x01,0x55,0x03,0x00,0x01,0x2C,0x01,0x55,0x04,0x00,
  0x01,0x55,0x11,0x00,0x01,0x2D,0x01,0x31,0x05,0x00,0x01,0x2C,0x01,0x51,0x04,0x00,
  0x01,0x2C,0x01,0x55,0x03,0x00,0x02,0x28,0x07,0x00,0x01,0x28,0x01,0x55,0x09,0x00,
  0x01,0x08,0x01,0x55,0x03,0x00,0x01,0x31,0x01,0x08,0x01,0x59,0x01,0x00,0x02,0x2C,
  0x05,0x00,0x01,0x28,0x01,0x5D,0x04,0x00,0x01,0x28,0x01,0x5D,0x08,0x00,0x01,0x28,
  0x01,0x59,0x03,0x00,0x02,0x28,0x05,0x00,0x01,0x2C,0x01,0x55,0x03,0x00,0x01,0x59,
  0x01,0x08,0x03,0x00,0x01,0x2C,0x01,0x28,0x04,0x00,0x01,0x2C,0x01,0x55,0x04,0x00,
  0x01,0x55,0x04,0x00,0x02,0x28,0x07,0x00,0x01,0x28,0x01,0x55,0x09,0x00,0x07,0x7D,
  0x91,0x00,0x01,0x08,0x03,0x2C,0x01,0x51,0x01,0x59,0x01,0x28,0x03,0x00,0x01,0x2C,
  0x01,0x55,0x03,0x00,0x01,0x04,0x01,0x7D,0x02,0x2C,0x01,0x31,0x01,0x59,0x01,0x08,
  0x11,0x00,0x01,0x2C,0x01,0x59,0x05,0x2C,0x01,0x51,0x01,0x2C,0x04,0x00,0x01,0x2C,
  0x01,0x55,0x08,0x00,0x01,0x08,0x03,0x2C,0x01,0x51,0x01,0x59,0x01,0x28,0x05,0x00,
  0x01,0x04,0x02,0x00,0x01,0x55,0x01,0x04,0x02,0x00,0x01,0x04,0x01,0x31,0x01,0x00,
  0x01,0x7D,0x01,0x04,0x01,0x2C,0x07,0x00,0x01,0x59,0x01,0x2C,0x04,0x00,0x01,0x59,
  0x01,0x2C,0x07,0x00,0x01,0x08,0x01,0x59,0x0A,0x00,0x01,0x2C,0x01,0x55,0x03,0x00,
  0x01,0x59,0x01,0x08,0x01,0x00,0x01,0x2C,0x01,0x59,0x01,0x31,0x05,0x00,0x01,0x04,
  0x01,0x7D,0x02,0x2C,0x01,0x31,0x01,0x59,0x01,0x08,0x09,0x00,0x01,0x08,0x03,0x2C,
  0x01,0x51,0x01,0x59,0x01,0x28,0x09,0x00,0x05,0x7D,0x91,0x00,0x01,0x04,0x06,0x7D,
  0x01,0x2C,0x03,0x00,0x01,0x28,0x01,0x2C,0x04,0x00,0x01,0x31,0x01,0x7D,0x01,0x59,
  0x01,0x31,0x13,0x00,0x01,0x04,0x01,0x59,0x05,0x7D,0x01,0x59,0x05,0x00,0x01,0x28,
  0x01,0x2C,0x07,0x00,0x01,0x04,0x06,0x7D,0x01,0x2C,0x04,0x00,0x01,0x2D,0x01,0x5D,
  0x01,0x59,0x01,0x55,0x01,0x04,0x03,0x00,0x01,0x51,0x02,0x00,0x01,0x2C,0x01,0x59,
  0x01,0x2C,0x07,0x00,0x01,0x04,0x01,0x28,0x04,0x00,0x01,0x04,0x01,0x28,0x07,0x00,
  0x01,0x08,0x01,0x59,0x0A,0x00,0x01,0x28,0x01,0x2C,0x03,0x00,0x01,0x59,0x02,0x08,
  0x01,0x55,0x01,0x04,0x07,0x00,0x01,0x31,0x01,0x7D,0x01,0x59,0x01,0x31,0x0A,0x00,
  0x01,0x04,0x06,0x7D,0x01,0x2C,0x0A,0x00,0x03,0x7D,0xFF,0x00,0x01,0x00,0x01,0x08,
  0x01,0x59,0x0F,0x00,0x01,0x55,0x01,0x08,0xFF,0x00,0x2E,0x00,0x01,0x04,0x01,0x59,
  0x0F,0x00,0x01,0x55,0x01,0x04,0xFF,0x00,0x2E,0x00,0x01,0x04,0x01,0x31,0x0F,0x00,
  0x01,0x51,0xFF,0x00,0xFF,0x00,0xFF,0x00,0xFF,0x00,0xFF,0x00,0xFF,0x00,0xFF,0x00,
  0xFF,0x00,0xFF,0x00,0xFF,0x00,0xC3,0x00,0x01,0x04,0x01,0x55,0xFF,0x00,0x3F,0x00,
  0x01,0x08,0x01,0x5D,0x51,0x00,0x01,0x08,0x01,0x59,0x01,0x7D,0x01,0x55,0x01,0x04,
  0x03,0x00,0x01,0x55,0x01,0x5D,0x01,0x08,0x01,0x00,0x02,0x28,0x04,0x00,0x01,0x04,
  0x05,0x00,0x01,0x04,0x28,0x00,0x01,0x04,0xA2,0x00,0x01,0x2C,0x08,0x00,0x01,0x04,
  0x01,0x7D,0x07,0x00,0x01,0x55,0x01,0x31,0x04,0x00,0x01,0x59,0x01,0x28,0x03,0x00,
  0x01,0x59,0x03,0x00,0x01,0x04,0x17,0x00,0x01,0x08,0x01,0x31,0x09,0x00,0x01,0x55,
  0x01,0x31,0x04,0x00,0x01,0x08,0x01,0x04,0x04,0x00,0x01,0x28,0x01,0x04,0x09,0x00,
  0x01,0x28,0x01,0x55,0x02,0x00,0x01,0x2C,0x01,0x7D,0x01,0x04,0x01,0x00,0x01,0x59,
  0x01,0x00,0x01,0x2C,0x01,0x51,0x01,0x00,0x01,0x55,0x05,0x00,0x01,0x59,0x01,0x5D,
  0x01,0x2C,0x03,0x00,0x01,0x59,0x01,0x5D,0x01,0x2C,0x06,0x00,0x01,0x08,0x01,0x31,
  0x09,0x00,0x01,0x55,0x01,0x31,0x04,0x00,0x01,0x08,0x01,0x04,0x04,0x00,0x01,0x08,
  0x01,0x04,0x06,0x00,0x01,0x28,0x01,0x55,0x09,0x00,0x01,0x55,0x01,0x2C,0x05,0x00,
  0x01,0x55,0x90,0x00,0x01,0x55,0x05,0x7D,0x01,0x5D,0x01,0x2C,0x03,0x00,0x05,0x7D,
  0x01,0x59,0x02,0x00,0x01,0x59,0x01,0x7D,0x01,0x59,0x03,0x00,0x01,0x59,0x01,0x55,
  0x03,0x00,0x01,0x7D,0x01,0x08,0x01,0x00,0x01,0x55,0x01,0x59,0x02,0x00,0x01,0x31,
  0x01,0x7D,0x01,0x59,0x01,0x04,0x11,0x00,0x01,0x59,0x06,0x7D,0x01,0x55,0x03,0x00,
  0x01,0x59,0x01,0x7D,0x01,0x59,0x03,0x00,0x01,0x5D,0x01,0x7D,0x01,0x2C,0x02,0x00,
  0x01,0x04,0x04,0x7D,0x01,0x59,0x01,0x04,0x05,0x00,0x01,0x59,0x01,0x04,0x03,0x00,
  0x01,0x59,0x01,0x31,0x01,0x00,0x01,0x7D,0x01,0x04,0x02,0x2C,0x01,0x31,0x01,0x04,
  0x05,0x00,0x01,0x04,0x01,0x59,0x01,0x7D,0x01,0x55,0x02,0x00,0x01,0x04,0x01,0x59,
  0x01,0x7D,0x01,0x55,0x05,0x00,0x01,0x59,0x06,0x7D,0x01,0x55,0x03,0x00,0x01,0x59,
  0x01,0x7D,0x01,0x59,0x03,0x00,0x01,0x5D,0x01,0x7D,0x01,0x2C,0x03,0x00,0x01,0x5D,
  0x03,0x7D,0x01,0x55,0x03,0x00,0x01,0x59,0x06,0x7D,0x01,0x31,0x03,0x00,0x01,0x55,
  0x01,0x7D,0x01,0x55,0x03,0x00,0x01,0x2C,0x01,0x7D,0x01,0x04,0x8F,0x00,0x01,0x28,
  0x05,0x2C,0x01,0x55,0x01,0x7D,0x03,0x00,0x01,0x28,0x04,0x2C,0x01,0x7D,0x01,0x28,
  0x02,0x00,0x01,0x31,0x01,0x7D,0x01,0x31,0x02,0x00,0x01,0x2C,0x01,0x7D,0x03,0x00,
  0x01,0x59,0x01,0x28,0x01,0x00,0x01,0x31,0x01,0x7D,0x01,0x08,0x02,0x31,0x01,0x2C,
  0x02,0x59,0x06,0x00,0x06,0x59,0x01,0x28,0x04,0x00,0x02,0x55,0x05,0x2C,0x01,0x7D,
  0x01,0x2C,0x03,0x00,0x01,0x31,0x01,0x7D,0x01,0x31,0x02,0x00,0x01,0x28,0x01,0x59,
  0x01,0x7D,0x01,0x51,0x01,0x00,0x01,0x04,0x04,0x2C,0x01,0x59,0x01,0x2D,0x05,0x00,
  0x01,0x7D,0x01,0x28,0x03,0x00,0x01,0x59,0x01,0x31,0x01,0x00,0x01,0x2C,0x01,0x59,
  0x01,0x31,0x01,0x04,0x01,0x31,0x07,0x00,0x01,0x59,0x01,0x31,0x01,0x59,0x03,0x00,
  0x01,0x59,0x01,0x31,0x01,0x59,0x05,0x00,0x02,0x55,0x05,0x2C,0x01,0x7D,0x01,0x2C,
  0x03,0x00,0x01,0x31,0x01,0x7D,0x01,0x31,0x02,0x00,0x01,0x28,0x01,0x59,0x01,0x7D,
  0x01,0x51,0x01,0x00,0x01,0x04,0x04,0x2C,0x01,0x5D,0x01,0x55,0x02,0x00,0x01,0x28,
  0x01,0x55,0x01,0x59,0x03,0x28,0x01,0x31,0x01,0x7D,0x01,0x04,0x03,0x00,0x01,0x2C,
  0x01,0x7D,0x01,0x55,0x02,0x00,0x01,0x04,0x01,0x7D,0x0C,0x00,0x03,0x7D,0x82,0x00,
  0x01,0x28,0x05,0x00,0x01,0x7D,0x01,0x04,0x07,0x00,0x01,0x59,0x01,0x28,0x03,0x00,
  0x01,0x51,0x01,0x55,0x03,0x00,0x01,0x59,0x01,0x28,0x02,0x00,0x01,0x55,0x01,0x2C,
  0x02,0x00,0x01,0x7D,0x01,0x55,0x01,0x2C,0x03,0x00,0x01,0x5D,0x01,0x28,0x10,0x00,
  0x01,0x31,0x01,0x2C,0x05,0x00,0x02,0x31,0x04,0x00,0x01,0x51,0x01,0x55,0x04,0x00,
  0x01,0x59,0x01,0x7D,0x06,0x00,0x01,0x2C,0x01,0x31,0x05,0x00,0x01,0x55,0x01,0x59,
  0x01,0x04,0x01,0x00,0x01,0x28,0x01,0x7D,0x01,0x04,0x04,0x00,0x01,0x55,0x01,0x2C,
  0x01,0x31,0x05,0x00,0x01,0x04,0x01,0x55,0x04,0x00,0x01,0x04,0x01,0x55,0x07,0x00,
  0x01,0x31,0x01,0x2C,0x05,0x00,0x02,0x31,0x04,0x00,0x01,0x51,0x01,0x55,0x04,0x00,
  0x01,0x59,0x01,0x7D,0x06,0x00,0x01,0x28,0x01,0x7D,0x03,0x00,0x01,0x28,0x01,0x59,
  0x04,0x00,0x01,0x59,0x01,0x08,0x03,0x00,0x01,0x08,0x01,0x55,0x01,0x5D,0x01,0x59,
  0x01,0x00,0x01,0x04,0x01,0x59,0x0B,0x00,0x05,0x7D,0x81,0x00,0x01,0x7D,0x05,0x00,
  0x01,0x59,0x01,0x04,0x07,0x00,0x01,0x59,0x04,0x00,0x01,0x2C,0x01,0x55,0x03,0x00,
  0x01,0x31,0x01,0x51,0x02,0x00,0x01,0x51,0x01,0x08,0x02,0x00,0x01,0x55,0x01,0x59,
  0x04,0x00,0x01,0x51,0x01,0x31,0x10,0x00,0x01,0x31,0x01,0x2C,0x05,0x00,0x01,0x2C,
  0x01,0x51,0x04,0x00,0x01,0x2C,0x01,0x55,0x04,0x00,0x01,0x31,0x01,0x55,0x06,0x00,
  0x01,0x2C,0x01,0x51,0x06,0x00,0x01,0x31,0x02,0x59,0x01,0x7D,0x01,0x55,0x04,0x00,
  0x01,0x28,0x02,0x55,0x01,0x7D,0x01,0x2C,0x04,0x00,0x01,0x04,0x01,0x7D,0x04,0x00,
  0x01,0x04,0x01,0x7D,0x07,0x00,0x01,0x31,0x01,0x2C,0x05,0x00,0x01,0x2C,0x01,0x51,
  0x04,0x00,0x01,0x2C,0x01,0x55,0x04,0x00,0x01,0x31,0x01,0x55,0x07,0x00,0x01,0x7D,
  0x01,0x04,0x03,0x00,0x01,0x7D,0x04,0x00,0x01,0x55,0x01,0x28,0x03,0x00,0x01,0x59,
  0x01,0x00,0x01,0x04,0x02,0x59,0x01,0x51,0x01,0x08,0x0A,0x00,0x07,0x7D,0x80,0x00,
  0x01,0x7D,0x05,0x00,0x01,0x59,0x01,0x08,0x06,0x00,0x01,0x04,0x01,0x31,0x04,0x00,
  0x01,0x2C,0x01,0x55,0x03,0x00,0x01,0x04,0x01,0x59,0x02,0x00,0x01,0x55,0x03,0x00,
  0x01,0x55,0x01,0x2C,0x04,0x00,0x01,0x2C,0x01,0x51,0x05,0x00,0x06,0x59,0x01,0x28,
  0x04,0x00,0x02,0x31,0x05,0x00,0x01,0x2C,0x01,0x55,0x04,0x00,0x01,0x2C,0x01,0x55,
  0x04,0x00,0x01,0x59,0x01,0x04,0x06,0x00,0x01,0x2C,0x01,0x55,0x08,0x00,0x01,0x31,
  0x01,0x5D,0x05,0x00,0x01,0x55,0x01,0x59,0x01,0x00,0x02,0x31,0x05,0x00,0x01,0x55,
  0x01,0x2C,0x04,0x00,0x01,0x55,0x01,0x2C,0x06,0x00,0x02,0x31,0x05,0x00,0x01,0x2C,
  0x01,0x55,0x04,0x00,0x01,0x2C,0x01,0x55,0x04,0x00,0x01,0x59,0x01,0x04,0x07,0x00,
  0x01,0x59,0x01,0x08,0x03,0x00,0x01,0x59,0x01,0x04,0x03,0x00,0x01,0x55,0x01,0x28,
  0x02,0x00,0x01,0x04,0x01,0x59,0x03,0x00,0x01,0x59,0x01,0x5D,0x0B,0x00,0x07,0x7D,
  0x80,0x00,0x01,0x7D,0x05,0x00,0x01,0x55,0x01,0x08,0x05,0x00,0x01,0x04,0x01,0x55,
  0x05,0x00,0x01,0x2C,0x01,0x55,0x04,0x00,0x01,0x5D,0x01,0x28,0x01,0x59,0x01,0x2C,
  0x03,0x00,0x01,0x59,0x01,0x04,0x04,0x00,0x01,0x28,0x01,0x51,0x10,0x00,0x01,0x2D,
  0x01,0x31,0x05,0x00,0x01,0x2C,0x01,0x51,0x04,0x00,0x01,0x2C,0x01,0x55,0x03,0x00,
  0x02,0x28,0x07,0x00,0x01,0x28,0x01,0x55,0x07,0x00,0x01,0x08,0x01,0x7D,0x01,0x28,
  0x04,0x00,0x01,0x31,0x01,0x08,0x01,0x59,0x01,0x00,0x02,0x2C,0x05,0x00,0x01,0x28,
  0x01,0x5D,0x04,0x00,0x01,0x28,0x01,0x5D,0x06,0x00,0x01,0x2D,0x01,0x31,0x05,0x00,
  0x01,0x2C,0x01,0x51,0x04,0x00,0x01,0x2C,0x01,0x55,0x03,0x00,0x02,0x28,0x08,0x00,
  0x01,0x59,0x01,0x08,0x03,0x00,0x01,0x51,0x01,0x28,0x03,0x00,0x01,0x51,0x01,0x2C,
  0x02,0x00,0x01,0x2C,0x01,0x55,0x04,0x00,0x02,0x59,0x0A,0x00,0x07,0x7D,0x80,0x00,
  0x01,0x7D,0x05,0x00,0x01,0x55,0x01,0x08,0x03,0x00,0x01,0x2C,0x01,0x55,0x01,0x5D,
  0x01,0x04,0x05,0x00,0x01,0x2C,0x01,0x55,0x03,0x00,0x01,0x04,0x01,0x59,0x01,0x5D,
  0x01,0x28,0x04,0x00,0x01,0x59,0x01,0x00,0x01,0x04,0x03,0x2C,0x01,0x31,0x01,0x2C,
  0x10,0x00,0x01,0x2C,0x01,0x59,0x05,0x2C,0x01,0x51,0x01,0x2C,0x04,0x00,0x01,0x2C,
  0x01,0x55,0x08,0x00,0x01,0x08,0x03,0x2C,0x01,0x51,0x01,0x59,0x01,0x28,0x06,0x00,
  0x01,0x59,0x01,0x31,0x04,0x00,0x01,0x04,0x01,0x31,0x01,0x00,0x01,0x7D,0x01,0x04,
  0x01,0x2C,0x07,0x00,0x01,0x59,0x01,0x2C,0x04,0x00,0x01,0x59,0x01,0x2C,0x05,0x00,
  0x01,0x2C,0x01,0x59,0x05,0x2C,0x01,0x51,0x01,0x2C,0x04,0x00,0x01,0x2C,0x01,0x55,
  0x0D,0x00,0x01,0x55,0x01,0x08,0x01,0x00,0x01,0x04,0x01,0x28,0x01,0x55,0x01,0x04,
  0x03,0x00,0x01,0x31,0x01,0x28,0x02,0x00,0x01,0x28,0x01,0x7D,0x01,0x2C,0x03,0x00,
  0x01,0x04,0x01,0x5D,0x01,0x55,0x0A,0x00,0x05,0x7D,0x81,0x00,0x01,0x31,0x05,0x00,
  0x01,0x31,0x03,0x00,0x01,0x08,0x01,0x55,0x01,0x2C,0x07,0x00,0x01,0x28,0x01,0x2C,
  0x02,0x00,0x01,0x55,0x01,0x7D,0x01,0x31,0x05,0x00,0x01,0x28,0x01,0x2C,0x01,0x00,
  0x01,0x59,0x03,0x7D,0x01,0x59,0x11,0x00,0x01,0x04,0x01,0x59,0x05,0x7D,0x01,0x59,
  0x05,0x00,0x01,0x28,0x01,0x2C,0x07,0x00,0x01,0x04,0x06,0x7D,0x01,0x2C,0x05,0x00,
  0x02,0x2C,0x05,0x00,0x01,0x51,0x02,0x00,0x01,0x2C,0x01,0x59,0x01,0x2C,0x07,0x00,
  0x01,0x04,0x01,0x28,0x04,0x00,0x01,0x04,0x01,0x28,0x05,0x00,0x01,0x04,0x01,0x59,
  0x05,0x7D,0x01,0x59,0x05,0x00,0x01,0x28,0x01,0x2C,0x0D,0x00,0x01,0x31,0x02,0x00,
  0x02,0x7D,0x01,0x59,0x04,0x00,0x01,0x2C,0x03,0x00,0x01,0x31,0x01,0x7D,0x01,0x31,
  0x04,0x00,0x01,0x04,0x01,0x59,0x0B,0x00,0x03,0x7D,0x99,0x00,0x01,0x08,0x01,0x51,
  0x01,0x04,0x06,0x00,0x01,0x28,0xFF,0x00,0xFF,0x00,0xFF,0x00,0xFF,0x00,0xFF,0x00,
  0xFF,0x00,0xFF,0x00,0xFF,0x00,0xFF,0x00,0xFF,0x00,0xFF,0x00,0xFF,0x00,0xFF,0x00,
  0xFF,0x00,0xFF,0x00,0xFF,0x00,0xBF,0x00,0x01,0x29,0x07,0x00,0x01,0x52,0x01,0x4E,
  0x04,0x00,0x01,0x53,0x01,0x04,0x02,0x00,0x01,0x77,0x02,0x00,0x02,0x29,0x02,0x00,
  0x01,0x25,0x06,0x00,0x01,0x29,0xFF,0x00,0x20,0x00,0x04,0x7B,0x01,0x77,0x03,0x00,
  0x01,0x77,0x01,0x7B,0x01,0x77,0x03,0x00,0x01,0x77,0x01,0x4E,0x01,0x00,0x01,0x29,
  0x01,0x7B,0x01,0x04,0x01,0x00,0x01,0x77,0x01,0x4E,0x02,0x00,0x01,0x77,0x01,0x7B,
  0x01,0x2D,0x03,0x00,0x01,0x29,0x04,0x7B,0x01,0x77,0x01,0x4E,0xFF,0x00,0x1B,0x00,
  0x04,0x29,0x01,0x77,0x01,0x4E,0x03,0x00,0x01,0x4E,0x01,0x7B,0x01,0x4E,0x02,0x00,
  0x01,0x4E,0x01,0x77,0x02,0x00,0x01,0x7B,0x02,0x00,0x02,0x52,0x02,0x00,0x01,0x29,
  0x01,0x77,0x01,0x7B,0x01,0x52,0x02,0x00,0x01,0x52,0x01,0x77,0x03,0x29,0x01,0x4E,
  0x01,0x7B,0x01,0x52,0xFF,0x00,0x1E,0x00,0x01,0x2D,0x01,0x4E,0x04,0x00,0x02,0x52,
  0x02,0x00,0x01,0x04,0x01,0x7B,0x02,0x00,0x01,0x77,0x02,0x00,0x02,0x4E,0x04,0x00,
  0x01,0x77,0x01,0x7B,0x02,0x00,0x01,0x29,0x01,0x77,0x04,0x00,0x01,0x29,0x01,0x7B,
  0xFF,0x00,0x15,0x00,0x01,0x52,0x01,0x53,0x07,0x00,0x01,0x29,0x01,0x52,0x04,0x00,
  0x01,0x2E,0x01,0x52,0x03,0x00,0x01,0x77,0x01,0x29,0x01,0x52,0x01,0x29,0x02,0x00,
  0x01,0x4E,0x01,0x29,0x04,0x00,0x01,0x4E,0x01,0x52,0x02,0x00,0x01,0x25,0x01,0x7B,
  0x05,0x00,0x01,0x77,0x01,0x29,0xFF,0x00,0x14,0x00,0x02,0x29,0x07,0x00,0x01,0x29,
  0x01,0x52,0x04,0x00,0x01,0x29,0x01,0x52,0x03,0x00,0x01,0x52,0x01,0x77,0x01,0x29,
  0x03,0x00,0x01,0x53,0x05,0x00,0x01,0x77,0x01,0x04,0x02,0x00,0x01,0x04,0x01,0x7B,
  0x05,0x00,0x01,0x52,0x01,0x4E,0xFF,0x00,0x1D,0x00,0x01,0x29,0x01,0x52,0x04,0x00,
  0x01,0x29,0x01,0x52,0x03,0x00,0x01,0x2E,0x01,0x52,0x03,0x00,0x01,0x4E,0x01,0x29,
  0x04,0x00,0x02,0x29,0x03,0x00,0x01,0x04,0x01,0x7B,0x05,0x00,0x02,0x4E,0xFF,0x00,
  0x14,0x00,0x01,0x29,0x01,0x25,0x03,0x00,0x01,0x25,0x03,0x29,0x01,0x4E,0x01,0x77,
  0x01,0x29,0x03,0x00,0x01,0x29,0x01,0x52,0x03,0x00,0x01,0x05,0x01,0x7B,0x01,0x2D,
  0x01,0x4E,0x01,0x77,0x01,0x4E,0x0B,0x00,0x01,0x7B,0x05,0x00,0x01,0x29,0x01,0x4E,
  0xFF,0x00,0x14,0x00,0x01,0x53,0x01,0x77,0x02,0x00,0x01,0x04,0x06,0x7B,0x01,0x29,
  0x03,0x00,0x02,0x29,0x04,0x00,0x01,0x52,0x01,0x77,0x01,0x53,0x01,0x29,0x0C,0x00,
  0x01,0x73,0x05,0x00,0x01,0x29,0x01,0x2E,0xFF,0x00,0x39,0x00,0x01,0x04,0x05,0x00,
  0x01,0x04,0xFF,0x00,0xFF,0x00,0xFF,0x00,0xFF,0x00,0xFF,0x00,0xFF,0x00,0xFF,0x00,
  0xFF,0x00,0xFF,0x00,0xFF,0x00,0xFF,0x00,0xFF,0x00,0xFF,0x00,0x51,0x00,0x01,0x24,
  0x31,0x00,0x01,0x6D,0x19,0x00,0x01,0x24,0x08,0x00,0x01,0x24,0x19,0x00,0x01,0x6D,
  0xB0,0x00,0x01,0x49,0x01,0x6D,0x06,0x00,0x01,0x6D,0x01,0x92,0x01,0x6D,0x05,0x00,
  0x01,0x6D,0x01,0x92,0x01,0x6D,0x05,0x00,0x01,0x6D,0x01,0x92,0x01,0x6D,0x04,0x00,
  0x01,0x24,0x01,0x6D,0x02,0x92,0x01,0x24,0x2D,0x00,0x01,0x24,0x01,0x92,0x0B,0x00,
  0x01,0x6D,0x01,0x92,0x01,0x6D,0x01,0x24,0x09,0x00,0x01,0x24,0x04,0x92,0x01,0x49,
  0x03,0x00,0x01,0x24,0x01,0x6D,0x02,0x92,0x01,0x24,0x15,0x00,0x01,0x24,0x01,0x92,
  0xAF,0x00,0x01,0x6D,0x02,0x92,0x05,0x00,0x01,0x6D,0x02,0x00,0x02,0x6D,0x03,0x00,
  0x01,0x6D,0x02,0x00,0x02,0x6D,0x03,0x00,0x01,0x6D,0x02,0x00,0x02,0x6D,0x02,0x00,
  0x02,0x24,0x01,0x49,0x09,0x00,0x01,0x24,0x0A,0x00,0x01,0x6D,0x0A,0x00,0x01,0x49,
  0x09,0x00,0x01,0x6D,0x01,0x24,0x03,0x00,0x01,0x92,0x02,0x00,0x01,0x92,0x0B,0x00,
  0x01,0x49,0x01,0x6D,0x02,0x92,0x01,0x24,0x08,0x00,0x01,0x24,0x01,0x92,0x06,0x00,
  0x02,0x24,0x01,0x49,0x08,0x00,0x01,0x24,0x01,0x6D,0x09,0x00,0x01,0x6D,0x01,0x49,
  0x04,0x00,0x01,0x92,0x07,0x00,0x01,0x6D,0x01,0x24,0x03,0x00,0x01,0x92,0xA3,0x00,
  0x01,0x6D,0x01,0x92,0x04,0x00,0x01,0x49,0x01,0x6D,0x03,0x00,0x01,0x92,0x01,0x24,
  0x01,0x00,0x01,0x49,0x01,0x6D,0x03,0x00,0x01,0x92,0x01,0x24,0x01,0x00,0x01,0x49,
  0x01,0x6D,0x03,0x00,0x01,0x92,0x01,0x24,0x01,0x00,0x01,0x92,0x01,0x00,0x01,0x49,
  0x08,0x00,0x01,0x6D,0x06,0x92,0x01,0x24,0x03,0x00,0x01,0x6D,0x07,0x92,0x01,0x49,
  0x02,0x00,0x01,0x6D,0x07,0x92,0x01,0x49,0x02,0x00,0x01,0x92,0x01,0x6D,0x03,0x00,
  0x01,0x92,0x01,0x24,0x01,0x00,0x06,0x92,0x09,0x00,0x01,0x92,0x01,0x6D,0x08,0x00,
  0x01,0x24,0x01,0x92,0x06,0x00,0x01,0x92,0x01,0x00,0x01,0x49,0x08,0x00,0x07,0x92,
  0x01,0x49,0x03,0x00,0x02,0x92,0x01,0x6D,0x03,0x00,0x06,0x92,0x02,0x00,0x01,0x92,
  0x01,0x6D,0x03,0x00,0x01,0x92,0x01,0x24,0xA2,0x00,0x01,0x49,0x01,0x92,0x04,0x00,
  0x01,0x6D,0x01,0x49,0x03,0x00,0x01,0x92,0x01,0x49,0x01,0x00,0x01,0x6D,0x01,0x49,
  0x03,0x00,0x01,0x92,0x01,0x49,0x01,0x00,0x01,0x6D,0x01,0x49,0x03,0x00,0x01,0x92,
  0x01,0x49,0x01,0x00,0x02,0x92,0x01,0x6D,0x08,0x00,0x06,0x24,0x01,0x6D,0x01,0x92,
  0x03,0x00,0x01,0x24,0x01,0x92,0x01,0x49,0x04,0x24,0x02,0x6D,0x02,0x00,0x01,0x6D,
  0x01,0x92,0x05,0x24,0x02,0x6D,0x02,0x00,0x01,0x24,0x01,0x92,0x03,0x00,0x01,0x92,
  0x01,0x24,0x01,0x00,0x04,0x24,0x01,0x49,0x01,0x92,0x01,0x24,0x08,0x00,0x02,0x6D,
  0x08,0x00,0x01,0x24,0x01,0x92,0x06,0x00,0x02,0x92,0x01,0x6D,0x08,0x00,0x01,0x24,
  0x01,0x6D,0x01,0x92,0x03,0x24,0x01,0x49,0x01,0x92,0x04,0x00,0x01,0x49,0x01,0x92,
  0x01,0x49,0x02,0x00,0x04,0x24,0x01,0x49,0x01,0x92,0x01,0x24,0x01,0x00,0x01,0x24,
  0x01,0x92,0x03,0x00,0x01,0x92,0x01,0x24,0xA2,0x00,0x01,0x24,0x01,0x92,0x04,0x00,
  0x01,0x6D,0x01,0x49,0x03,0x00,0x01,0x6D,0x01,0x49,0x01,0x00,0x01,0x6D,0x01,0x49,
  0x03,0x00,0x01,0x6D,0x01,0x49,0x01,0x00,0x01,0x6D,0x01,0x49,0x03,0x00,0x01,0x6D,
  0x01,0x49,0x01,0x00,0x01,0x24,0x02,0x92,0x01,0x6D,0x01,0x24,0x07,0x00,0x01,0x24,
  0x05,0x00,0x01,0x92,0x04,0x00,0x01,0x92,0x01,0x24,0x04,0x00,0x01,0x49,0x01,0x6D,
  0x03,0x00,0x01,0x92,0x05,0x00,0x01,0x24,0x01,0x6D,0x03,0x00,0x01,0x92,0x01,0x24,
  0x02,0x00,0x01,0x6D,0x01,0x24,0x06,0x00,0x01,0x6D,0x01,0x24,0x08,0x00,0x01,0x92,
  0x01,0x24,0x09,0x00,0x03,0x92,0x01,0x49,0x03,0x00,0x01,0x24,0x02,0x92,0x01,0x6D,
  0x01,0x24,0x07,0x00,0x01,0x24,0x01,0x92,0x04,0x00,0x01,0x92,0x01,0x24,0x04,0x00,
  0x02,0x6D,0x07,0x00,0x01,0x6D,0x01,0x24,0x02,0x00,0x01,0x92,0x01,0x24,0x02,0x00,
  0x01,0x6D,0x01,0x24,0xA2,0x00,0x01,0x24,0x01,0x92,0x04,0x00,0x01,0x92,0x01,0x49,
  0x03,0x00,0x01,0x6D,0x01,0x49,0x01,0x00,0x01,0x92,0x01,0x49,0x03,0x00,0x01,0x6D,
  0x01,0x49,0x01,0x00,0x01,0x92,0x01,0x49,0x03,0x00,0x01,0x6D,0x01,0x49,0x03,0x00,
  0x01,0x49,0x02,0x92,0x01,0x49,0x06,0x00,0x01,0x92,0x05,0x00,0x01,0x92,0x01,0x24,
  0x03,0x00,0x01,0x92,0x01,0x24,0x04,0x00,0x01,0x49,0x01,0x24,0x03,0x00,0x01,0x6D,
  0x01,0x24,0x04,0x00,0x02,0x49,0x03,0x00,0x01,0x49,0x01,0x6D,0x02,0x00,0x01,0x49,
  0x01,0x24,0x06,0x00,0x01,0x92,0x08,0x00,0x01,0x6D,0x01,0x49,0x0D,0x00,0x02,0x6D,
  0x04,0x00,0x01,0x49,0x02,0x92,0x01,0x49,0x07,0x00,0x01,0x92,0x04,0x00,0x01,0x6D,
  0x01,0x24,0x04,0x00,0x01,0x49,0x01,0x6D,0x07,0x00,0x01,0x92,0x03,0x00,0x01,0x49,
  0x01,0x6D,0x02,0x00,0x01,0x49,0x01,0x24,0xA2,0x00,0x01,0x24,0x01,0x92,0x04,0x00,
  0x01,0x6D,0x01,0x49,0x03,0x00,0x01,0x92,0x01,0x24,0x01,0x00,0x01,0x6D,0x01,0x49,
  0x03,0x00,0x01,0x92,0x01,0x24,0x01,0x00,0x01,0x6D,0x01,0x49,0x03,0x00,0x01,0x92,
  0x01,0x24,0x03,0x00,0x02,0x24,0x01,0x6D,0x01,0x92,0x06,0x00,0x01,0x92,0x05,0x00,
  0x01,0x6D,0x01,0x24,0x03,0x00,0x01,0x92,0x01,0x24,0x04,0x00,0x01,0x6D,0x04,0x00,
  0x02,0x49,0x04,0x00,0x01,0x6D,0x04,0x00,0x01,0x24,0x01,0x92,0x02,0x00,0x01,0x6D,
  0x07,0x00,0x01,0x49,0x07,0x00,0x01,0x49,0x01,0x6D,0x0E,0x00,0x01,0x24,0x01,0x92,
  0x04,0x00,0x02,0x24,0x01,0x6D,0x01,0x92,0x07,0x00,0x01,0x92,0x01,0x24,0x03,0x00,
  0x01,0x6D,0x01,0x24,0x04,0x00,0x01,0x49,0x01,0x6D,0x07,0x00,0x01,0x49,0x03,0x00,
  0x01,0x24,0x01,0x92,0x02,0x00,0x01,0x6D,0xA3,0x00,0x01,0x24,0x01,0x92,0x04,0x00,
  0x01,0x49,0x01,0x6D,0x03,0x00,0x01,0x92,0x02,0x00,0x01,0x49,0x01,0x6D,0x03,0x00,
  0x01,0x92,0x02,0x00,0x01,0x49,0x01,0x6D,0x03,0x00,0x01,0x92,0x04,0x00,0x03,0x24,
  0x01,0x92,0x06,0x00,0x01,0x92,0x05,0x00,0x01,0x6D,0x01,0x24,0x03,0x00,0x01,0x92,
  0x01,0x24,0x03,0x00,0x01,0x49,0x01,0x24,0x04,0x00,0x01,0x24,0x01,0x92,0x03,0x00,
  0x02,0x49,0x05,0x00,0x01,0x92,0x01,0x24,0x01,0x6D,0x01,0x24,0x06,0x00,0x01,0x6D,
  0x07,0x00,0x01,0x24,0x01,0x92,0x0F,0x00,0x01,0x24,0x01,0x6D,0x04,0x00,0x03,0x24,
  0x01,0x92,0x07,0x00,0x01,0x6D,0x01,0x24,0x03,0x00,0x01,0x6D,0x01,0x24,0x04,0x00,
  0x01,0x49,0x01,0x6D,0x06,0x00,0x01,0x6D,0x05,0x00,0x01,0x92,0x01,0x24,0x01,0x6D,
  0x01,0x24,0xA3,0x00,0x01,0x24,0x01,0x92,0x04,0x00,0x01,0x24,0x01,0x92,0x01,0x24,
  0x01,0x00,0x01,0x24,0x01,0x49,0x02,0x00,0x01,0x24,0x01,0x92,0x01,0x24,0x01,0x00,
  0x01,0x24,0x01,0x49,0x02,0x00,0x01,0x24,0x01,0x92,0x01,0x24,0x01,0x00,0x01,0x24,
  0x01,0x49,0x04,0x00,0x02,0x24,0x01,0x49,0x01,0x24,0x06,0x00,0x01,0x92,0x05,0x00,
  0x01,0x6D,0x01,0x24,0x03,0x00,0x01,0x6D,0x01,0x24,0x01,0x00,0x01,0x49,0x01,0x92,
  0x01,0x49,0x06,0x00,0x01,0x92,0x02,0x49,0x01,0x6D,0x01,0x49,0x06,0x00,0x02,0x92,
  0x01,0x24,0x04,0x00,0x01,0x24,0x01,0x6D,0x01,0x92,0x01,0x24,0x07,0x00,0x01,0x92,
  0x01,0x49,0x06,0x00,0x02,0x24,0x07,0x00,0x01,0x6D,0x05,0x00,0x02,0x24,0x01,0x49,
  0x01,0x24,0x05,0x00,0x02,0x24,0x01,0x6D,0x04,0x00,0x01,0x49,0x01,0x24,0x04,0x00,
  0x01,0x24,0x01,0x6D,0x03,0x00,0x01,0x24,0x01,0x6D,0x01,0x92,0x01,0x24,0x05,0x00,
  0x02,0x92,0x01,0x24,0xA2,0x00,0x01,0x6D,0x04,0x92,0x01,0x6D,0x03,0x00,0x01,0x24,
  0x02,0x92,0x01,0x49,0x04,0x00,0x01,0x24,0x02,0x92,0x01,0x49,0x04,0x00,0x01,0x24,
  0x02,0x92,0x01,0x49,0x03,0x00,0x01,0x6D,0x03,0x92,0x01,0x24,0x07,0x00,0x01,0x49,
  0x05,0x00,0x01,0x49,0x04,0x00,0x01,0x6D,0x02,0x24,0x01,0x6D,0x01,0x24,0x07,0x00,
  0x01,0x49,0x01,0x92,0x01,0x6D,0x01,0x24,0x05,0x00,0x01,0x6D,0x01,0x92,0x01,0x49,
  0x05,0x00,0x01,0x24,0x01,0x6D,0x01,0x49,0x08,0x00,0x01,0x49,0x05,0x92,0x03,0x00,
  0x01,0x6D,0x01,0x92,0x03,0x00,0x01,0x49,0x02,0x92,0x01,0x6D,0x04,0x00,0x01,0x6D,
  0x03,0x92,0x01,0x24,0x06,0x00,0x02,0x92,0x01,0x6D,0x04,0x00,0x01,0x49,0x05,0x00,
  0x01,0x24,0x01,0x49,0x02,0x00,0x01,0x24,0x01,0x6D,0x01,0x49,0x05,0x00,0x01,0x6D,
  0x01,0x92,0x01,0x49,0xC6,0x00,0x02,0x24,0x13,0x00,0x01,0x6D,0x01,0x24,0x12,0x00,
  0x01,0x24,0x01,0x6D,0x2A,0x00,0x02,0x24,0x1F,0x00,0x01,0x24,0x01,0x6D,0xC8,0x00,
  0x01,0x49,0x01,0x24,0x13,0x00,0x01,0x6D,0x01,0x24,0x3E,0x00,0x01,0x49,0x01,0x24,
  0xE9,0x00,0x01,0x24,0x14,0x00,0x01,0x6D,0x3F,0x00,0x01,0x24,0xFF,0x00,0xFF,0x00,
  0xFF,0x00,0xFF,0x00,0xFF,0x00,0xFF,0x00,0xFF,0x00,0xFF,0x00,0xFF,0x00,0xFF,0x00,
  0xE0,0x00,0x01,0x24,0x01,0xD5,0x37,0x00,0x01,0x68,0x2F,0x00,0x01,0x24,0x01,0xD5,
  0xD5,0x00,0x01,0x48,0x01,0xFA,0x21,0x00,0x01,0x20,0x01,0xD5,0x01,0xFA,0x01,0xB1,
  0x0A,0x00,0x01,0xB1,0x01,0xFA,0x01,0xD5,0x01,0x68,0x03,0x00,0x01,0x24,0x02,0xFA,
  0x02,0xF9,0x01,0x91,0x02,0x00,0x01,0x20,0x01,0xB1,0x01,0xFA,0x01,0x48,0x01,0x00,
  0x02,0x48,0x22,0x00,0x01,0x48,0x01,0xFA,0x91,0x00,0x01,0x68,0x09,0x00,0x01,0xB1,
  0x01,0x91,0x04,0x00,0x01,0xB1,0x01,0x91,0x04,0x00,0x01,0xD5,0x01,0x24,0x02,0x00,
  0x01,0xD5,0x02,0x00,0x01,0x68,0x01,0x48,0x05,0x00,0x01,0x48,0x01,0x24,0x06,0x00,
  0x01,0xB1,0x01,0x91,0x04,0x00,0x01,0x48,0x01,0x24,0x06,0x00,0x01,0xD5,0x01,0x24,
  0x02,0x00,0x01,0xD5,0x02,0x00,0x01,0x68,0x01,0x48,0x01,0x00,0x01,0x24,0x01,0xFA,
  0x0B,0x00,0x01,0xB5,0x09,0x00,0x01,0x48,0x01,0x24,0x0A,0x00,0x01,0xD5,0x02,0x00,
  0x01,0xB1,0x01,0xD5,0x09,0x00,0x01,0x8D,0x01,0xB1,0x02,0xFA,0x01,0x68,0x02,0x00,
  0x01,0x44,0x01,0xD9,0x06,0x00,0x01,0xD5,0x01,0x00,0x01,0x6D,0x01,0xB1,0x01,0x00,
  0x01,0xD5,0x06,0x00,0x01,0x48,0x09,0x00,0x01,0xB1,0x01,0x91,0x04,0x00,0x01,0xB1,
  0x04,0x00,0x01,0xB1,0x02,0x00,0x01,0xB1,0x01,0x91,0x03,0x00,0x01,0x24,0x01,0xFA,
  0x0A,0x00,0x01,0x48,0x01,0x24,0x06,0x00,0x01,0x44,0x01,0x24,0x04,0x00,0x01,0x48,
  0x01,0x24,0x06,0x00,0x01,0xB1,0x04,0x00,0x01,0xB1,0x6A,0x00,0x01,0xB5,0x06,0xFA,
  0x01,0x68,0x03,0x00,0x01,0xD5,0x01,0xFA,0x01,0xD5,0x03,0x00,0x01,0xD5,0x01,0xFA,
  0x01,0xD5,0x03,0x00,0x01,0xFA,0x01,0x8D,0x01,0x00,0x01,0x48,0x01,0xFA,0x01,0x24,
  0x01,0x00,0x01,0xFA,0x01,0x91,0x05,0x00,0x04,0xFA,0x01,0xB1,0x03,0x00,0x01,0xD5,
  0x01,0xFA,0x01,0xD5,0x02,0x00,0x01,0x20,0x04,0xFA,0x01,0xD5,0x01,0x20,0x02,0x00,
  0x01,0xFA,0x01,0x8D,0x01,0x00,0x01,0x48,0x01,0xFA,0x01,0x24,0x01,0x00,0x01,0xFA,
  0x01,0x91,0x02,0x00,0x05,0xFA,0x01,0xF9,0x05,0x00,0x01,0xB5,0x07,0xFA,0x01,0x68,
  0x02,0x00,0x04,0xFA,0x01,0xB1,0x06,0x00,0x01,0x6D,0x01,0xB1,0x02,0x00,0x01,0x20,
  0x01,0xFA,0x01,0x44,0x0A,0x00,0x01,0x24,0x01,0xFA,0x01,0xD5,0x02,0x00,0x01,0x44,
  0x01,0xD9,0x06,0x00,0x01,0xFA,0x01,0x24,0x02,0x68,0x01,0x91,0x01,0x44,0x05,0x00,
  0x01,0x48,0x05,0xFA,0x01,0x91,0x04,0x00,0x01,0xD5,0x01,0xFA,0x01,0xD5,0x02,0x00,
  0x01,0x48,0x01,0xFA,0x01,0x6D,0x02,0x00,0x01,0x48,0x01,0xFA,0x01,0x24,0x01,0x00,
  0x01,0xD5,0x01,0xFA,0x01,0xF9,0x01,0x24,0x02,0x00,0x05,0xFA,0x01,0xF9,0x05,0x00,
  0x06,0xFA,0x01,0x48,0x01,0x00,0x02,0xFA,0x01,0x6D,0x03,0x00,0x04,0xFA,0x01,0xB1,
  0x02,0x00,0x01,0x48,0x01,0xFA,0x01,0x6D,0x02,0x00,0x01,0x48,0x01,0xFA,0x01,0x24,
  0x69,0x00,0x06,0x68,0x01,0xB1,0x01,0xFA,0x04,0x00,0x01,0x8D,0x01,0xFA,0x01,0x8D,
  0x03,0x00,0x01,0x8D,0x01,0xFA,0x01,0x8D,0x02,0x00,0x01,0x8D,0x01,0xD5,0x02,0x00,
  0x01,0xFA,0x01,0x20,0x01,0x00,0x01,0xB5,0x01,0xB1,0x04,0x00,0x01,0x24,0x03,0x68,
  0x01,0x8D,0x01,0xFA,0x01,0xB1,0x03,0x00,0x01,0x8D,0x01,0xFA,0x01,0x8D,0x01,0x00,
  0x01,0x20,0x03,0x68,0x01,0x6C,0x01,0xF9,0x01,0x8D,0x02,0x00,0x01,0x8D,0x01,0xD5,
  0x02,0x00,0x01,0xFA,0x01,0x20,0x01,0x00,0x01,0xB5,0x01,0xB1,0x02,0x00,0x01,0x48,
  0x03,0x68,0x01,0x6D,0x01,0xFA,0x01,0x48,0x04,0x00,0x01,0x44,0x01,0xFA,0x01,0x8D,
  0x04,0x68,0x02,0xD5,0x01,0x00,0x01,0x24,0x03,0x68,0x01,0x8D,0x01,0xFA,0x01,0xB1,
  0x05,0x00,0x01,0xB5,0x01,0x6D,0x03,0x00,0x01,0xFA,0x01,0x6C,0x0B,0x00,0x01,0xD5,
  0x01,0xB1,0x02,0x00,0x01,0x44,0x01,0xFA,0x06,0x00,0x01,0x6D,0x01,0xF9,0x01,0x91,
  0x01,0x24,0x01,0x91,0x06,0x00,0x01,0xB1,0x01,0xFA,0x03,0x68,0x01,0x91,0x01,0xFA,
  0x01,0xB1,0x04,0x00,0x01,0x8D,0x01,0xFA,0x01,0x8D,0x02,0x00,0x01,0xD5,0x01,0xFA,
  0x01,0x24,0x01,0x00,0x01,0x44,0x01,0xFA,0x01,0x24,0x02,0x00,0x01,0x6D,0x01,0xFA,
  0x01,0xB1,0x02,0x00,0x01,0x48,0x03,0x68,0x01,0x6D,0x01,0xFA,0x01,0x48,0x04,0x00,
  0x03,0x68,0x01,0x8D,0x01,0xFA,0x01,0x8D,0x02,0x00,0x01,0x68,0x02,0xFA,0x01,0xB1,
  0x01,0x00,0x01,0x24,0x03,0x68,0x01,0x8D,0x01,0xFA,0x01,0xB1,0x02,0x00,0x01,0xD5,
  0x01,0xFA,0x01,0x24,0x01,0x00,0x01,0x44,0x01,0xFA,0x01,0x24,0x6A,0x00,0x01,0x48,
  0x05,0x00,0x01,0xFA,0x01,0x24,0x04,0x00,0x02,0xB1,0x04,0x00,0x02,0xB1,0x02,0x00,
  0x01,0x24,0x01,0xFA,0x02,0x00,0x01,0xF9,0x02,0x00,0x01,0x91,0x01,0xB1,0x09,0x00,
  0x01,0x48,0x01,0xFA,0x04,0x00,0x02,0xB1,0x06,0x00,0x01,0x6D,0x01,0x91,0x02,0x00,
  0x01,0x24,0x01,0xFA,0x02,0x00,0x01,0xF9,0x02,0x00,0x01,0x91,0x01,0xB1,0x07,0x00,
  0x01,0xD5,0x01,0x48,0x05,0x00,0x01,0xFA,0x01,0x24,0x04,0x00,0x01,0x6D,0x01,0xB1,
  0x06,0x00,0x01,0x48,0x01,0xFA,0x05,0x00,0x01,0xD5,0x01,0x6C,0x03,0x00,0x01,0xD5,
  0x01,0x8D,0x0A,0x00,0x01,0x24,0x01,0xFA,0x01,0x24,0x02,0x00,0x01,0x24,0x02,0xFA,
  0x01,0xF9,0x01,0x91,0x06,0x00,0x01,0xB1,0x01,0x6D,0x01,0x8D,0x05,0x00,0x01,0x6C,
  0x01,0xFA,0x04,0x00,0x01,0x48,0x01,0xFA,0x01,0x24,0x04,0x00,0x02,0xB1,0x03,0x00,
  0x01,0xD5,0x01,0xFA,0x01,0x24,0x01,0x68,0x01,0xB5,0x04,0x00,0x01,0x8D,0x01,0xD5,
  0x07,0x00,0x01,0xD5,0x01,0x48,0x08,0x00,0x01,0xFA,0x01,0x20,0x04,0x00,0x01,0xD5,
  0x01,0xFA,0x06,0x00,0x01,0x48,0x01,0xFA,0x03,0x00,0x01,0xD5,0x01,0xFA,0x01,0x24,
  0x01,0x68,0x01,0xB5,0x6B,0x00,0x01,0xFA,0x05,0x00,0x01,0xF9,0x01,0x24,0x04,0x00,
  0x01,0x6D,0x01,0xB1,0x04,0x00,0x01,0x6D,0x01,0xB1,0x03,0x00,0x01,0xFA,0x01,0x48,
  0x01,0xB1,0x01,0x48,0x02,0x00,0x01,0x8D,0x01,0x68,0x0A,0x00,0x01,0xFA,0x01,0x24,
  0x03,0x00,0x01,0x6D,0x01,0xB1,0x06,0x00,0x01,0x6C,0x01,0xB1,0x03,0x00,0x01,0xFA,
  0x01,0x48,0x01,0xB1,0x01,0x48,0x02,0x00,0x01,0x8D,0x01,0x68,0x07,0x00,0x01,0xD5,
  0x06,0x00,0x01,0xFA,0x01,0x44,0x04,0x00,0x01,0x8D,0x01,0x68,0x07,0x00,0x01,0xFA,
  0x01,0x24,0x04,0x00,0x01,0xD5,0x01,0x6D,0x03,0x00,0x01,0xD5,0x01,0x6D,0x0A,0x00,
  0x01,0xD5,0x01,0x8D,0x06,0x00,0x01,0x24,0x02,0xD5,0x04,0x00,0x01,0x68,0x02,0xD5,
  0x01,0xFA,0x01,0x68,0x04,0x00,0x01,0x48,0x01,0xFA,0x05,0x00,0x01,0xD5,0x01,0x68,
  0x04,0x00,0x01,0x6D,0x01,0xB1,0x04,0x00,0x01,0xB5,0x01,0xFA,0x01,0xD5,0x01,0x20,
  0x04,0x00,0x01,0x44,0x01,0xF9,0x07,0x00,0x01,0xD5,0x09,0x00,0x01,0xFA,0x01,0x24,
  0x04,0x00,0x01,0x8D,0x01,0xB5,0x07,0x00,0x01,0xFA,0x01,0x24,0x03,0x00,0x01,0xB5,
  0x01,0xFA,0x01,0xD5,0x01,0x20,0x6B,0x00,0x01,0xFA,0x05,0x00,0x01,0xD5,0x01,0x44,
  0x04,0x00,0x01,0x6D,0x01,0xB1,0x04,0x00,0x01,0x6D,0x01,0xB1,0x03,0x00,0x01,0xB5,
  0x01,0xFA,0x01,0x48,0x03,0x00,0x01,0xD5,0x0B,0x00,0x01,0xF9,0x01,0x44,0x03,0x00,
  0x01,0x6D,0x01,0xB1,0x06,0x00,0x01,0x68,0x01,0xB1,0x03,0x00,0x01,0xB5,0x01,0xFA,
  0x01,0x48,0x03,0x00,0x01,0xD5,0x07,0x00,0x01,0x24,0x01,0x91,0x06,0x00,0x01,0xF9,
  0x01,0x44,0x04,0x00,0x01,0xB1,0x08,0x00,0x01,0xF9,0x01,0x44,0x04,0x00,0x01,0xD5,
  0x01,0x91,0x03,0x00,0x01,0xF9,0x01,0x48,0x09,0x00,0x01,0x8D,0x01,0xD5,0x08,0x00,
  0x01,0x48,0x01,0xFA,0x04,0x00,0x01,0xB1,0x01,0xFA,0x01,0x00,0x01,0x8D,0x01,0x91,
  0x04,0x00,0x01,0x24,0x01,0xFA,0x05,0x00,0x01,0xB1,0x01,0x8D,0x04,0x00,0x01,0x6D,
  0x01,0xB1,0x05,0x00,0x01,0xB1,0x01,0xFA,0x01,0x48,0x04,0x00,0x01,0x24,0x01,0xFA,
  0x06,0x00,0x01,0x24,0x01,0x91,0x09,0x00,0x01,0xFA,0x01,0x24,0x04,0x00,0x01,0xD9,
  0x01,0x24,0x07,0x00,0x01,0xF9,0x01,0x44,0x04,0x00,0x01,0xB1,0x01,0xFA,0x01,0x48,
  0x6B,0x00,0x01,0xFA,0x05,0x00,0x01,0xD5,0x01,0x48,0x04,0x00,0x01,0x68,0x01,0xB1,
  0x04,0x00,0x01,0x68,0x01,0xB1,0x03,0x00,0x01,0x8D,0x01,0xB1,0x03,0x00,0x01,0xB1,
  0x01,0x6D,0x0B,0x00,0x01,0xD5,0x01,0x48,0x03,0x00,0x01,0x68,0x01,0xB1,0x06,0x00,
  0x01,0x68,0x01,0xB1,0x03,0x00,0x01,0x8D,0x01,0xB1,0x03,0x00,0x01,0xB1,0x01,0x6D,
  0x06,0x00,0x01,0x24,0x01,0xD5,0x07,0x00,0x01,0xD5,0x01,0x44,0x03,0x00,0x01,0x6D,
  0x01,0x48,0x08,0x00,0x01,0xD5,0x01,0x48,0x04,0x00,0x01,0x91,0x01,0xD5,0x03,0x00,
  0x01,0xFA,0x09,0x00,0x01,0x44,0x01,0xFA,0x01,0x24,0x08,0x00,0x01,0x48,0x01,0xD5,
  0x03,0x00,0x01,0x91,0x01,0x48,0x01,0xF9,0x01,0x00,0x01,0x68,0x01,0x6C,0x04,0x00,
  0x01,0x24,0x01,0xFA,0x05,0x00,0x01,0x8D,0x01,0x91,0x04,0x00,0x01,0x68,0x01,0xB1,
  0x06,0x00,0x01,0x91,0x01,0xFA,0x01,0x44,0x03,0x00,0x01,0x24,0x01,0xF9,0x05,0x00,
  0x01,0x24,0x01,0xD5,0x0A,0x00,0x01,0xFA,0x01,0x24,0x03,0x00,0x02,0x48,0x08,0x00,
  0x01,0xD5,0x01,0x48,0x05,0x00,0x01,0x91,0x01,0xFA,0x01,0x44,0x6A,0x00,0x01,0xFA,
  0x05,0x00,0x01,0xB5,0x01,0x48,0x04,0x00,0x01,0x68,0x01,0xB1,0x04,0x00,0x01,0x68,
  0x01,0xB1,0x03,0x00,0x01,0x44,0x01,0xFA,0x01,0x6D,0x01,0x8D,0x01,0xF9,0x01,0x91,
  0x0C,0x00,0x01,0xD5,0x01,0x48,0x03,0x00,0x01,0x68,0x01,0xB1,0x02,0x00,0x01,0x48,
  0x03,0x68,0x01,0xB1,0x01,0xF9,0x01,0x48,0x02,0x00,0x01,0x44,0x01,0xFA,0x01,0x6D,
  0x01,0x8D,0x01,0xF9,0x01,0x91,0x05,0x00,0x01,0x68,0x01,0xB5,0x01,0xFA,0x01,0x24,
  0x07,0x00,0x01,0xD5,0x01,0x44,0x01,0x00,0x01,0x8D,0x01,0xD9,0x01,0x8D,0x09,0x00,
  0x01,0xD5,0x01,0x48,0x04,0x00,0x01,0x24,0x01,0xFA,0x01,0x48,0x01,0x00,0x01,0x68,
  0x01,0x6C,0x03,0x00,0x01,0x48,0x01,0x44,0x04,0x00,0x01,0xF9,0x01,0x91,0x06,0x00,
  0x01,0x24,0x02,0x00,0x01,0xB1,0x01,0x24,0x02,0x00,0x01,0x44,0x01,0x8D,0x01,0x00,
  0x01,0xFA,0x01,0x20,0x01,0x6D,0x01,0x20,0x05,0x00,0x01,0xFA,0x05,0x00,0x01,0x6C,
  0x01,0x91,0x04,0x00,0x01,0x68,0x01,0xB1,0x02,0x00,0x01,0x48,0x04,0x68,0x01,0xFA,
  0x01,0x44,0x01,0x00,0x01,0x48,0x01,0x68,0x01,0x8D,0x01,0x91,0x03,0x00,0x01,0x68,
  0x01,0xB5,0x01,0xFA,0x01,0x24,0x0A,0x00,0x01,0xF9,0x01,0x44,0x0D,0x00,0x01,0xD5,
  0x01,0x48,0x01,0x00,0x01,0x48,0x04,0x68,0x01,0xFA,0x01,0x44,0x6A,0x00,0x01,0x91,
  0x05,0x00,0x01,0x8D,0x05,0x00,0x01,0x68,0x01,0x6D,0x04,0x00,0x01,0x68,0x01,0x6D,
  0x04,0x00,0x01,0xB5,0x01,0xFA,0x01,0xD5,0x01,0x48,0x0D,0x00,0x01,0x8D,0x04,0x00,
  0x01,0x68,0x01,0x6D,0x01,0x00,0x01,0x24,0x06,0xFA,0x01,0x68,0x03,0x00,0x01,0xB5,
  0x01,0xFA,0x01,0xD5,0x01,0x48,0x05,0x00,0x01,0x48,0x01,0xD5,0x01,0x6D,0x09,0x00,
  0x01,0xD5,0x01,0x44,0x01,0x48,0x01,0xB5,0x01,0x44,0x0A,0x00,0x01,0x8D,0x06,0x00,
  0x01,0x68,0x02,0xF9,0x01,0x6D,0x04,0x00,0x02,0xD5,0x03,0x00,0x01,0x6D,0x02,0xFA,
  0x02,0xF9,0x01,0xD5,0x01,0x24,0x01,0x00,0x01,0x8D,0x02,0xFA,0x01,0xB1,0x01,0x24,
  0x03,0x00,0x01,0xB1,0x02,0x00,0x01,0x6C,0x01,0xF9,0x01,0x68,0x06,0x00,0x01,0xD5,
  0x05,0x00,0x01,0x48,0x01,0x6D,0x04,0x00,0x01,0x68,0x01,0x6D,0x01,0x00,0x01,0x24,
  0x05,0xFA,0x01,0xB5,0x01,0x00,0x01,0x44,0x03,0xFA,0x01,0x20,0x02,0x00,0x01,0x48,
  0x01,0xD5,0x01,0x6D,0x0C,0x00,0x01,0xD5,0x01,0x44,0x0D,0x00,0x01,0x8D,0x01,0x00,
  0x01,0x24,0x05,0xFA,0x01,0xB5,0xBC,0x00,0x01,0xD5,0x01,0x44,0x1D,0x00,0x01,0x20,
  0x1F,0x00,0x01,0x24,0x05,0x00,0x01,0x24,0x26,0x00,0x01,0xD5,0x01,0x48,0xD2,0x00,
  0x01,0xD5,0x01,0x44,0x6A,0x00,0x01,0xD5,0x01,0x48,0xD2,0x00,0x01,0xB1,0x6B,0x00,
  0x01,0xD5,0x01,0x24,0xFF,0x00,0x3F,0x00,0x01,0x44,0xFF,0x00,0xFF,0x00,0xFF,0x00,
  0xFF,0x00,0xFF,0x00,0xFF,0x00,0xFF,0x00,0xFF,0x00,0xFF,0x00,0xFF,0x00,0xFF,0x00,
  0xFF,0x00,0xFF,0x00,0xFF,0x00,0xFF,0x00,0xFF,0x00,0xFF,0x00,0x8E,0x00,0x01,0x24,
  0xFF,0x00,0x40,0x00,0x01,0x6D,0x01,0x92,0x02,0x6D,0x01,0x24,0x03,0x00,0x01,0x49,
  0x01,0x24,0x02,0x00,0x01,0x49,0x01,0x6D,0x04,0x00,0x01,0x49,0x01,0x6D,0x1C,0x00,
  0x01,0xB1,0x06,0x00,0x01,0x24,0x01,0xD5,0x01,0x49,0x03,0x00,0x01,0x48,0x04,0x00,
  0x01,0x24,0x01,0xB5,0x01,0x44,0x02,0x00,0x01,0x24,0x01,0xB1,0x01,0x00,0x01,0x24,
  0x01,0x91,0x01,0x00,0x01,0x8D,0x01,0x44,0x01,0x24,0x01,0xD5,0x01,0x49,0x03,0x00,
  0x02,0x24,0xE9,0x00,0x01,0x6D,0x01,0x24,0x06,0x00,0x01,0x6D,0x02,0x00,0x01,0x49,
  0x01,0x92,0x01,0x6D,0x03,0x00,0x01,0x49,0x01,0x92,0x01,0x6D,0x1B,0x00,0x01,0x48,
  0x05,0xFA,0x01,0xD5,0x02,0x24,0x01,0xB1,0x01,0xFA,0x01,0x8D,0x01,0x00,0x01,0x69,
  0x03,0xFA,0x01,0xB1,0x01,0x00,0x01,0x24,0x01,0xD5,0x01,0xFA,0x01,0x44,0x01,0x00,
  0x01,0x24,0x01,0xFA,0x01,0x20,0x01,0x6D,0x01,0xD5,0x01,0x00,0x01,0xD5,0x01,0x6D,
  0x01,0x24,0x01,0xB1,0x01,0xFA,0x01,0x8D,0x02,0x00,0x01,0xD5,0x03,0xFA,0x01,0xD5,
  0x01,0x24,0xE5,0x00,0x01,0x6D,0x01,0x24,0x05,0x00,0x01,0x24,0x01,0x49,0x03,0x00,
  0x01,0x49,0x01,0x6D,0x04,0x00,0x01,0x49,0x01,0x6D,0x1C,0x00,0x01,0xFA,0x04,0x24,
  0x01,0xD5,0x01,0x49,0x02,0x00,0x01,0x8D,0x01,0xD5,0x02,0x00,0x03,0x24,0x01,0xFA,
  0x03,0x00,0x01,0xB1,0x01,0x91,0x02,0x00,0x01,0xD5,0x02,0x48,0x01,0x91,0x01,0x00,
  0x01,0x91,0x01,0x6D,0x02,0x00,0x01,0x8D,0x01,0xD5,0x02,0x00,0x01,0xFA,0x01,0x48,
  0x02,0x24,0x01,0x91,0x01,0xD5,0xE5,0x00,0x01,0x49,0x01,0x6E,0x01,0x6D,0x01,0x49,
  0x03,0x00,0x01,0x49,0x04,0x00,0x01,0x24,0x01,0x6E,0x04,0x00,0x01,0x24,0x01,0x6E,
  0x1C,0x00,0x01,0xD5,0x04,0x00,0x01,0x8D,0x01,0x6D,0x02,0x00,0x01,0x8D,0x01,0x69,
  0x05,0x00,0x01,0xD5,0x01,0x24,0x02,0x00,0x01,0x69,0x01,0x91,0x02,0x00,0x01,0x6D,
  0x01,0x91,0x01,0xB1,0x01,0x24,0x01,0x00,0x01,0x91,0x01,0x44,0x02,0x00,0x01,0x8D,
  0x01,0x69,0x02,0x00,0x01,0xB5,0x01,0x48,0x03,0x00,0x01,0xD5,0x01,0x24,0xE6,0x00,
  0x01,0x24,0x01,0x92,0x01,0x24,0x01,0x00,0x01,0x24,0x01,0x49,0x04,0x00,0x01,0x24,
  0x01,0x92,0x04,0x00,0x01,0x24,0x01,0x92,0x1C,0x00,0x01,0xD5,0x04,0x00,0x02,0x6D,
  0x01,0x00,0x01,0x20,0x01,0x8D,0x06,0x00,0x01,0xB5,0x01,0x24,0x02,0x00,0x01,0x48,
  0x01,0xB1,0x02,0x00,0x01,0x48,0x01,0xFA,0x01,0x24,0x01,0x00,0x01,0x20,0x01,0xB1,
  0x02,0x00,0x01,0x20,0x01,0x8D,0x03,0x00,0x01,0xB1,0x01,0x49,0x03,0x00,0x01,0xB1,
  0x01,0x48,0xE7,0x00,0x01,0x6D,0x01,0x25,0x01,0x00,0x01,0x49,0x01,0x24,0x04,0x00,
  0x01,0x24,0x01,0x92,0x04,0x00,0x01,0x24,0x01,0x92,0x1C,0x00,0x01,0xD5,0x04,0x24,
  0x01,0x8D,0x01,0x49,0x06,0x00,0x03,0x24,0x01,0xB5,0x01,0x48,0x02,0x00,0x01,0x48,
  0x01,0x91,0x03,0x00,0x01,0xFA,0x01,0x24,0x01,0x48,0x01,0xD5,0x01,0x44,0x07,0x00,
  0x01,0x91,0x01,0x49,0x03,0x00,0x01,0x8D,0x01,0x69,0xE7,0x00,0x01,0x6D,0x02,0x00,
  0x01,0x6D,0x05,0x00,0x01,0x24,0x01,0x92,0x04,0x00,0x01,0x24,0x01,0x92,0x1C,0x00,
  0x01,0x91,0x04,0xFA,0x01,0xD5,0x06,0x00,0x01,0x48,0x04,0xFA,0x01,0xD5,0x02,0x00,
  0x01,0x48,0x01,0x6D,0x03,0x00,0x01,0x91,0x01,0xFA,0x01,0xB5,0x01,0x24,0x08,0x00,
  0x01,0x8D,0x01,0x44,0x03,0x00,0x01,0x6D,0x01,0x49,0xE4,0x00,0x03,0x6D,0x01,0x24,
  0x01,0x00,0x01,0x49,0x01,0x24,0x03,0x00,0x01,0x24,0x01,0x6D,0x02,0x92,0x01,0x6D,
  0x02,0x24,0x01,0x6D,0x02,0x92,0x01,0x6D,0x01,0x24,0x2E,0x00,0x01,0x24,0x10,0x00,
  0x01,0x24,0x04,0x00,0x01,0x24,0xEA,0x00,0x01,0x24,0xFF,0x00,0xFF,0x00,0xFF,0x00,
  0xE4,0x00,
};

const uint8_t LESSON_PAGE_5[12834] PROGMEM = {
  0xFF,0x00,0xFF,0x00,0xFF,0x00,0xFF,0x00,0xFF,0x00,0xFF,0x00,0xFF,0x00,0xFF,0x00,
  0xFF,0x00,0x2F,0x00,0x01,0x48,0x01,0x8D,0xFF,0x00,0x3F,0x00,0x01,0xFA,0x01,0xD5,
  0xFF,0x00,0x3F,0x00,0x02,0xFA,0xFF,0x00,0x3F,0x00,0x01,0xD5,0x01,0xFA,0x7F,0x00,
  0x02,0x24,0xA4,0x00,0x01,0x24,0x01,0xFA,0x01,0x24,0x0E,0x00,0x01,0x8D,0x01,0x49,
  0x06,0x00,0x01,0xB1,0x01,0xFA,0x01,0x24,0x12,0x00,0x01,0x48,0x01,0x8D,0x01,0x24,
  0x08,0x00,0x01,0x8D,0x01,0x49,0x07,0x00,0x01,0x48,0x01,0x44,0x06,0x00,0x02,0x24,
  0x07,0x00,0x01,0x24,0x01,0xFA,0x01,0x24,0x13,0x00,0x01,0xB5,0x01,0x69,0x0B,0x00,
  0x01,0x8D,0x01,0x49,0x07,0x00,0x01,0xD5,0x01,0x44,0x04,0x00,0x01,0xD5,0x01,0x24,
  0x03,0x00,0x01,0x91,0x01,0x48,0x04,0x00,0x01,0xD5,0x01,0x91,0x01,0x24,0x07,0x00,
  0x01,0xD5,0x01,0x8D,0xA4,0x00,0x01,0xD5,0x0A,0xFA,0x01,0xF9,0x01,0x69,0x03,0x00,
  0x01,0x69,0x02,0xFA,0x01,0xB5,0x01,0x24,0x04,0x00,0x01,0xB1,0x08,0xFA,0x01,0x91,
  0x0A,0x00,0x01,0x48,0x03,0xFA,0x01,0xB1,0x01,0x48,0x05,0x00,0x01,0x69,0x02,0xFA,
  0x01,0xB5,0x01,0x24,0x04,0x00,0x01,0x44,0x01,0xFA,0x01,0xB5,0x04,0x00,0x01,0x6D,
  0x01,0xD9,0x02,0xFA,0x01,0xD5,0x01,0x48,0x05,0x00,0x01,0xD5,0x0A,0xFA,0x01,0xF9,
  0x01,0x69,0x08,0x00,0x01,0x8D,0x06,0xFA,0x01,0xD5,0x01,0x24,0x04,0x00,0x01,0x69,
  0x02,0xFA,0x01,0xB5,0x01,0x24,0x04,0x00,0x01,0x91,0x01,0xFA,0x01,0x91,0x03,0x00,
  0x01,0x91,0x01,0xFA,0x01,0x69,0x02,0x00,0x01,0x6D,0x01,0xFA,0x01,0x8D,0x03,0x00,
  0x01,0x8D,0x03,0xFA,0x01,0x48,0x05,0x00,0x01,0x91,0x07,0xFA,0x01,0xD5,0x01,0x69,
  0x9C,0x00,0x01,0x91,0x0D,0xFA,0x03,0x00,0x01,0xB1,0x03,0xFA,0x01,0xF9,0x01,0x24,
  0x03,0x00,0x01,0x6D,0x09,0xFA,0x01,0x24,0x08,0x00,0x01,0x24,0x01,0xFA,0x01,0x91,
  0x04,0xFA,0x01,0x8D,0x04,0x00,0x01,0xB1,0x03,0xFA,0x01,0xF9,0x01,0x24,0x03,0x00,
  0x01,0x91,0x02,0xFA,0x01,0x24,0x02,0x00,0x01,0x8D,0x06,0xFA,0x01,0x48,0x03,0x00,
  0x01,0x91,0x0D,0xFA,0x08,0x00,0x08,0xFA,0x01,0xD5,0x04,0x00,0x01,0xB1,0x03,0xFA,
  0x01,0xF9,0x01,0x24,0x03,0x00,0x01,0x6D,0x02,0xFA,0x03,0x00,0x02,0xFA,0x01,0x8D,
  0x02,0x00,0x01,0xB5,0x01,0xFA,0x01,0xD5,0x03,0x00,0x01,0x6D,0x04,0xFA,0x01,0x91,
  0x04,0x00,0x0A,0xFA,0x01,0xB1,0x9B,0x00,0x01,0x24,0x01,0xD5,0x01,0xFA,0x01,0xB1,
  0x07,0x24,0x01,0x6D,0x02,0xFA,0x04,0x00,0x01,0x48,0x01,0xD5,0x02,0xFA,0x01,0xD5,
  0x04,0x00,0x07,0x24,0x01,0xD9,0x01,0xFA,0x01,0x48,0x08,0x00,0x01,0xD5,0x01,0x8D,
  0x02,0x00,0x01,0x69,0x01,0xD5,0x02,0xFA,0x01,0x69,0x04,0x00,0x01,0x48,0x01,0xD5,
  0x02,0xFA,0x01,0xD5,0x03,0x00,0x01,0x24,0x02,0xFA,0x01,0x69,0x02,0x00,0x01,0xF9,
  0x01,0x8D,0x01,0x24,0x01,0x00,0x01,0x44,0x01,0xD5,0x01,0xFA,0x01,0xD5,0x03,0x00,
  0x01,0x24,0x01,0xD5,0x01,0xFA,0x01,0xB1,0x07,0x24,0x01,0x6D,0x02,0xFA,0x08,0x00,
  0x06,0x24,0x01,0x48,0x02,0xFA,0x05,0x00,0x01,0x48,0x01,0xD5,0x02,0xFA,0x01,0xD5,
  0x04,0x00,0x02,0xFA,0x01,0x44,0x02,0x00,0x01,0xB1,0x01,0xFA,0x01,0x8D,0x02,0x00,
  0x01,0x6D,0x01,0xFA,0x01,0xD5,0x04,0x00,0x01,0x24,0x01,0xB1,0x03,0xFA,0x01,0x8D,
  0x03,0x00,0x01,0xD5,0x01,0xFA,0x01,0x91,0x04,0x24,0x01,0x48,0x01,0xB5,0x02,0xFA,
  0x01,0x6D,0x9B,0x00,0x01,0x48,0x01,0xFA,0x01,0xB5,0x08,0x00,0x01,0xF9,0x01,0xFA,
  0x06,0x00,0x01,0xB1,0x02,0xFA,0x01,0x24,0x0A,0x00,0x01,0x91,0x01,0xFA,0x01,0x48,
  0x07,0x00,0x01,0x48,0x01,0xFA,0x01,0x48,0x04,0x00,0x01,0x91,0x01,0xFA,0x01,0xD5,
  0x06,0x00,0x01,0xB1,0x02,0xFA,0x01,0x24,0x03,0x00,0x01,0xB1,0x01,0xFA,0x01,0xB1,
  0x01,0x00,0x01,0x20,0x01,0x24,0x04,0x00,0x01,0x24,0x02,0xFA,0x01,0x24,0x03,0x00,
  0x01,0x48,0x01,0xFA,0x01,0xB5,0x08,0x00,0x01,0xF9,0x01,0xFA,0x0F,0x00,0x01,0xB1,
  0x01,0xFA,0x01,0x24,0x06,0x00,0x01,0xB1,0x02,0xFA,0x01,0x24,0x03,0x00,0x01,0x91,
  0x01,0xFA,0x01,0x8D,0x02,0x00,0x01,0x8D,0x01,0xFA,0x01,0x6D,0x02,0x00,0x01,0x48,
  0x01,0xFA,0x01,0xF9,0x06,0x00,0x01,0x6D,0x02,0xFA,0x01,0xD5,0x03,0x00,0x01,0xB1,
  0x01,0xFA,0x01,0x6D,0x06,0x00,0x01,0x91,0x02,0xFA,0x9C,0x00,0x02,0xFA,0x08,0x00,
  0x01,0xF9,0x01,0xFA,0x07,0x00,0x01,0xD9,0x01,0xFA,0x01,0x24,0x0A,0x00,0x01,0x8D,
  0x01,0xFA,0x01,0x24,0x07,0x00,0x01,0x6D,0x01,0xFA,0x01,0x6D,0x05,0x00,0x02,0xFA,
  0x07,0x00,0x01,0xD9,0x01,0xFA,0x01,0x24,0x03,0x00,0x01,0x48,0x01,0xFA,0x01,0xD5,
  0x08,0x00,0x01,0x91,0x01,0xFA,0x01,0x48,0x04,0x00,0x02,0xFA,0x08,0x00,0x01,0xF9,
  0x01,0xFA,0x0F,0x00,0x01,0x91,0x01,0xFA,0x01,0x24,0x07,0x00,0x01,0xD9,0x01,0xFA,
  0x01,0x24,0x03,0x00,0x01,0x48,0x01,0xFA,0x01,0xB5,0x02,0x00,0x01,0x8D,0x01,0xFA,
  0x01,0x24,0x02,0x00,0x01,0x24,0x01,0xFA,0x01,0xD5,0x07,0x00,0x01,0xB1,0x01,0xFA,
  0x01,0x91,0x03,0x00,0x01,0x6D,0x01,0xFA,0x01,0x8D,0x07,0x00,0x01,0xD5,0x01,0xFA,
  0x01,0x48,0x9B,0x00,0x01,0xD5,0x01,0xFA,0x01,0x24,0x07,0x00,0x01,0xFA,0x01,0xB1,
  0x07,0x00,0x01,0xB1,0x01,0xFA,0x01,0x24,0x0A,0x00,0x01,0xB1,0x01,0xF9,0x08,0x00,
  0x01,0x69,0x02,0xFA,0x01,0x6D,0x04,0x00,0x01,0xB1,0x01,0xFA,0x01,0x24,0x06,0x00,
  0x01,0xB1,0x01,0xFA,0x01,0x24,0x04,0x00,0x02,0xFA,0x08,0x00,0x01,0x6D,0x01,0xFA,
  0x01,0x44,0x04,0x00,0x01,0xD5,0x01,0xFA,0x01,0x24,0x07,0x00,0x01,0xFA,0x01,0xB1,
  0x0F,0x00,0x01,0x8D,0x01,0xFA,0x01,0x24,0x07,0x00,0x01,0xB1,0x01,0xFA,0x01,0x24,
  0x04,0x00,0x02,0xFA,0x02,0x00,0x01,0xD5,0x01,0xB1,0x03,0x00,0x01,0x20,0x01,0xFA,
  0x01,0x91,0x07,0x00,0x01,0xD5,0x01,0xFA,0x01,0x24,0x03,0x00,0x01,0x69,0x01,0xFA,
  0x01,0x91,0x07,0x00,0x01,0x8D,0x01,0xFA,0x01,0x8D,0x9B,0x00,0x01,0x8D,0x01,0xFA,
  0x01,0x49,0x06,0x00,0x01,0x24,0x01,0xFA,0x01,0x49,0x07,0x00,0x01,0xB1,0x01,0xFA,
  0x01,0x44,0x0A,0x00,0x01,0xD5,0x01,0x8D,0x09,0x00,0x01,0xD5,0x02,0xFA,0x01,0x69,
  0x03,0x00,0x01,0x8D,0x01,0xFA,0x01,0x24,0x06,0x00,0x01,0xB1,0x01,0xFA,0x01,0x44,
  0x04,0x00,0x01,0xB1,0x01,0xFA,0x01,0x24,0x07,0x00,0x01,0x6D,0x01,0xFA,0x05,0x00,
  0x01,0x8D,0x01,0xFA,0x01,0x49,0x06,0x00,0x01,0x24,0x01,0xFA,0x01,0x49,0x0F,0x00,
  0x01,0x8D,0x01,0xFA,0x01,0x24,0x07,0x00,0x01,0xB1,0x01,0xFA,0x01,0x44,0x04,0x00,
  0x01,0xD5,0x01,0xFA,0x01,0x69,0x02,0xD5,0x01,0x20,0x03,0x00,0x01,0x24,0x01,0xFA,
  0x01,0x48,0x06,0x00,0x01,0x44,0x01,0xFA,0x01,0x6D,0x04,0x00,0x01,0x48,0x01,0xFA,
  0x01,0xB1,0x07,0x00,0x01,0x49,0x01,0xFA,0x01,0x91,0x9B,0x00,0x01,0x48,0x01,0xFA,
  0x01,0x8D,0x06,0x00,0x01,0x8D,0x01,0xD5,0x08,0x00,0x01,0x91,0x01,0xFA,0x01,0x44,
  0x09,0x00,0x01,0x44,0x01,0xFA,0x01,0x24,0x09,0x00,0x01,0x24,0x01,0x91,0x01,0xB1,
  0x04,0x00,0x01,0x6D,0x01,0xFA,0x01,0x24,0x06,0x00,0x01,0x91,0x01,0xFA,0x01,0x44,
  0x04,0x00,0x01,0x6D,0x01,0xFA,0x01,0x69,0x07,0x00,0x02,0xB1,0x05,0x00,0x01,0x48,
  0x01,0xFA,0x01,0x8D,0x06,0x00,0x01,0x8D,0x01,0xD5,0x10,0x00,0x01,0x6D,0x01,0xFA,
  0x01,0x44,0x07,0x00,0x01,0x91,0x01,0xFA,0x01,0x44,0x04,0x00,0x01,0x91,0x02,0xFA,
  0x01,0xB1,0x05,0x00,0x01,0x6D,0x01,0xF9,0x07,0x00,0x01,0xB1,0x01,0xD5,0x05,0x00,
  0x01,0x44,0x01,0xFA,0x01,0xB1,0x07,0x00,0x01,0x24,0x01,0xFA,0x01,0xB1,0x9B,0x00,
  0x01,0x20,0x01,0xFA,0x01,0xD5,0x05,0x00,0x01,0x24,0x01,0xFA,0x01,0x48,0x08,0x00,
  0x01,0x91,0x01,0xFA,0x01,0x44,0x08,0x00,0x01,0x24,0x01,0xD5,0x01,0x8D,0x11,0x00,
  0x01,0x69,0x01,0xFA,0x01,0x44,0x06,0x00,0x01,0x91,0x01,0xFA,0x01,0x44,0x04,0x00,
  0x01,0x24,0x01,0xFA,0x01,0x91,0x06,0x00,0x01,0x24,0x01,0xFA,0x01,0x24,0x05,0x00,
  0x01,0x20,0x01,0xFA,0x01,0xD5,0x05,0x00,0x01,0x24,0x01,0xFA,0x01,0x48,0x10,0x00,
  0x01,0x6D,0x01,0xFA,0x01,0x48,0x07,0x00,0x01,0x91,0x01,0xFA,0x01,0x44,0x04,0x00,
  0x01,0x69,0x01,0xFA,0x01,0xB1,0x05,0x00,0x01,0x24,0x01,0xFA,0x01,0x6D,0x06,0x00,
  0x01,0x44,0x01,0xB1,0x06,0x00,0x01,0x24,0x01,0xFA,0x01,0xB1,0x08,0x00,0x01,0xFA,
  0x01,0xB5,0x9C,0x00,0x01,0xD5,0x01,0xFA,0x01,0x24,0x03,0x00,0x01,0x24,0x01,0xD9,
  0x01,0x91,0x09,0x00,0x01,0x8D,0x01,0xFA,0x01,0x44,0x07,0x00,0x01,0x69,0x01,0xFA,
  0x01,0xD5,0x12,0x00,0x01,0x69,0x01,0xFA,0x01,0x24,0x06,0x00,0x01,0x8D,0x01,0xFA,
  0x01,0x44,0x05,0x00,0x01,0xFA,0x01,0xD9,0x05,0x00,0x01,0x24,0x01,0xD5,0x01,0x8D,
  0x07,0x00,0x01,0xD5,0x01,0xFA,0x01,0x24,0x03,0x00,0x01,0x24,0x01,0xD9,0x01,0x91,
  0x11,0x00,0x01,0x6D,0x01,0xFA,0x01,0x48,0x07,0x00,0x01,0x8D,0x01,0xFA,0x01,0x44,
  0x04,0x00,0x01,0x24,0x01,0xFA,0x01,0xD5,0x04,0x00,0x01,0x48,0x01,0xFA,0x01,0xB5,
  0x0F,0x00,0x01,0x24,0x01,0xFA,0x01,0xB1,0x08,0x00,0x01,0xFA,0x01,0xB5,0x9C,0x00,
  0x01,0x8D,0x01,0xFA,0x01,0xB1,0x01,0x24,0x01,0x48,0x01,0x91,0x01,0xFA,0x01,0xB1,
  0x0A,0x00,0x01,0x8D,0x01,0xFA,0x01,0x24,0x04,0x00,0x01,0x44,0x01,0x91,0x03,0xFA,
  0x01,0x24,0x0B,0x00,0x07,0x24,0x01,0x6D,0x01,0xFA,0x07,0x00,0x01,0x8D,0x01,0xFA,
  0x01,0x24,0x05,0x00,0x01,0xB1,0x01,0xFA,0x01,0x8D,0x01,0x24,0x01,0x44,0x01,0x69,
  0x01,0xB1,0x01,0xFA,0x01,0xB1,0x08,0x00,0x01,0x8D,0x01,0xFA,0x01,0xB1,0x01,0x24,
  0x01,0x48,0x01,0x91,0x01,0xFA,0x01,0xB1,0x0C,0x00,0x06,0x24,0x01,0x8D,0x01,0xFA,
  0x01,0x91,0x01,0x24,0x06,0x00,0x01,0x8D,0x01,0xFA,0x01,0x24,0x05,0x00,0x01,0xF9,
  0x01,0xFA,0x01,0x69,0x01,0x44,0x01,0x6D,0x01,0xD5,0x01,0xFA,0x01,0xD5,0x10,0x00,
  0x01,0x24,0x01,0xFA,0x01,0x91,0x08,0x00,0x01,0xD9,0x01,0xB1,0x9C,0x00,0x01,0x24,
  0x05,0xFA,0x01,0x91,0x0B,0x00,0x01,0x8D,0x01,0xFA,0x01,0x24,0x03,0x00,0x01,0x24,
  0x03,0xFA,0x01,0xB1,0x01,0x24,0x0B,0x00,0x01,0x48,0x08,0xFA,0x01,0x8D,0x07,0x00,
  0x01,0x8D,0x01,0xFA,0x01,0x24,0x05,0x00,0x01,0x49,0x06,0xFA,0x01,0x8D,0x09,0x00,
  0x01,0x24,0x05,0xFA,0x01,0x91,0x0C,0x00,0x01,0x49,0x09,0xFA,0x01,0xD5,0x06,0x00,
  0x01,0x8D,0x01,0xFA,0x01,0x24,0x05,0x00,0x01,0x91,0x05,0xFA,0x01,0xB1,0x12,0x00,
  0x01,0xFA,0x01,0x48,0x08,0x00,0x01,0xD5,0x01,0x91,0x9D,0x00,0x01,0x6D,0x02,0xFA,
  0x01,0xB1,0x01,0x48,0x0C,0x00,0x01,0x8D,0x01,0xB1,0x04,0x00,0x01,0x91,0x01,0xD5,
  0x01,0x8D,0x01,0x24,0x0D,0x00,0x01,0xD5,0x08,0xFA,0x01,0x24,0x07,0x00,0x01,0x8D,
  0x01,0xB1,0x07,0x00,0x01,0x8D,0x02,0xFA,0x01,0xD5,0x01,0x8D,0x01,0x24,0x0B,0x00,
  0x01,0x6D,0x02,0xFA,0x01,0xB1,0x01,0x48,0x0D,0x00,0x0A,0xFA,0x01,0x44,0x06,0x00,
  0x01,0x8D,0x01,0xB1,0x06,0x00,0x01,0x24,0x01,0xD5,0x02,0xFA,0x01,0xB1,0x01,0x48,
  0x13,0x00,0x01,0xB1,0x09,0x00,0x01,0xB1,0x01,0x24,0xAE,0x00,0x01,0x48,0x01,0x24,
  0x26,0x00,0x01,0x48,0x01,0x24,0x3B,0x00,0x01,0x48,0x01,0x24,0xFF,0x00,0xFF,0x00,
  0xFF,0x00,0xFF,0x00,0xFF,0x00,0xFF,0x00,0xFF,0x00,0xFF,0x00,0xFF,0x00,0xFF,0x00,
  0x82,0x00,0xFF,0xFA,0xFF,0xFA,0x82,0xFA,0xFF,0x00,0xFF,0x00,0xFF,0x00,0xFF,0x00,
  0xFF,0x00,0xFF,0x00,0xFF,0x00,0xFF,0x00,0xFF,0x00,0xFF,0x00,0xFF,0x00,0xFF,0x00,
  0xFF,0x00,0xFF,0x00,0xFF,0x00,0xFF,0x00,0xFF,0x00,0x4D,0x00,0x01,0x24,0x01,0xDB,
  0x8E,0x00,0x01,0x24,0xAF,0x00,0x01,0x49,0x01,0xFF,0x5B,0x00,0x01,0x6D,0x03,0x00,
  0x01,0x92,0x04,0x00,0x01,0x6D,0x0A,0x00,0x01,0x49,0x01,0xDB,0x01,0x6D,0x06,0x00,
  0x01,0x6D,0x09,0x00,0x01,0x49,0x01,0x24,0x09,0x00,0x01,0x49,0x01,0xB6,0x09,0x00,
  0x01,0x49,0x01,0x24,0x06,0x00,0x01,0xDB,0x01,0xB6,0x05,0x00,0x01,0x6D,0x09,0x00,
  0x01,0xB6,0x01,0x92,0x08,0x00,0x01,0x6D,0x0A,0x00,0x01,0xB6,0x0A,0x00,0x01,0x6D,
  0x09,0x00,0x01,0xDB,0x01,0x49,0x03,0x00,0x01,0xDB,0x03,0x00,0x01,0x6D,0x09,0x00,
  0x01,0xDB,0x01,0x24,0x02,0x00,0x01,0xDB,0x02,0x00,0x01,0x6D,0x01,0x49,0x05,0x00,
  0x01,0x49,0x01,0x24,0x06,0x00,0x01,0x49,0x01,0x24,0x05,0x00,0x01,0x49,0x0A,0x00,
  0x01,0x24,0x18,0x00,0x01,0x6D,0x09,0x00,0x01,0xB6,0x01,0x92,0x03,0x00,0x01,0x24,
  0x01,0xFF,0x0B,0x00,0x01,0x49,0x01,0xDB,0x01,0x6D,0x05,0x00,0x01,0xB6,0x01,0x92,
  0x10,0x00,0x01,0x6D,0x34,0x00,0x01,0x24,0x06,0xFF,0x01,0x24,0x01,0x00,0x01,0xDB,
  0x07,0xFF,0x01,0x6D,0x02,0x00,0x01,0x24,0x02,0xB6,0x02,0xFF,0x01,0x49,0x03,0x00,
  0x01,0xB6,0x06,0xFF,0x01,0x6D,0x02,0x00,0x01,0x24,0x04,0xFF,0x01,0xDB,0x01,0x24,
  0x05,0x00,0x07,0xFF,0x01,0x92,0x03,0x00,0x04,0xFF,0x01,0xB6,0x03,0x00,0x01,0xB6,
  0x01,0xFF,0x01,0xDB,0x03,0x00,0x01,0xDB,0x07,0xFF,0x01,0x6D,0x02,0x00,0x01,0xDB,
  0x02,0xFF,0x01,0x24,0x05,0x00,0x01,0xB6,0x06,0xFF,0x01,0x6D,0x03,0x00,0x01,0xDB,
  0x07,0xFF,0x01,0x6D,0x02,0x00,0x01,0xDB,0x07,0xFF,0x01,0x6D,0x02,0x00,0x01,0xFF,
  0x01,0xDB,0x03,0x00,0x01,0xFF,0x01,0x49,0x01,0x00,0x01,0xB6,0x06,0xFF,0x01,0x6D,
  0x03,0x00,0x01,0xFF,0x01,0x92,0x01,0x00,0x01,0x49,0x01,0xFF,0x01,0x24,0x01,0x00,
  0x01,0xFF,0x01,0x92,0x05,0x00,0x04,0xFF,0x01,0xB6,0x03,0x00,0x02,0xFF,0x01,0x6D,
  0x03,0x00,0x01,0x49,0x05,0xFF,0x01,0x92,0x04,0x00,0x02,0xDB,0x02,0x00,0x01,0x92,
  0x01,0xFF,0x01,0xDB,0x01,0x24,0x11,0x00,0x01,0xDB,0x07,0xFF,0x01,0x6D,0x02,0x00,
  0x01,0xDB,0x01,0xFF,0x01,0xDB,0x03,0x00,0x06,0xFF,0x05,0x00,0x01,0x24,0x02,0xB6,
  0x02,0xFF,0x01,0x49,0x03,0x00,0x01,0xDB,0x01,0xFF,0x01,0xDB,0x03,0x00,0x01,0xDB,
  0x01,0x6D,0x02,0x00,0x01,0x6D,0x01,0xDB,0x01,0xFF,0x01,0xB6,0x03,0x00,0x01,0xDB,
  0x07,0xFF,0x01,0x6D,0x2D,0x00,0x01,0x24,0x03,0x6D,0x01,0x92,0x01,0xFF,0x01,0x6D,
  0x02,0x00,0x01,0xB6,0x01,0xFF,0x05,0x6D,0x02,0xDB,0x02,0x00,0x01,0xB6,0x01,0x24,
  0x01,0x00,0x01,0x24,0x01,0xDB,0x01,0xFF,0x03,0x00,0x06,0x6D,0x01,0xB6,0x01,0xFF,
  0x02,0x00,0x01,0x24,0x04,0x6D,0x01,0xFF,0x01,0x92,0x05,0x00,0x01,0x49,0x02,0xDB,
  0x03,0x6D,0x01,0x92,0x01,0xFF,0x01,0x24,0x01,0x00,0x01,0x24,0x03,0x6D,0x01,0x92,
  0x01,0xFF,0x01,0xB6,0x03,0x00,0x01,0x49,0x01,0xFF,0x01,0x49,0x02,0x00,0x01,0xB6,
  0x01,0xFF,0x05,0x6D,0x02,0xDB,0x03,0x00,0x01,0x6D,0x01,0xFF,0x01,0xB6,0x05,0x00,
  0x06,0x6D,0x01,0xB6,0x01,0xFF,0x03,0x00,0x01,0x49,0x01,0xFF,0x01,0x92,0x04,0x6D,
  0x02,0xDB,0x02,0x00,0x01,0xB6,0x01,0xFF,0x05,0x6D,0x02,0xDB,0x02,0x00,0x01,0x6D,
  0x01,0xFF,0x03,0x00,0x01,0xFF,0x01,0x6D,0x01,0x00,0x06,0x6D,0x01,0xB6,0x01,0xFF,
  0x03,0x00,0x01,0x92,0x01,0xDB,0x02,0x00,0x01,0xFF,0x01,0x24,0x01,0x00,0x02,0xB6,
  0x04,0x00,0x01,0x24,0x03,0x6D,0x01,0x92,0x01,0xFF,0x01,0xB6,0x02,0x00,0x01,0x6D,
  0x02,0xFF,0x01,0xB6,0x02,0x00,0x01,0xB6,0x01,0xFF,0x03,0x6D,0x01,0xB6,0x01,0xFF,
  0x01,0xB6,0x03,0x00,0x01,0x92,0x01,0xFF,0x01,0x49,0x02,0x92,0x01,0x6D,0x01,0xDB,
  0x01,0xFF,0x06,0x00,0x06,0xFF,0x01,0x6D,0x04,0x00,0x01,0xB6,0x01,0xFF,0x05,0x6D,
  0x02,0xDB,0x03,0x00,0x01,0x92,0x01,0xFF,0x01,0x92,0x02,0x00,0x01,0x49,0x04,0x6D,
  0x01,0xFF,0x01,0x49,0x04,0x00,0x01,0xB6,0x01,0x24,0x01,0x00,0x01,0x24,0x01,0xDB,
  0x01,0xFF,0x04,0x00,0x01,0x92,0x01,0xFF,0x01,0x92,0x02,0x00,0x02,0xDB,0x01,0x00,
  0x01,0x49,0x01,0xDB,0x01,0x6D,0x01,0x92,0x01,0xFF,0x01,0xB6,0x02,0x00,0x01,0xB6,
  0x01,0xFF,0x05,0x6D,0x02,0xDB,0x0B,0x00,0x03,0xFF,0x24,0x00,0x01,0xFF,0x04,0x00,
  0x01,0xFF,0x01,0x24,0x04,0x00,0x01,0x6D,0x01,0xDB,0x02,0x00,0x01,0xFF,0x01,0x49,
  0x03,0x00,0x01,0xFF,0x01,0x24,0x03,0x00,0x01,0x49,0x05,0x00,0x01,0xFF,0x01,0x24,
  0x06,0x00,0x01,0x6D,0x01,0x92,0x06,0x00,0x01,0x49,0x01,0xFF,0x04,0x00,0x01,0xDB,
  0x01,0x49,0x06,0x00,0x01,0x49,0x01,0xFF,0x04,0x00,0x01,0xB6,0x01,0x92,0x03,0x00,
  0x01,0xFF,0x01,0x24,0x04,0x00,0x01,0x6D,0x01,0xDB,0x04,0x00,0x01,0x92,0x01,0xDB,
  0x06,0x00,0x01,0x49,0x05,0x00,0x01,0xFF,0x01,0x24,0x03,0x00,0x01,0xFF,0x01,0x24,
  0x04,0x00,0x01,0x6D,0x01,0xB6,0x03,0x00,0x01,0xFF,0x01,0x24,0x04,0x00,0x01,0x6D,
  0x01,0xDB,0x03,0x00,0x01,0xFF,0x01,0x49,0x02,0x00,0x01,0xB6,0x01,0x6D,0x02,0x00,
  0x01,0x49,0x05,0x00,0x01,0xFF,0x01,0x24,0x02,0x00,0x01,0x24,0x01,0xFF,0x02,0x00,
  0x01,0xFF,0x02,0x00,0x01,0x92,0x01,0xB6,0x09,0x00,0x01,0x49,0x01,0xFF,0x04,0x00,
  0x01,0xDB,0x01,0xFF,0x02,0x00,0x01,0x6D,0x01,0xFF,0x04,0x00,0x01,0x49,0x01,0xFF,
  0x01,0x24,0x03,0x00,0x01,0xFF,0x01,0xB6,0x01,0x6D,0x03,0x00,0x01,0xFF,0x01,0x49,
  0x11,0x00,0x01,0xFF,0x01,0x24,0x04,0x00,0x01,0x6D,0x01,0xDB,0x04,0x00,0x02,0xB6,
  0x07,0x00,0x01,0xDB,0x01,0x49,0x04,0x00,0x01,0xFF,0x01,0x49,0x03,0x00,0x01,0xFF,
  0x01,0x24,0x04,0x00,0x02,0xB6,0x02,0x00,0x01,0x49,0x01,0xFF,0x05,0x00,0x01,0x6D,
  0x01,0xFF,0x03,0x00,0x01,0xFF,0x01,0x24,0x04,0x00,0x01,0x6D,0x01,0xDB,0x0A,0x00,
  0x05,0xFF,0x23,0x00,0x01,0xFF,0x04,0x00,0x01,0xDB,0x01,0x49,0x04,0x00,0x01,0x6D,
  0x01,0x92,0x02,0x00,0x01,0xB6,0x01,0xFF,0x01,0x49,0x02,0x00,0x01,0xDB,0x01,0x49,
  0x03,0x00,0x01,0xFF,0x05,0x00,0x01,0xFF,0x01,0x24,0x06,0x00,0x01,0x6D,0x01,0xB6,
  0x07,0x00,0x01,0xFF,0x04,0x00,0x01,0xDB,0x01,0x49,0x07,0x00,0x01,0xFF,0x01,0x24,
  0x03,0x00,0x01,0x92,0x01,0xB6,0x03,0x00,0x01,0xDB,0x01,0x49,0x04,0x00,0x01,0x6D,
  0x01,0x92,0x04,0x00,0x01,0x49,0x01,0xFF,0x06,0x00,0x01,0xFF,0x05,0x00,0x01,0xFF,
  0x01,0x24,0x03,0x00,0x01,0xFF,0x01,0x49,0x04,0x00,0x01,0x92,0x01,0x6D,0x03,0x00,
  0x01,0xDB,0x01,0x49,0x04,0x00,0x01,0x6D,0x01,0x92,0x03,0x00,0x01,0x92,0x01,0xB6,
  0x02,0x00,0x01,0xB6,0x01,0x49,0x02,0x00,0x01,0xFF,0x05,0x00,0x01,0xFF,0x01,0x24,
  0x03,0x00,0x01,0xFF,0x01,0x49,0x01,0xB6,0x01,0x49,0x02,0x00,0x01,0x92,0x01,0x6D,
  0x0A,0x00,0x01,0xFF,0x01,0x24,0x03,0x00,0x01,0x92,0x01,0xB6,0x02,0x00,0x01,0x49,
  0x01,0xFF,0x05,0x00,0x01,0xDB,0x01,0x6D,0x03,0x00,0x01,0xB6,0x01,0xDB,0x04,0x00,
  0x01,0xB6,0x01,0x92,0x11,0x00,0x01,0xDB,0x01,0x49,0x04,0x00,0x01,0x6D,0x01,0x92,
  0x04,0x00,0x01,0x92,0x01,0xB6,0x07,0x00,0x01,0xDB,0x05,0x00,0x01,0xB6,0x01,0xFF,
  0x01,0x49,0x02,0x00,0x01,0xDB,0x01,0x49,0x04,0x00,0x01,0x92,0x01,0xB6,0x03,0x00,
  0x01,0xFF,0x01,0x49,0x05,0x00,0x01,0xFF,0x03,0x00,0x01,0xDB,0x01,0x49,0x04,0x00,
  0x01,0x6D,0x01,0x92,0x09,0x00,0x07,0xFF,0x22,0x00,0x01,0xFF,0x04,0x00,0x02,0x92,
  0x04,0x00,0x01,0xDB,0x04,0x00,0x01,0x92,0x03,0x00,0x01,0xB6,0x01,0x49,0x03,0x00,
  0x01,0xFF,0x05,0x00,0x01,0xDB,0x01,0x49,0x06,0x00,0x01,0x6D,0x01,0xB6,0x07,0x00,
  0x01,0xDB,0x01,0x49,0x03,0x00,0x01,0xB6,0x01,0x6D,0x07,0x00,0x01,0xFF,0x01,0x49,
  0x03,0x00,0x01,0x6D,0x01,0xDB,0x03,0x00,0x02,0x92,0x04,0x00,0x01,0xDB,0x05,0x00,
  0x01,0x24,0x01,0xFF,0x06,0x00,0x01,0xFF,0x05,0x00,0x01,0xDB,0x01,0x49,0x03,0x00,
  0x01,0xFF,0x01,0x49,0x04,0x00,0x01,0xB6,0x04,0x00,0x02,0x92,0x04,0x00,0x01,0xDB,
  0x04,0x00,0x01,0x49,0x01,0xFF,0x02,0x00,0x01,0xB6,0x03,0x00,0x01,0xFF,0x05,0x00,
  0x01,0xDB,0x01,0x49,0x03,0x00,0x01,0xB6,0x01,0xFF,0x01,0x49,0x03,0x00,0x01,0xDB,
  0x0B,0x00,0x01,0xFF,0x01,0x49,0x03,0x00,0x01,0xDB,0x01,0x24,0x02,0x00,0x01,0x24,
  0x01,0xFF,0x05,0x00,0x01,0xB6,0x01,0x92,0x03,0x00,0x01,0xB6,0x01,0x6D,0x04,0x00,
  0x01,0x6D,0x01,0xB6,0x05,0x00,0x06,0xFF,0x01,0x6D,0x05,0x00,0x02,0x92,0x04,0x00,
  0x01,0xDB,0x05,0x00,0x01,0x6D,0x01,0xB6,0x06,0x00,0x01,0x24,0x01,0x92,0x06,0x00,
  0x01,0x92,0x03,0x00,0x01,0xB6,0x01,0x49,0x04,0x00,0x01,0x6D,0x01,0xB6,0x03,0x00,
  0x01,0xB6,0x01,0x6D,0x04,0x00,0x01,0x24,0x01,0xB6,0x03,0x00,0x02,0x92,0x04,0x00,
  0x01,0xDB,0x0A,0x00,0x07,0xFF,0x22,0x00,0x01,0xFF,0x01,0x24,0x03,0x00,0x01,0x49,
  0x01,0xDB,0x03,0x00,0x02,0x6D,0x08,0x00,0x01,0xB6,0x01,0x49,0x03,0x00,0x01,0xFF,
  0x05,0x00,0x01,0xDB,0x01,0x49,0x06,0x00,0x01,0x6D,0x01,0xB6,0x07,0x00,0x01,0xB6,
  0x01,0x49,0x03,0x00,0x01,0xB6,0x01,0x6D,0x07,0x00,0x01,0xDB,0x01,0x49,0x02,0x00,
  0x01,0x49,0x01,0xDB,0x01,0xFF,0x03,0x00,0x01,0x49,0x01,0xDB,0x03,0x00,0x02,0x6D,
  0x05,0x00,0x01,0x24,0x01,0xFF,0x06,0x00,0x01,0xFF,0x05,0x00,0x01,0xDB,0x01,0x49,
  0x03,0x00,0x01,0xDB,0x01,0x49,0x03,0x00,0x01,0x6D,0x01,0x49,0x04,0x00,0x01,0x49,
  0x01,0xDB,0x03,0x00,0x02,0x6D,0x05,0x00,0x01,0xFF,0x01,0x49,0x01,0xDB,0x01,0x6D,
  0x03,0x00,0x01,0xFF,0x05,0x00,0x01,0xDB,0x01,0x49,0x03,0x00,0x01,0x92,0x01,0xB6,
  0x03,0x00,0x01,0xB6,0x01,0x6D,0x0B,0x00,0x01,0xDB,0x01,0x49,0x02,0x00,0x02,0x49,
  0x03,0x00,0x01,0x24,0x01,0xFF,0x05,0x00,0x02,0x92,0x03,0x00,0x01,0xDB,0x01,0x24,
  0x04,0x00,0x01,0x49,0x01,0xB6,0x11,0x00,0x01,0x49,0x01,0xDB,0x03,0x00,0x02,0x6D,
  0x05,0x00,0x01,0x6D,0x01,0xB6,0x05,0x00,0x01,0x24,0x01,0xDB,0x0B,0x00,0x01,0xB6,
  0x01,0x49,0x04,0x00,0x01,0x6D,0x01,0xB6,0x03,0x00,0x01,0x6D,0x01,0xB6,0x04,0x00,
  0x01,0xB6,0x04,0x00,0x01,0x49,0x01,0xDB,0x03,0x00,0x02,0x6D,0x0A,0x00,0x07,0xFF,
  0x22,0x00,0x01,0xFF,0x01,0x24,0x04,0x00,0x01,0xFF,0x02,0x92,0x01,0xDB,0x01,0x92,
  0x04,0x00,0x01,0x49,0x04,0x6D,0x01,0xDB,0x04,0x00,0x01,0xFF,0x05,0x00,0x01,0xDB,
  0x01,0x49,0x02,0x00,0x01,0x49,0x03,0x6D,0x01,0xB6,0x01,0xFF,0x01,0x49,0x04,0x00,
  0x01,0x24,0x01,0x6D,0x01,0xB6,0x01,0x24,0x03,0x00,0x01,0x92,0x01,0x6D,0x07,0x00,
  0x01,0xDB,0x01,0x49,0x01,0x00,0x01,0x92,0x01,0xFF,0x01,0x24,0x01,0xFF,0x04,0x00,
  0x01,0xFF,0x02,0x92,0x01,0xDB,0x01,0x92,0x04,0x00,0x01,0x49,0x01,0x6D,0x02,0x92,
  0x06,0x00,0x01,0xFF,0x05,0x00,0x01,0xDB,0x01,0x49,0x03,0x00,0x01,0xDB,0x01,0x49,
  0x01,0x00,0x01,0x92,0x01,0xFF,0x01,0x92,0x06,0x00,0x01,0xFF,0x02,0x92,0x01,0xDB,
  0x01,0x92,0x05,0x00,0x01,0x24,0x02,0xFF,0x01,0x49,0x04,0x00,0x01,0xFF,0x05,0x00,
  0x01,0xDB,0x01,0x49,0x03,0x00,0x01,0x49,0x01,0xFF,0x01,0x6D,0x01,0x92,0x01,0xFF,
  0x01,0x92,0x0C,0x00,0x01,0xDB,0x01,0x49,0x08,0x00,0x01,0xFF,0x05,0x00,0x01,0x6D,
  0x01,0x92,0x03,0x00,0x01,0xFF,0x01,0x00,0x01,0x24,0x03,0x6D,0x01,0x92,0x01,0x6D,
  0x12,0x00,0x01,0xFF,0x02,0x92,0x01,0xDB,0x01,0x92,0x06,0x00,0x01,0x6D,0x01,0xB6,
  0x03,0x00,0x01,0x6D,0x01,0xDB,0x01,0xFF,0x01,0x24,0x06,0x00,0x01,0x49,0x04,0x6D,
  0x01,0xDB,0x05,0x00,0x01,0x6D,0x01,0xB6,0x03,0x00,0x01,0x24,0x01,0xFF,0x01,0x92,
  0x01,0x6D,0x01,0x92,0x01,0xDB,0x01,0x49,0x05,0x00,0x01,0xFF,0x02,0x92,0x01,0xDB,
  0x01,0x92,0x0C,0x00,0x05,0xFF,0x23,0x00,0x01,0x92,0x05,0x00,0x01,0x92,0x01,0xFF,
  0x01,0xDB,0x01,0x49,0x04,0x00,0x01,0x24,0x05,0xFF,0x01,0x92,0x04,0x00,0x01,0x92,
  0x05,0x00,0x01,0x92,0x02,0x00,0x01,0x24,0x06,0xFF,0x01,0x6D,0x03,0x00,0x01,0x24,
  0x02,0xFF,0x01,0xDB,0x04,0x00,0x01,0x6D,0x08,0x00,0x01,0x92,0x01,0x00,0x01,0x24,
  0x01,0xB6,0x01,0x24,0x01,0x00,0x01,0xB6,0x04,0x00,0x01,0x92,0x01,0xFF,0x01,0xDB,
  0x01,0x49,0x04,0x00,0x01,0x49,0x03,0xFF,0x01,0x24,0x06,0x00,0x01,0x92,0x05,0x00,
  0x01,0x92,0x04,0x00,0x01,0xDB,0x02,0x49,0x01,0xB6,0x01,0x49,0x07,0x00,0x01,0x92,
  0x01,0xFF,0x01,0xDB,0x01,0x49,0x05,0x00,0x01,0xB6,0x01,0xFF,0x01,0xB6,0x06,0x00,
  0x01,0x92,0x05,0x00,0x01,0x92,0x05,0x00,0x01,0xB6,0x01,0xFF,0x01,0xDB,0x01,0x49,
  0x0D,0x00,0x01,0x92,0x09,0x00,0x01,0xDB,0x05,0x00,0x01,0x49,0x01,0x92,0x02,0x00,
  0x02,0x6D,0x01,0x00,0x05,0xFF,0x13,0x00,0x01,0x92,0x01,0xFF,0x01,0xDB,0x01,0x49,
  0x07,0x00,0x02,0x6D,0x02,0x00,0x01,0x49,0x01,0xDB,0x01,0x6D,0x07,0x00,0x01,0x24,
  0x05,0xFF,0x01,0x92,0x05,0x00,0x02,0x6D,0x04,0x00,0x01,0x92,0x02,0xFF,0x01,0x92,
  0x01,0x24,0x06,0x00,0x01,0x92,0x01,0xFF,0x01,0xDB,0x01,0x49,0x0E,0x00,0x03,0xFF,
  0x8B,0x00,0x01,0xDB,0x01,0x49,0x12,0x00,0x01,0x49,0x01,0xB6,0x01,0x24,0x2E,0x00,
  0x01,0x24,0x05,0x00,0x01,0x24,0x03,0x00,0x01,0x49,0xF0,0x00,0x01,0xDB,0x01,0x49,
  0xFF,0x00,0x3F,0x00,0x01,0xB6,0xFF,0x00,0xFF,0x00,0xFF,0x00,0xFF,0x00,0xFF,0x00,
  0xFF,0x00,0xFF,0x00,0xFF,0x00,0xFF,0x00,0xFF,0x00,0xFF,0x00,0xAD,0x00,0x01,0x24,
  0x01,0xD5,0xFF,0x00,0x3F,0x00,0x01,0x48,0x01,0xFA,0xEC,0x00,0x01,0x44,0x01,0x8D,
  0x09,0x00,0x01,0x44,0x01,0x24,0x05,0x00,0x01,0x6D,0x09,0x00,0x01,0xB1,0x01,0x91,
  0x04,0x00,0x01,0x44,0x01,0x24,0x06,0x00,0x01,0xB1,0x01,0x91,0x04,0x00,0x01,0xD5,
  0x01,0x24,0x02,0x00,0x01,0xD5,0x02,0x00,0x01,0x68,0x01,0x48,0x05,0x00,0x01,0x44,
  0x01,0x24,0x04,0x00,0x01,0xB1,0x01,0x91,0x05,0x00,0x01,0x44,0x01,0xD5,0x01,0x6D,
  0x04,0x00,0x01,0x24,0x01,0xFA,0x0A,0x00,0x01,0x44,0x01,0x8D,0x09,0x00,0x01,0x44,
  0x01,0x24,0x04,0x00,0x01,0x48,0x01,0x24,0x06,0x00,0x01,0xD5,0x01,0x24,0x02,0x00,
  0x01,0xD5,0x02,0x00,0x01,0x68,0x01,0x48,0x03,0x00,0x01,0x48,0x0A,0x00,0x01,0x24,
  0xB1,0x00,0x07,0xFA,0x01,0xD5,0x03,0x00,0x02,0xFA,0x01,0x6D,0x03,0x00,0x01,0xD5,
  0x07,0xFA,0x01,0x6D,0x02,0x00,0x01,0xD5,0x01,0xFA,0x01,0xF9,0x01,0x24,0x02,0x00,
  0x04,0xFA,0x01,0xB5,0x01,0x24,0x02,0x00,0x01,0xD5,0x01,0xFA,0x01,0xF9,0x01,0x24,
  0x02,0x00,0x01,0xFA,0x01,0x8D,0x01,0x00,0x01,0x48,0x01,0xFA,0x01,0x24,0x01,0x00,
  0x01,0xFA,0x01,0x91,0x05,0x00,0x02,0xFA,0x01,0x6D,0x03,0x00,0x01,0xD5,0x01,0xFA,
  0x01,0xF9,0x01,0x24,0x02,0x00,0x01,0x20,0x01,0xB1,0x01,0xB5,0x02,0xFA,0x01,0x44,
  0x03,0x00,0x05,0xFA,0x01,0xF9,0x05,0x00,0x07,0xFA,0x01,0xD5,0x03,0x00,0x02,0xFA,
  0x01,0x6D,0x02,0x00,0x01,0x20,0x04,0xFA,0x01,0xD5,0x01,0x20,0x02,0x00,0x01,0xFA,
  0x01,0x8D,0x01,0x00,0x01,0x48,0x01,0xFA,0x01,0x24,0x01,0x00,0x01,0xFA,0x01,0x91,
  0x02,0x00,0x01,0x48,0x05,0xFA,0x01,0x91,0x04,0x00,0x02,0xD5,0x02,0x00,0x01,0x91,
  0x01,0xFA,0x01,0xD5,0x01,0x24,0xAB,0x00,0x01,0xD5,0x01,0xB5,0x04,0x68,0x01,0x8D,
  0x01,0xFA,0x01,0x6D,0x02,0x00,0x01,0x68,0x02,0xFA,0x01,0xB1,0x02,0x00,0x01,0xB1,
  0x01,0xFA,0x05,0x68,0x02,0xD5,0x03,0x00,0x01,0x6D,0x01,0xFA,0x01,0xB1,0x01,0x00,
  0x01,0x20,0x03,0x68,0x01,0x6D,0x01,0xF9,0x01,0xFA,0x03,0x00,0x01,0x6D,0x01,0xFA,
  0x01,0xB1,0x02,0x00,0x01,0x8D,0x01,0xD5,0x02,0x00,0x01,0xFA,0x01,0x20,0x01,0x00,
  0x01,0xB5,0x01,0xB1,0x05,0x00,0x01,0x68,0x02,0xFA,0x01,0xB1,0x03,0x00,0x01,0x6D,
  0x01,0xFA,0x01,0xB1,0x02,0x00,0x01,0xB5,0x01,0x24,0x01,0x00,0x01,0x24,0x01,0xD5,
  0x01,0xF9,0x03,0x00,0x01,0x48,0x03,0x68,0x01,0x6D,0x01,0xFA,0x01,0x48,0x04,0x00,
  0x01,0xD5,0x01,0xB5,0x04,0x68,0x01,0x8D,0x01,0xFA,0x01,0x6D,0x02,0x00,0x01,0x68,
  0x02,0xFA,0x01,0xB1,0x01,0x00,0x01,0x20,0x03,0x68,0x01,0x6C,0x01,0xF9,0x01,0x8D,
  0x02,0x00,0x01,0x8D,0x01,0xD5,0x02,0x00,0x01,0xFA,0x01,0x20,0x01,0x00,0x01,0xB5,
  0x01,0xB1,0x02,0x00,0x01,0xB1,0x01,0xFA,0x03,0x68,0x01,0x91,0x01,0xFA,0x01,0xB1,
  0x03,0x00,0x01,0x91,0x01,0xFA,0x01,0x44,0x02,0x91,0x01,0x6D,0x01,0xD5,0x01,0xFA,
  0x0C,0x00,0x03,0xFA,0x9C,0x00,0x01,0xB1,0x01,0x6D,0x05,0x00,0x02,0x91,0x04,0x00,
  0x01,0xD5,0x01,0xFA,0x03,0x00,0x01,0xFA,0x01,0x24,0x04,0x00,0x01,0x68,0x01,0xD5,
  0x04,0x00,0x01,0x8D,0x01,0xD5,0x06,0x00,0x01,0x24,0x01,0xFA,0x01,0x68,0x03,0x00,
  0x01,0x8D,0x01,0xD5,0x02,0x00,0x01,0x24,0x01,0xFA,0x02,0x00,0x01,0xF9,0x02,0x00,
  0x01,0x91,0x01,0xB1,0x07,0x00,0x01,0xD5,0x01,0xFA,0x04,0x00,0x01,0x8D,0x01,0xD5,
  0x02,0x00,0x01,0xFA,0x01,0x44,0x03,0x00,0x01,0xFA,0x01,0x24,0x07,0x00,0x01,0xD5,
  0x01,0x48,0x04,0x00,0x01,0xB1,0x01,0x6D,0x05,0x00,0x02,0x91,0x04,0x00,0x01,0xD5,
  0x01,0xFA,0x06,0x00,0x01,0x6D,0x01,0x91,0x02,0x00,0x01,0x24,0x01,0xFA,0x02,0x00,
  0x01,0xF9,0x02,0x00,0x01,0x91,0x01,0xB1,0x02,0x00,0x01,0x6C,0x01,0xFA,0x04,0x00,
  0x01,0x48,0x01,0xFA,0x01,0x24,0x03,0x00,0x01,0xFA,0x01,0xB1,0x01,0x68,0x03,0x00,
  0x01,0xFA,0x01,0x48,0x0A,0x00,0x05,0xFA,0x9B,0x00,0x01,0x91,0x01,0x8D,0x05,0x00,
  0x01,0x6D,0x01,0xB1,0x04,0x00,0x01,0x8D,0x01,0xB5,0x03,0x00,0x01,0xD5,0x01,0x48,
  0x04,0x00,0x01,0x6D,0x01,0x8D,0x04,0x00,0x01,0x44,0x01,0xF9,0x07,0x00,0x01,0xB1,
  0x01,0x8D,0x03,0x00,0x01,0x44,0x01,0xF9,0x03,0x00,0x01,0xFA,0x01,0x48,0x01,0xB1,
  0x01,0x48,0x02,0x00,0x01,0x8D,0x01,0x68,0x07,0x00,0x01,0x8D,0x01,0xB5,0x04,0x00,
  0x01,0x44,0x01,0xF9,0x02,0x00,0x01,0xB5,0x01,0xFA,0x01,0x48,0x02,0x00,0x01,0xD5,
  0x01,0x44,0x07,0x00,0x01,0xD5,0x05,0x00,0x01,0x91,0x01,0x8D,0x05,0x00,0x01,0x6D,
  0x01,0xB1,0x04,0x00,0x01,0x8D,0x01,0xB5,0x06,0x00,0x01,0x6C,0x01,0xB1,0x03,0x00,
  0x01,0xFA,0x01,0x48,0x01,0xB1,0x01,0x48,0x02,0x00,0x01,0x8D,0x01,0x68,0x02,0x00,
  0x01,0x48,0x01,0xFA,0x05,0x00,0x01,0xD5,0x01,0x68,0x03,0x00,0x01,0xB5,0x01,0xD5,
  0x04,0x00,0x01,0xB1,0x01,0x8D,0x09,0x00,0x07,0xFA,0x9A,0x00,0x02,0x8D,0x05,0x00,
  0x01,0x68,0x01,0xB1,0x04,0x00,0x01,0xD9,0x01,0x24,0x03,0x00,0x02,0x91,0x04,0x00,
  0x01,0xD5,0x05,0x00,0x01,0x24,0x01,0xFA,0x07,0x00,0x01,0x91,0x01,0x68,0x03,0x00,
  0x01,0x24,0x01,0xFA,0x03,0x00,0x01,0xB5,0x01,0xFA,0x01,0x48,0x03,0x00,0x01,0xD5,
  0x08,0x00,0x01,0xD9,0x01,0x24,0x04,0x00,0x01,0x24,0x01,0xFA,0x03,0x00,0x01,0x8D,
  0x03,0x00,0x01,0xB5,0x01,0x48,0x06,0x00,0x01,0x24,0x01,0x91,0x05,0x00,0x02,0x8D,
  0x05,0x00,0x01,0x68,0x01,0xB1,0x04,0x00,0x01,0xD9,0x01,0x24,0x06,0x00,0x01,0x68,
  0x01,0xB1,0x03,0x00,0x01,0xB5,0x01,0xFA,0x01,0x48,0x03,0x00,0x01,0xD5,0x03,0x00,
  0x01,0x24,0x01,0xFA,0x05,0x00,0x01,0xB1,0x01,0x8D,0x03,0x00,0x01,0xB1,0x01,0x6D,
  0x04,0x00,0x01,0x6C,0x01,0xB1,0x09,0x00,0x07,0xFA,0x9A,0x00,0x02,0x8D,0x05,0x00,
  0x01,0x68,0x01,0xB1,0x03,0x00,0x02,0x48,0x04,0x00,0x01,0x48,0x01,0xD9,0x03,0x00,
  0x02,0x6D,0x05,0x00,0x01,0x24,0x01,0xF9,0x07,0x00,0x01,0xB1,0x04,0x00,0x01,0x24,
  0x01,0xF9,0x03,0x00,0x01,0x8D,0x01,0xB1,0x03,0x00,0x01,0xB1,0x01,0x6D,0x07,0x00,
  0x02,0x48,0x05,0x00,0x01,0x24,0x01,0xF9,0x07,0x00,0x01,0xB1,0x01,0x48,0x05,0x00,
  0x01,0x24,0x01,0xD5,0x06,0x00,0x02,0x8D,0x05,0x00,0x01,0x68,0x01,0xB1,0x03,0x00,
  0x02,0x48,0x07,0x00,0x01,0x68,0x01,0xB1,0x03,0x00,0x01,0x8D,0x01,0xB1,0x03,0x00,
  0x01,0xB1,0x01,0x6D,0x03,0x00,0x01,0x24,0x01,0xFA,0x05,0x00,0x01,0x8D,0x01,0x91,
  0x03,0x00,0x01,0xD5,0x01,0x24,0x04,0x00,0x01,0x48,0x01,0xB1,0x09,0x00,0x07,0xFA,
  0x9A,0x00,0x01,0x6D,0x01,0xD5,0x05,0x68,0x01,0xB1,0x01,0x68,0x0A,0x00,0x01,0xFA,
  0x01,0x91,0x01,0x8D,0x01,0xD5,0x01,0x8D,0x04,0x00,0x01,0x48,0x01,0x68,0x01,0x8D,
  0x01,0x91,0x02,0x00,0x01,0x44,0x03,0x68,0x01,0x8D,0x01,0x6D,0x02,0x00,0x01,0x48,
  0x01,0x68,0x01,0x8D,0x01,0x91,0x03,0x00,0x01,0x44,0x01,0xFA,0x01,0x6D,0x01,0x8D,
  0x01,0xF9,0x01,0x91,0x0D,0x00,0x01,0x48,0x01,0x68,0x01,0x8D,0x01,0x91,0x02,0x00,
  0x01,0x44,0x04,0x68,0x01,0xD5,0x04,0x00,0x01,0x68,0x01,0xB5,0x01,0xFA,0x01,0x24,
  0x06,0x00,0x01,0x6D,0x01,0xD5,0x05,0x68,0x01,0xB1,0x01,0x68,0x08,0x00,0x01,0x48,
  0x03,0x68,0x01,0xB1,0x01,0xF9,0x01,0x48,0x02,0x00,0x01,0x44,0x01,0xFA,0x01,0x6D,
  0x01,0x8D,0x01,0xF9,0x01,0x91,0x05,0x00,0x01,0xFA,0x05,0x00,0x01,0x6C,0x01,0x91,
  0x03,0x00,0x01,0xF9,0x01,0x00,0x01,0x24,0x03,0x68,0x01,0x91,0x01,0x6D,0x0A,0x00,
  0x05,0xFA,0x9B,0x00,0x01,0x20,0x01,0xF9,0x05,0xFA,0x01,0xD5,0x0B,0x00,0x01,0x8D,
  0x01,0xFA,0x01,0xD5,0x01,0x48,0x04,0x00,0x01,0x44,0x03,0xFA,0x01,0x20,0x01,0x00,
  0x01,0x24,0x04,0xFA,0x01,0xB1,0x02,0x00,0x01,0x44,0x03,0xFA,0x01,0x20,0x04,0x00,
  0x01,0xB5,0x01,0xFA,0x01,0xD5,0x01,0x48,0x0D,0x00,0x01,0x44,0x03,0xFA,0x01,0x20,
  0x01,0x00,0x01,0x20,0x05,0xFA,0x01,0x91,0x03,0x00,0x01,0x48,0x01,0xD5,0x01,0x6D,
  0x08,0x00,0x01,0x20,0x01,0xF9,0x05,0xFA,0x01,0xD5,0x08,0x00,0x01,0x24,0x06,0xFA,
  0x01,0x68,0x03,0x00,0x01,0xB5,0x01,0xFA,0x01,0xD5,0x01,0x48,0x06,0x00,0x01,0xD5,
  0x05,0x00,0x01,0x48,0x01,0x6D,0x02,0x00,0x01,0x68,0x01,0x6D,0x01,0x00,0x01,0xF9,
  0x03,0xFA,0x01,0xF9,0x0C,0x00,0x03,0xFA,0xFF,0x00,0x20,0x00,0x01,0x24,0x05,0x00,
  0x01,0x24,0x03,0x00,0x01,0x48,0xFF,0x00,0xFF,0x00,0xFF,0x00,0xFF,0x00,0xFF,0x00,
  0xFF,0x00,0xFF,0x00,0xFF,0x00,0xFF,0x00,0xFF,0x00,0xFF,0x00,0xFF,0x00,0xFF,0x00,
  0xAC,0x00,0x01,0x29,0xFF,0x00,0x12,0x00,0x01,0x2E,0x01,0x53,0x06,0x00,0x01,0x53,
  0x01,0x77,0x01,0x52,0x0B,0x00,0x01,0x53,0x01,0x77,0x01,0x52,0x05,0x00,0x01,0x53,
  0x01,0x77,0x01,0x52,0x05,0x00,0x01,0x53,0x01,0x77,0x01,0x52,0x04,0x00,0x01,0x29,
  0x03,0x77,0x01,0x29,0xFF,0x00,0x0E,0x00,0x01,0x77,0x01,0x7B,0x01,0x77,0x05,0x00,
  0x01,0x77,0x02,0x00,0x01,0x52,0x01,0x77,0x09,0x00,0x01,0x77,0x02,0x00,0x01,0x52,
  0x01,0x77,0x03,0x00,0x01,0x77,0x02,0x00,0x01,0x52,0x01,0x77,0x03,0x00,0x01,0x77,
  0x02,0x00,0x01,0x52,0x01,0x77,0x02,0x00,0x01,0x29,0x01,0x25,0x01,0x2D,0x02,0x04,
  0x06,0x00,0x01,0x52,0x01,0x4E,0x04,0x00,0x01,0x52,0x01,0x4E,0x04,0x00,0x01,0x29,
  0x07,0x00,0x01,0x53,0x01,0x04,0x02,0x00,0x01,0x77,0x02,0x00,0x02,0x29,0x03,0x00,
  0x01,0x29,0xE8,0x00,0x01,0x73,0x01,0x7B,0x04,0x00,0x01,0x2D,0x01,0x52,0x03,0x00,
  0x01,0x7B,0x01,0x25,0x07,0x00,0x01,0x2D,0x01,0x52,0x03,0x00,0x01,0x7B,0x01,0x25,
  0x01,0x00,0x01,0x2D,0x01,0x52,0x03,0x00,0x01,0x7B,0x01,0x25,0x01,0x00,0x01,0x2D,
  0x01,0x52,0x03,0x00,0x01,0x7B,0x01,0x25,0x01,0x00,0x01,0x77,0x01,0x04,0x01,0x29,
  0x01,0x04,0x07,0x00,0x01,0x77,0x01,0x7B,0x01,0x77,0x03,0x00,0x01,0x77,0x01,0x7B,
  0x01,0x77,0x03,0x00,0x04,0x7B,0x01,0x77,0x03,0x00,0x01,0x77,0x01,0x4E,0x01,0x00,
  0x01,0x29,0x01,0x7B,0x01,0x04,0x01,0x00,0x01,0x77,0x01,0x4E,0x02,0x00,0x01,0x29,
  0x04,0x7B,0x01,0x77,0x01,0x4E,0xE3,0x00,0x01,0x2D,0x01,0x7B,0x04,0x00,0x01,0x52,
  0x01,0x2E,0x03,0x00,0x01,0x77,0x01,0x29,0x07,0x00,0x01,0x52,0x01,0x2E,0x03,0x00,
  0x01,0x77,0x01,0x29,0x01,0x00,0x01,0x52,0x01,0x2E,0x03,0x00,0x01,0x77,0x01,0x29,
  0x01,0x00,0x01,0x52,0x01,0x2E,0x03,0x00,0x01,0x77,0x01,0x29,0x01,0x00,0x02,0x77,
  0x01,0x52,0x01,0x04,0x08,0x00,0x01,0x4E,0x01,0x7B,0x01,0x4E,0x03,0x00,0x01,0x4E,
  0x01,0x7B,0x01,0x4E,0x02,0x00,0x04,0x29,0x01,0x77,0x01,0x4E,0x02,0x00,0x01,0x4E,
  0x01,0x77,0x02,0x00,0x01,0x7B,0x02,0x00,0x02,0x52,0x02,0x00,0x01,0x52,0x01,0x77,
  0x03,0x29,0x01,0x4E,0x01,0x7B,0x01,0x52,0xE2,0x00,0x01,0x29,0x01,0x7B,0x04,0x00,
  0x01,0x77,0x01,0x29,0x03,0x00,0x01,0x77,0x01,0x2E,0x07,0x00,0x01,0x77,0x01,0x29,
  0x03,0x00,0x01,0x77,0x01,0x2E,0x01,0x00,0x01,0x77,0x01,0x29,0x03,0x00,0x01,0x77,
  0x01,0x2E,0x01,0x00,0x01,0x77,0x01,0x29,0x03,0x00,0x01,0x77,0x01,0x2E,0x01,0x00,
  0x01,0x25,0x01,0x77,0x01,0x7B,0x01,0x77,0x01,0x25,0x08,0x00,0x02,0x52,0x04,0x00,
  0x02,0x52,0x06,0x00,0x01,0x2D,0x01,0x4E,0x02,0x00,0x01,0x04,0x01,0x7B,0x02,0x00,
  0x01,0x77,0x02,0x00,0x02,0x4E,0x02,0x00,0x01,0x29,0x01,0x77,0x04,0x00,0x01,0x29,
  0x01,0x7B,0xE2,0x00,0x01,0x29,0x01,0x7B,0x04,0x00,0x01,0x77,0x01,0x2D,0x03,0x00,
  0x01,0x77,0x01,0x2E,0x07,0x00,0x01,0x77,0x01,0x2D,0x03,0x00,0x01,0x77,0x01,0x2E,
  0x01,0x00,0x01,0x77,0x01,0x2D,0x03,0x00,0x01,0x77,0x01,0x2E,0x01,0x00,0x01,0x77,
  0x01,0x2D,0x03,0x00,0x01,0x77,0x01,0x2E,0x03,0x00,0x01,0x4E,0x02,0x7B,0x01,0x4E,
  0x07,0x00,0x01,0x29,0x01,0x53,0x04,0x00,0x01,0x2E,0x01,0x52,0x06,0x00,0x01,0x29,
  0x01,0x52,0x03,0x00,0x01,0x77,0x01,0x29,0x01,0x52,0x01,0x29,0x02,0x00,0x01,0x4E,
  0x01,0x29,0x02,0x00,0x01,0x25,0x01,0x7B,0x05,0x00,0x01,0x77,0x01,0x29,0xE1,0x00,
  0x01,0x29,0x01,0x7B,0x04,0x00,0x01,0x53,0x01,0x4E,0x03,0x00,0x01,0x77,0x01,0x29,
  0x07,0x00,0x01,0x53,0x01,0x4E,0x03,0x00,0x01,0x77,0x01,0x29,0x01,0x00,0x01,0x53,
  0x01,0x4E,0x03,0x00,0x01,0x77,0x01,0x29,0x01,0x00,0x01,0x53,0x01,0x4E,0x03,0x00,
  0x01,0x77,0x01,0x29,0x03,0x00,0x01,0x29,0x01,0x25,0x01,0x52,0x01,0x7B,0x07,0x00,
  0x01,0x29,0x01,0x53,0x04,0x00,0x01,0x29,0x01,0x52,0x06,0x00,0x01,0x29,0x01,0x52,
  0x03,0x00,0x01,0x52,0x01,0x77,0x01,0x29,0x03,0x00,0x01,0x53,0x03,0x00,0x01,0x04,
  0x01,0x7B,0x05,0x00,0x01,0x52,0x01,0x4E,0xE1,0x00,0x01,0x29,0x01,0x7B,0x04,0x00,
  0x01,0x4E,0x01,0x53,0x03,0x00,0x01,0x77,0x08,0x00,0x01,0x4E,0x01,0x53,0x03,0x00,
  0x01,0x77,0x02,0x00,0x01,0x4E,0x01,0x53,0x03,0x00,0x01,0x77,0x02,0x00,0x01,0x4E,
  0x01,0x53,0x03,0x00,0x01,0x77,0x04,0x00,0x01,0x29,0x02,0x04,0x01,0x77,0x07,0x00,
  0x01,0x29,0x01,0x77,0x04,0x00,0x01,0x29,0x01,0x52,0x06,0x00,0x01,0x29,0x01,0x52,
  0x03,0x00,0x01,0x2E,0x01,0x52,0x03,0x00,0x01,0x4E,0x01,0x29,0x03,0x00,0x01,0x04,
  0x01,0x7B,0x05,0x00,0x02,0x4E,0xE1,0x00,0x01,0x29,0x01,0x7B,0x04,0x00,0x01,0x04,
  0x01,0x7B,0x01,0x29,0x01,0x00,0x02,0x29,0x03,0x00,0x01,0x29,0x01,0x52,0x03,0x00,
  0x01,0x04,0x01,0x7B,0x01,0x29,0x01,0x00,0x02,0x29,0x02,0x00,0x01,0x04,0x01,0x7B,
  0x01,0x29,0x01,0x00,0x02,0x29,0x02,0x00,0x01,0x04,0x01,0x7B,0x01,0x29,0x01,0x00,
  0x02,0x29,0x04,0x00,0x01,0x29,0x01,0x05,0x01,0x2E,0x01,0x25,0x07,0x00,0x01,0x25,
  0x01,0x77,0x04,0x00,0x01,0x29,0x01,0x52,0x02,0x00,0x01,0x25,0x03,0x29,0x01,0x4E,
  0x01,0x77,0x01,0x29,0x02,0x00,0x01,0x05,0x01,0x7B,0x01,0x2D,0x01,0x4E,0x01,0x77,
  0x01,0x4E,0x05,0x00,0x01,0x7B,0x05,0x00,0x01,0x29,0x01,0x4E,0xDF,0x00,0x01,0x52,
  0x01,0x77,0x02,0x7B,0x01,0x77,0x01,0x53,0x03,0x00,0x01,0x29,0x02,0x77,0x01,0x29,
  0x04,0x00,0x01,0x4E,0x01,0x77,0x04,0x00,0x01,0x29,0x02,0x77,0x01,0x29,0x04,0x00,
  0x01,0x29,0x02,0x77,0x01,0x29,0x04,0x00,0x01,0x29,0x02,0x77,0x01,0x29,0x03,0x00,
  0x02,0x77,0x01,0x7B,0x01,0x77,0x01,0x25,0x08,0x00,0x01,0x25,0x01,0x77,0x04,0x00,
  0x02,0x29,0x01,0x00,0x01,0x04,0x06,0x7B,0x01,0x29,0x03,0x00,0x01,0x52,0x01,0x77,
  0x01,0x53,0x01,0x29,0x06,0x00,0x01,0x73,0x05,0x00,0x01,0x29,0x01,0x2E,0xF0,0x00,
  0x01,0x29,0x01,0x52,0x1D,0x00,0x01,0x29,0x01,0x25,0x09,0x00,0x01,0x25,0x01,0x77,
  0x1C,0x00,0x01,0x04,0x05,0x00,0x01,0x04,0xF1,0x00,0x01,0x52,0x01,0x04,0x1D,0x00,
  0x01,0x29,0x01,0x25,0x09,0x00,0x01,0x25,0x01,0x77,0xFF,0x00,0x15,0x00,0x01,0x4E,
  0x1E,0x00,0x01,0x29,0x0A,0x00,0x01,0x04,0x01,0x4E,0xFF,0x00,0xFF,0x00,0xFF,0x00,
  0xFF,0x00,0xFF,0x00,0xFF,0x00,0xFF,0x00,0xFF,0x00,0xFF,0x00,0xFF,0x00,0xE1,0x00,
  0x01,0x24,0x2C,0x00,0x01,0x6D,0xFA,0x00,0x01,0x49,0x01,0x6D,0x06,0x00,0x01,0x6D,
  0x01,0x92,0x01,0x6D,0x05,0x00,0x01,0x6D,0x01,0x92,0x01,0x6D,0x04,0x00,0x01,0x24,
  0x01,0x6D,0x02,0x92,0x01,0x24,0x12,0x00,0x01,0x49,0x01,0x6D,0x05,0x00,0x01,0x6D,
  0x01,0x92,0x01,0x24,0x01,0x00,0x02,0x24,0x09,0x00,0x01,0x24,0x01,0x92,0xF9,0x00,
  0x01,0x6D,0x02,0x92,0x05,0x00,0x01,0x6D,0x02,0x00,0x02,0x6D,0x03,0x00,0x01,0x6D,
  0x02,0x00,0x02,0x6D,0x02,0x00,0x02,0x24,0x01,0x49,0x14,0x00,0x01,0x6D,0x02,0x92,
  0x04,0x00,0x01,0x6D,0x01,0x00,0x01,0x49,0x01,0x6D,0x01,0x00,0x01,0x6D,0x05,0x00,
  0x01,0x24,0x05,0x00,0x01,0x92,0x12,0x00,0x01,0x24,0x06,0x00,0x01,0x49,0x0A,0x00,
  0x01,0x6D,0x17,0x00,0x01,0x6D,0x01,0x49,0x04,0x00,0x01,0x6D,0x01,0x49,0x04,0x00,
  0x02,0x24,0x06,0x00,0x01,0x24,0x06,0x00,0x01,0x49,0xA2,0x00,0x01,0x6D,0x01,0x92,
  0x04,0x00,0x01,0x49,0x01,0x6D,0x03,0x00,0x01,0x92,0x01,0x24,0x01,0x00,0x01,0x49,
  0x01,0x6D,0x03,0x00,0x01,0x92,0x01,0x24,0x01,0x00,0x01,0x92,0x01,0x00,0x01,0x49,
  0x15,0x00,0x01,0x6D,0x01,0x92,0x04,0x00,0x01,0x92,0x01,0x00,0x03,0x49,0x01,0x24,
  0x05,0x00,0x02,0x92,0x01,0x49,0x03,0x00,0x06,0x92,0x02,0x00,0x02,0x6D,0x02,0x00,
  0x01,0x49,0x01,0x92,0x01,0x6D,0x04,0x00,0x02,0x92,0x01,0x49,0x03,0x00,0x01,0x6D,
  0x07,0x92,0x01,0x49,0x02,0x00,0x01,0x6D,0x07,0x92,0x01,0x49,0x02,0x00,0x02,0x6D,
  0x02,0x00,0x01,0x49,0x01,0x92,0x01,0x6D,0x07,0x00,0x03,0x92,0x03,0x00,0x02,0x92,
  0x01,0x6D,0x03,0x00,0x04,0x92,0x01,0x6D,0x03,0x00,0x02,0x92,0x01,0x49,0x03,0x00,
  0x01,0x6D,0x07,0x92,0x01,0x49,0x9B,0x00,0x01,0x49,0x01,0x92,0x04,0x00,0x01,0x6D,
  0x01,0x49,0x03,0x00,0x01,0x92,0x01,0x49,0x01,0x00,0x01,0x6D,0x01,0x49,0x03,0x00,
  0x01,0x92,0x01,0x49,0x01,0x00,0x02,0x92,0x01,0x6D,0x08,0x00,0x06,0x92,0x01,0x24,
  0x06,0x00,0x01,0x49,0x01,0x92,0x04,0x00,0x01,0x49,0x01,0x92,0x01,0x49,0x01,0x00,
  0x01,0x49,0x06,0x00,0x01,0x24,0x02,0x92,0x01,0x6D,0x02,0x00,0x04,0x24,0x01,0x49,
  0x01,0x92,0x01,0x24,0x01,0x00,0x01,0x49,0x01,0x92,0x01,0x24,0x03,0x49,0x02,0x92,
  0x03,0x00,0x01,0x24,0x02,0x92,0x01,0x6D,0x02,0x00,0x01,0x6D,0x01,0x92,0x05,0x24,
  0x02,0x6D,0x02,0x00,0x01,0x24,0x01,0x92,0x01,0x49,0x04,0x24,0x02,0x6D,0x02,0x00,
  0x01,0x49,0x01,0x92,0x01,0x24,0x03,0x49,0x02,0x92,0x07,0x00,0x01,0x49,0x01,0x92,
  0x01,0x49,0x03,0x00,0x01,0x49,0x01,0x92,0x01,0x49,0x02,0x00,0x03,0x24,0x01,0x49,
  0x02,0x92,0x02,0x00,0x01,0x24,0x02,0x92,0x01,0x6D,0x02,0x00,0x01,0x6D,0x01,0x92,
  0x05,0x24,0x02,0x6D,0x9B,0x00,0x01,0x24,0x01,0x92,0x04,0x00,0x01,0x6D,0x01,0x49,
  0x03,0x00,0x01,0x6D,0x01,0x49,0x01,0x00,0x01,0x6D,0x01,0x49,0x03,0x00,0x01,0x6D,
  0x01,0x49,0x01,0x00,0x01,0x24,0x02,0x92,0x01,0x6D,0x01,0x24,0x13,0x00,0x01,0x24,
  0x01,0x92,0x07,0x00,0x01,0x6D,0x02,0x49,0x07,0x00,0x01,0x6D,0x01,0x92,0x07,0x00,
  0x01,0x6D,0x01,0x24,0x02,0x00,0x01,0x92,0x01,0x6D,0x01,0x49,0x03,0x00,0x01,0x92,
  0x01,0x24,0x04,0x00,0x01,0x6D,0x01,0x92,0x03,0x00,0x01,0x92,0x05,0x00,0x01,0x24,
  0x01,0x6D,0x03,0x00,0x01,0x92,0x01,0x24,0x04,0x00,0x01,0x49,0x01,0x6D,0x03,0x00,
  0x01,0x92,0x01,0x6D,0x01,0x49,0x03,0x00,0x01,0x92,0x01,0x24,0x07,0x00,0x02,0x6D,
  0x04,0x00,0x02,0x6D,0x07,0x00,0x01,0x92,0x01,0x24,0x03,0x00,0x01,0x6D,0x01,0x92,
  0x03,0x00,0x01,0x92,0x05,0x00,0x01,0x24,0x01,0x6D,0x9B,0x00,0x01,0x24,0x01,0x92,
  0x04,0x00,0x01,0x92,0x01,0x49,0x03,0x00,0x01,0x6D,0x01,0x49,0x01,0x00,0x01,0x92,
  0x01,0x49,0x03,0x00,0x01,0x6D,0x01,0x49,0x03,0x00,0x01,0x49,0x02,0x92,0x01,0x49,
  0x12,0x00,0x01,0x24,0x01,0x92,0x06,0x00,0x01,0x24,0x02,0x6D,0x01,0x92,0x01,0x49,
  0x06,0x00,0x01,0x49,0x01,0x6D,0x07,0x00,0x01,0x92,0x03,0x00,0x02,0x6D,0x04,0x00,
  0x01,0x6D,0x01,0x49,0x04,0x00,0x01,0x49,0x01,0x6D,0x03,0x00,0x01,0x6D,0x01,0x24,
  0x04,0x00,0x02,0x49,0x03,0x00,0x01,0x92,0x01,0x24,0x04,0x00,0x01,0x49,0x01,0x24,
  0x03,0x00,0x02,0x6D,0x04,0x00,0x01,0x6D,0x01,0x49,0x07,0x00,0x01,0x49,0x01,0x6D,
  0x04,0x00,0x01,0x49,0x01,0x6D,0x07,0x00,0x01,0x6D,0x01,0x49,0x03,0x00,0x01,0x49,
  0x01,0x6D,0x03,0x00,0x01,0x6D,0x01,0x24,0x04,0x00,0x02,0x49,0x9B,0x00,0x01,0x24,
  0x01,0x92,0x04,0x00,0x01,0x6D,0x01,0x49,0x03,0x00,0x01,0x92,0x01,0x24,0x01,0x00,
  0x01,0x6D,0x01,0x49,0x03,0x00,0x01,0x92,0x01,0x24,0x03,0x00,0x02,0x24,0x01,0x6D,
  0x01,0x92,0x05,0x00,0x06,0x92,0x01,0x24,0x06,0x00,0x01,0x24,0x01,0x92,0x06,0x00,
  0x01,0x6D,0x01,0x92,0x01,0x00,0x02,0x49,0x06,0x00,0x01,0x92,0x08,0x00,0x01,0x49,
  0x03,0x00,0x01,0x6D,0x01,0x49,0x04,0x00,0x01,0x49,0x01,0x6D,0x04,0x00,0x01,0x92,
  0x04,0x00,0x02,0x49,0x04,0x00,0x01,0x6D,0x04,0x00,0x01,0x92,0x01,0x24,0x04,0x00,
  0x01,0x6D,0x04,0x00,0x01,0x6D,0x01,0x49,0x04,0x00,0x01,0x49,0x01,0x6D,0x07,0x00,
  0x01,0x24,0x01,0x6D,0x04,0x00,0x01,0x49,0x01,0x6D,0x07,0x00,0x01,0x49,0x01,0x24,
  0x03,0x00,0x01,0x92,0x04,0x00,0x02,0x49,0x04,0x00,0x01,0x6D,0x9C,0x00,0x01,0x24,
  0x01,0x92,0x04,0x00,0x01,0x49,0x01,0x6D,0x03,0x00,0x01,0x92,0x02,0x00,0x01,0x49,
  0x01,0x6D,0x03,0x00,0x01,0x92,0x04,0x00,0x03,0x24,0x01,0x92,0x12,0x00,0x01,0x24,
  0x01,0x92,0x05,0x00,0x01,0x49,0x01,0x24,0x01,0x92,0x01,0x00,0x02,0x49,0x05,0x00,
  0x02,0x24,0x07,0x00,0x01,0x6D,0x04,0x00,0x01,0x6D,0x05,0x00,0x01,0x24,0x01,0x6D,
  0x03,0x00,0x02,0x24,0x04,0x00,0x01,0x24,0x01,0x92,0x03,0x00,0x02,0x49,0x04,0x00,
  0x01,0x92,0x01,0x24,0x03,0x00,0x01,0x49,0x01,0x24,0x04,0x00,0x01,0x6D,0x05,0x00,
  0x01,0x24,0x01,0x6D,0x07,0x00,0x01,0x24,0x01,0x6D,0x04,0x00,0x01,0x49,0x01,0x6D,
  0x07,0x00,0x01,0x6D,0x03,0x00,0x02,0x24,0x04,0x00,0x01,0x24,0x01,0x92,0x03,0x00,
  0x02,0x49,0x9C,0x00,0x01,0x24,0x01,0x92,0x04,0x00,0x01,0x24,0x01,0x92,0x01,0x24,
  0x01,0x00,0x01,0x24,0x01,0x49,0x02,0x00,0x01,0x24,0x01,0x92,0x01,0x24,0x01,0x00,
  0x01,0x24,0x01,0x49,0x04,0x00,0x02,0x24,0x01,0x49,0x01,0x24,0x12,0x00,0x01,0x24,
  0x01,0x92,0x04,0x00,0x01,0x24,0x01,0x49,0x01,0x00,0x01,0x92,0x01,0x00,0x01,0x49,
  0x0C,0x00,0x01,0x24,0x01,0x6D,0x01,0x92,0x01,0x24,0x04,0x00,0x01,0x92,0x02,0x00,
  0x03,0x24,0x02,0x49,0x0A,0x00,0x01,0x92,0x02,0x49,0x01,0x6D,0x01,0x49,0x05,0x00,
  0x01,0x6D,0x01,0x24,0x01,0x00,0x01,0x49,0x01,0x92,0x01,0x49,0x05,0x00,0x01,0x92,
  0x02,0x00,0x03,0x24,0x02,0x49,0x07,0x00,0x01,0x24,0x01,0x6D,0x04,0x00,0x01,0x24,
  0x01,0x6D,0x02,0x00,0x04,0x24,0x02,0x49,0x0A,0x00,0x01,0x92,0x02,0x49,0x01,0x6D,
  0x01,0x49,0x9B,0x00,0x01,0x6D,0x04,0x92,0x01,0x6D,0x03,0x00,0x01,0x24,0x02,0x92,
  0x01,0x49,0x04,0x00,0x01,0x24,0x02,0x92,0x01,0x49,0x03,0x00,0x01,0x6D,0x03,0x92,
  0x01,0x24,0x11,0x00,0x01,0x6D,0x04,0x92,0x01,0x6D,0x02,0x00,0x01,0x6D,0x02,0x00,
  0x01,0x49,0x01,0x92,0x01,0x24,0x0B,0x00,0x01,0x24,0x01,0x6D,0x01,0x49,0x05,0x00,
  0x01,0x24,0x01,0x49,0x01,0x00,0x05,0x92,0x0B,0x00,0x01,0x49,0x01,0x92,0x01,0x6D,
  0x01,0x24,0x06,0x00,0x01,0x6D,0x02,0x24,0x01,0x6D,0x01,0x24,0x05,0x00,0x01,0x24,
  0x01,0x49,0x01,0x00,0x05,0x92,0x08,0x00,0x01,0x24,0x01,0x6D,0x04,0x00,0x01,0x24,
  0x01,0x49,0x02,0x00,0x04,0x92,0x01,0x6D,0x0B,0x00,0x01,0x49,0x01,0x92,0x01,0x6D,
  0x01,0x24,0xB6,0x00,0x02,0x24,0x33,0x00,0x01,0x24,0x1C,0x00,0x01,0x6D,0x01,0x24,
  0x08,0x00,0x01,0x24,0x0F,0x00,0x01,0x24,0x01,0x6D,0xD2,0x00,0x01,0x49,0x01,0x24,
  0x50,0x00,0x01,0x6D,0x01,0x24,0x18,0x00,0x01,0x24,0x01,0x6D,0xD2,0x00,0x01,0x24,
  0x51,0x00,0x01,0x6D,0x19,0x00,0x01,0x24,0x01,0x49,0xFF,0x00,0xFF,0x00,0xFF,0x00,
  0xFF,0x00,0xFF,0x00,0xFF,0x00,0xFF,0x00,0xFF,0x00,0xFF,0x00,0xFF,0x00,0xB9,0x00,
  0x01,0x28,0x01,0x04,0xFF,0x00,0x11,0x00,0x01,0x2C,0x01,0x55,0x05,0x00,0x01,0x04,
  0x01,0x55,0x01,0x5D,0x01,0x55,0x0A,0x00,0x01,0x04,0x01,0x55,0x01,0x5D,0x01,0x55,
  0x04,0x00,0x01,0x04,0x01,0x55,0x01,0x5D,0x01,0x55,0x04,0x00,0x01,0x04,0x01,0x55,
  0x01,0x5D,0x01,0x55,0x04,0x00,0x01,0x28,0x01,0x59,0x01,0x7D,0x01,0x59,0x01,0x28,
  0x24,0x00,0x01,0x04,0x23,0x00,0x01,0x04,0x15,0x00,0x01,0x04,0x19,0x00,0x01,0x2C,
  0x01,0x55,0x05,0x00,0x01,0x55,0x01,0x5D,0x01,0x08,0x01,0x00,0x02,0x28,0x87,0x00,
  0x01,0x04,0x01,0x59,0x01,0x7D,0x01,0x59,0x05,0x00,0x01,0x59,0x02,0x00,0x01,0x55,
  0x01,0x59,0x09,0x00,0x01,0x59,0x02,0x00,0x01,0x55,0x01,0x59,0x03,0x00,0x01,0x59,
  0x02,0x00,0x01,0x55,0x01,0x59,0x03,0x00,0x01,0x59,0x02,0x00,0x01,0x55,0x01,0x59,
  0x02,0x00,0x01,0x28,0x01,0x08,0x01,0x2C,0x02,0x04,0x07,0x00,0x01,0x2C,0x09,0x00,
  0x01,0x08,0x01,0x04,0x04,0x00,0x01,0x51,0x04,0x00,0x01,0x51,0x02,0x00,0x01,0x08,
  0x01,0x04,0x04,0x00,0x01,0x59,0x01,0x5D,0x01,0x2C,0x03,0x00,0x01,0x55,0x01,0x31,
  0x05,0x00,0x01,0x04,0x01,0x59,0x01,0x2C,0x13,0x00,0x01,0x28,0x01,0x55,0x0A,0x00,
  0x01,0x28,0x09,0x00,0x01,0x28,0x01,0x55,0x0A,0x00,0x01,0x04,0x0C,0x00,0x01,0x04,
  0x01,0x59,0x01,0x7D,0x01,0x59,0x04,0x00,0x01,0x59,0x01,0x00,0x01,0x2C,0x01,0x51,
  0x01,0x00,0x01,0x55,0x06,0x00,0x01,0x04,0x01,0x59,0x01,0x2C,0x05,0x00,0x01,0x55,
  0x01,0x31,0x10,0x00,0x01,0x2C,0x68,0x00,0x01,0x04,0x01,0x55,0x01,0x7D,0x04,0x00,
  0x01,0x2C,0x01,0x51,0x02,0x00,0x01,0x04,0x01,0x7D,0x01,0x08,0x07,0x00,0x01,0x2C,
  0x01,0x51,0x02,0x00,0x01,0x04,0x01,0x7D,0x01,0x08,0x01,0x00,0x01,0x2C,0x01,0x51,
  0x02,0x00,0x01,0x04,0x01,0x7D,0x01,0x08,0x01,0x00,0x01,0x2C,0x01,0x51,0x02,0x00,
  0x01,0x04,0x01,0x7D,0x01,0x08,0x01,0x00,0x01,0x59,0x01,0x04,0x01,0x2C,0x01,0x04,
  0x07,0x00,0x01,0x55,0x05,0x7D,0x01,0x5D,0x01,0x2C,0x03,0x00,0x01,0x5D,0x01,0x7D,
  0x01,0x2C,0x02,0x00,0x01,0x08,0x01,0x7D,0x01,0x2C,0x02,0x00,0x01,0x28,0x01,0x7D,
  0x01,0x04,0x01,0x00,0x01,0x5D,0x01,0x7D,0x01,0x2C,0x03,0x00,0x01,0x04,0x01,0x59,
  0x01,0x7D,0x01,0x55,0x02,0x00,0x01,0x59,0x01,0x7D,0x01,0x59,0x03,0x00,0x01,0x04,
  0x02,0x55,0x01,0x7D,0x01,0x5D,0x01,0x04,0x11,0x00,0x01,0x59,0x06,0x7D,0x01,0x31,
  0x03,0x00,0x01,0x28,0x04,0x7D,0x01,0x5D,0x01,0x31,0x04,0x00,0x01,0x59,0x06,0x7D,
  0x01,0x31,0x03,0x00,0x01,0x55,0x01,0x59,0x02,0x00,0x01,0x31,0x01,0x7D,0x01,0x59,
  0x01,0x04,0x07,0x00,0x01,0x04,0x01,0x55,0x01,0x7D,0x04,0x00,0x01,0x7D,0x01,0x04,
  0x02,0x2C,0x01,0x31,0x01,0x04,0x05,0x00,0x01,0x04,0x02,0x55,0x01,0x7D,0x01,0x5D,
  0x01,0x04,0x03,0x00,0x01,0x59,0x01,0x7D,0x01,0x59,0x03,0x00,0x01,0x59,0x01,0x2C,
  0x02,0x00,0x01,0x2C,0x01,0x59,0x01,0x7D,0x01,0x51,0x03,0x00,0x01,0x55,0x07,0x7D,
  0x01,0x2C,0x62,0x00,0x01,0x2C,0x01,0x7D,0x04,0x00,0x01,0x55,0x01,0x2C,0x03,0x00,
  0x01,0x59,0x01,0x2C,0x07,0x00,0x01,0x55,0x01,0x2C,0x03,0x00,0x01,0x59,0x01,0x2C,
  0x01,0x00,0x01,0x55,0x01,0x2C,0x03,0x00,0x01,0x59,0x01,0x2C,0x01,0x00,0x01,0x55,
  0x01,0x2C,0x03,0x00,0x01,0x59,0x01,0x2C,0x01,0x00,0x02,0x59,0x01,0x55,0x01,0x04,
  0x07,0x00,0x01,0x28,0x05,0x2C,0x01,0x55,0x01,0x7D,0x03,0x00,0x01,0x28,0x01,0x59,
  0x01,0x7D,0x01,0x51,0x02,0x00,0x01,0x55,0x01,0x7D,0x01,0x04,0x01,0x00,0x01,0x08,
  0x01,0x7D,0x01,0x04,0x01,0x00,0x01,0x28,0x01,0x59,0x01,0x7D,0x01,0x51,0x03,0x00,
  0x01,0x59,0x01,0x31,0x01,0x59,0x03,0x00,0x01,0x31,0x01,0x7D,0x01,0x31,0x02,0x00,
  0x01,0x55,0x01,0x04,0x01,0x00,0x01,0x04,0x01,0x55,0x01,0x59,0x06,0x00,0x06,0x59,
  0x01,0x28,0x04,0x00,0x01,0x28,0x01,0x55,0x01,0x59,0x03,0x28,0x01,0x31,0x01,0x7D,
  0x01,0x04,0x02,0x00,0x01,0x51,0x01,0x7D,0x03,0x2C,0x01,0x31,0x01,0x7D,0x01,0x55,
  0x03,0x00,0x01,0x28,0x01,0x55,0x01,0x59,0x03,0x28,0x01,0x31,0x01,0x7D,0x01,0x04,
  0x02,0x00,0x01,0x31,0x01,0x7D,0x01,0x08,0x02,0x31,0x01,0x2C,0x02,0x59,0x08,0x00,
  0x01,0x2C,0x01,0x7D,0x04,0x00,0x01,0x2C,0x01,0x59,0x01,0x31,0x01,0x04,0x01,0x31,
  0x06,0x00,0x01,0x55,0x01,0x04,0x01,0x00,0x01,0x04,0x01,0x55,0x01,0x59,0x04,0x00,
  0x01,0x31,0x01,0x7D,0x01,0x31,0x02,0x00,0x01,0x59,0x01,0x55,0x01,0x00,0x01,0x08,
  0x01,0x55,0x01,0x2C,0x01,0x31,0x01,0x7D,0x01,0x31,0x02,0x00,0x01,0x51,0x01,0x7D,
  0x05,0x2C,0x01,0x55,0x01,0x59,0x62,0x00,0x01,0x2C,0x01,0x7D,0x04,0x00,0x01,0x59,
  0x01,0x2C,0x03,0x00,0x01,0x59,0x01,0x2C,0x07,0x00,0x01,0x59,0x01,0x2C,0x03,0x00,
  0x01,0x59,0x01,0x2C,0x01,0x00,0x01,0x59,0x01,0x2C,0x03,0x00,0x01,0x59,0x01,0x2C,
  0x01,0x00,0x01,0x59,0x01,0x2C,0x03,0x00,0x01,0x59,0x01,0x2C,0x01,0x00,0x01,0x08,
  0x01,0x59,0x01,0x7D,0x01,0x59,0x01,0x08,0x07,0x00,0x01,0x28,0x05,0x00,0x01,0x7D,
  0x01,0x04,0x04,0x00,0x01,0x59,0x01,0x7D,0x03,0x00,0x01,0x55,0x01,0x59,0x01,0x04,
  0x01,0x28,0x01,0x55,0x04,0x00,0x01,0x59,0x01,0x7D,0x02,0x00,0x01,0x04,0x01,0x55,
  0x06,0x00,0x01,0x51,0x01,0x55,0x02,0x00,0x01,0x7D,0x01,0x08,0x03,0x00,0x01,0x7D,
  0x01,0x04,0x11,0x00,0x01,0x28,0x01,0x59,0x04,0x00,0x01,0x59,0x01,0x08,0x02,0x00,
  0x01,0x2C,0x01,0x59,0x04,0x00,0x01,0x28,0x01,0x7D,0x01,0x04,0x03,0x00,0x01,0x28,
  0x01,0x59,0x04,0x00,0x01,0x59,0x01,0x08,0x03,0x00,0x01,0x7D,0x01,0x55,0x01,0x2C,
  0x03,0x00,0x01,0x5D,0x01,0x28,0x07,0x00,0x01,0x2C,0x01,0x7D,0x07,0x00,0x01,0x55,
  0x01,0x2C,0x01,0x31,0x05,0x00,0x01,0x7D,0x01,0x08,0x03,0x00,0x01,0x7D,0x01,0x04,
  0x04,0x00,0x01,0x51,0x01,0x55,0x02,0x00,0x01,0x28,0x01,0x7D,0x05,0x00,0x01,0x28,
  0x01,0x5D,0x03,0x00,0x01,0x7D,0x01,0x04,0x04,0x00,0x01,0x2C,0x01,0x55,0x62,0x00,
  0x01,0x28,0x01,0x7D,0x04,0x00,0x01,0x59,0x01,0x2C,0x03,0x00,0x01,0x59,0x01,0x2C,
  0x07,0x00,0x01,0x59,0x01,0x2C,0x03,0x00,0x01,0x59,0x01,0x2C,0x01,0x00,0x01,0x59,
  0x01,0x2C,0x03,0x00,0x01,0x59,0x01,0x2C,0x01,0x00,0x01,0x59,0x01,0x2C,0x03,0x00,
  0x01,0x59,0x01,0x2C,0x03,0x00,0x01,0x31,0x02,0x7D,0x01,0x31,0x06,0x00,0x01,0x7D,
  0x05,0x00,0x01,0x59,0x01,0x04,0x04,0x00,0x01,0x31,0x01,0x55,0x04,0x00,0x01,0x55,
  0x01,0x7D,0x01,0x59,0x01,0x04,0x04,0x00,0x01,0x31,0x01,0x55,0x02,0x00,0x01,0x04,
  0x01,0x7D,0x06,0x00,0x01,0x2C,0x01,0x55,0x02,0x00,0x01,0x55,0x01,0x7D,0x01,0x28,
  0x02,0x00,0x01,0x59,0x01,0x08,0x12,0x00,0x01,0x7D,0x04,0x00,0x01,0x55,0x01,0x28,
  0x02,0x00,0x01,0x08,0x01,0x7D,0x05,0x00,0x01,0x59,0x01,0x2C,0x04,0x00,0x01,0x7D,
  0x04,0x00,0x01,0x55,0x01,0x28,0x03,0x00,0x01,0x55,0x01,0x59,0x04,0x00,0x01,0x51,
  0x01,0x31,0x07,0x00,0x01,0x28,0x01,0x7D,0x06,0x00,0x01,0x28,0x02,0x55,0x01,0x7D,
  0x01,0x2C,0x04,0x00,0x01,0x55,0x01,0x7D,0x01,0x28,0x02,0x00,0x01,0x59,0x01,0x08,
  0x04,0x00,0x01,0x2C,0x01,0x55,0x03,0x00,0x01,0x7D,0x01,0x08,0x05,0x00,0x01,0x5D,
  0x03,0x00,0x01,0x59,0x01,0x28,0x04,0x00,0x01,0x2C,0x01,0x2D,0x62,0x00,0x01,0x28,
  0x01,0x7D,0x04,0x00,0x01,0x55,0x01,0x31,0x03,0x00,0x01,0x59,0x01,0x28,0x07,0x00,
  0x01,0x55,0x01,0x31,0x03,0x00,0x01,0x59,0x01,0x28,0x01,0x00,0x01,0x55,0x01,0x31,
  0x03,0x00,0x01,0x59,0x01,0x28,0x01,0x00,0x01,0x55,0x01,0x31,0x03,0x00,0x01,0x59,
  0x01,0x28,0x03,0x00,0x01,0x28,0x01,0x08,0x01,0x55,0x01,0x7D,0x06,0x00,0x01,0x7D,
  0x05,0x00,0x01,0x59,0x01,0x08,0x04,0x00,0x01,0x59,0x01,0x04,0x05,0x00,0x01,0x51,
  0x01,0x7D,0x01,0x28,0x04,0x00,0x01,0x59,0x01,0x04,0x03,0x00,0x01,0x55,0x01,0x2C,
  0x05,0x00,0x01,0x2C,0x01,0x55,0x03,0x00,0x01,0x2C,0x03,0x00,0x01,0x55,0x01,0x08,
  0x05,0x00,0x06,0x59,0x01,0x28,0x06,0x00,0x01,0x59,0x01,0x04,0x03,0x00,0x01,0x55,
  0x01,0x28,0x02,0x00,0x01,0x04,0x01,0x7D,0x05,0x00,0x01,0x55,0x01,0x31,0x04,0x00,
  0x01,0x59,0x01,0x04,0x03,0x00,0x01,0x55,0x01,0x28,0x03,0x00,0x01,0x55,0x01,0x2C,
  0x04,0x00,0x01,0x2C,0x01,0x51,0x07,0x00,0x01,0x28,0x01,0x7D,0x06,0x00,0x01,0x55,
  0x01,0x59,0x01,0x00,0x02,0x31,0x05,0x00,0x01,0x2C,0x03,0x00,0x01,0x55,0x01,0x08,
  0x04,0x00,0x01,0x2C,0x01,0x55,0x03,0x00,0x01,0x55,0x01,0x2C,0x04,0x00,0x01,0x04,
  0x01,0x31,0x03,0x00,0x02,0x31,0x04,0x00,0x01,0x55,0x63,0x00,0x01,0x28,0x01,0x7D,
  0x04,0x00,0x01,0x31,0x01,0x55,0x03,0x00,0x01,0x5D,0x08,0x00,0x01,0x31,0x01,0x55,
  0x03,0x00,0x01,0x5D,0x02,0x00,0x01,0x31,0x01,0x55,0x03,0x00,0x01,0x5D,0x02,0x00,
  0x01,0x31,0x01,0x55,0x03,0x00,0x01,0x5D,0x04,0x00,0x01,0x28,0x02,0x04,0x01,0x59,
  0x06,0x00,0x01,0x7D,0x05,0x00,0x01,0x55,0x01,0x08,0x03,0x00,0x02,0x28,0x07,0x00,
  0x01,0x31,0x01,0x7D,0x01,0x04,0x02,0x00,0x02,0x28,0x04,0x00,0x01,0x28,0x01,0x5D,
  0x05,0x00,0x01,0x2C,0x01,0x55,0x07,0x00,0x01,0x55,0x01,0x08,0x12,0x00,0x01,0x51,
  0x01,0x28,0x03,0x00,0x01,0x51,0x01,0x2C,0x02,0x00,0x01,0x04,0x01,0x7D,0x05,0x00,
  0x01,0x2D,0x01,0x31,0x04,0x00,0x01,0x51,0x01,0x28,0x03,0x00,0x01,0x51,0x01,0x2C,
  0x03,0x00,0x01,0x59,0x01,0x04,0x04,0x00,0x01,0x28,0x01,0x51,0x07,0x00,0x01,0x28,
  0x01,0x7D,0x05,0x00,0x01,0x31,0x01,0x08,0x01,0x59,0x01,0x00,0x02,0x2C,0x09,0x00,
  0x01,0x55,0x01,0x08,0x04,0x00,0x01,0x2C,0x01,0x55,0x03,0x00,0x01,0x2C,0x01,0x55,
  0x04,0x00,0x01,0x55,0x04,0x00,0x01,0x08,0x01,0x59,0x03,0x00,0x02,0x2C,0x63,0x00,
  0x01,0x28,0x01,0x7D,0x04,0x00,0x01,0x04,0x01,0x7D,0x01,0x28,0x01,0x00,0x01,0x28,
  0x01,0x2C,0x03,0x00,0x01,0x28,0x01,0x55,0x03,0x00,0x01,0x04,0x01,0x7D,0x01,0x28,
  0x01,0x00,0x01,0x28,0x01,0x2C,0x02,0x00,0x01,0x04,0x01,0x7D,0x01,0x28,0x01,0x00,
  0x01,0x28,0x01,0x2C,0x02,0x00,0x01,0x04,0x01,0x7D,0x01,0x28,0x01,0x00,0x01,0x28,
  0x01,0x2C,0x02,0x00,0x01,0x04,0x01,0x00,0x01,0x28,0x01,0x04,0x01,0x2C,0x01,0x08,
  0x06,0x00,0x01,0x7D,0x05,0x00,0x01,0x55,0x01,0x08,0x08,0x00,0x01,0x08,0x04,0x2C,
  0x01,0x7D,0x01,0x08,0x09,0x00,0x01,0x59,0x01,0x2C,0x04,0x00,0x01,0x2C,0x01,0x55,
  0x02,0x00,0x01,0x04,0x04,0x2C,0x01,0x59,0x11,0x00,0x01,0x04,0x01,0x28,0x01,0x55,
  0x01,0x04,0x03,0x00,0x01,0x31,0x01,0x28,0x03,0x00,0x01,0x7D,0x05,0x00,0x01,0x2C,
  0x01,0x31,0x02,0x00,0x01,0x04,0x01,0x28,0x01,0x55,0x01,0x04,0x03,0x00,0x01,0x31,
  0x01,0x28,0x03,0x00,0x01,0x59,0x01,0x00,0x01,0x04,0x03,0x2C,0x01,0x31,0x01,0x2C,
  0x07,0x00,0x01,0x28,0x01,0x7D,0x04,0x00,0x01,0x04,0x01,0x31,0x01,0x00,0x01,0x7D,
  0x01,0x04,0x01,0x2C,0x05,0x00,0x01,0x04,0x04,0x2C,0x01,0x59,0x05,0x00,0x01,0x2C,
  0x01,0x55,0x03,0x00,0x01,0x04,0x01,0x7D,0x02,0x2C,0x01,0x31,0x01,0x59,0x01,0x08,
  0x05,0x00,0x01,0x7D,0x01,0x31,0x01,0x2C,0x01,0x59,0x01,0x31,0x62,0x00,0x01,0x55,
  0x01,0x59,0x02,0x7D,0x01,0x5D,0x01,0x55,0x03,0x00,0x01,0x28,0x02,0x59,0x01,0x2C,
  0x04,0x00,0x01,0x31,0x01,0x59,0x04,0x00,0x01,0x28,0x02,0x59,0x01,0x2C,0x04,0x00,
  0x01,0x28,0x02,0x59,0x01,0x2C,0x04,0x00,0x01,0x28,0x02,0x59,0x01,0x2C,0x03,0x00,
  0x01,0x59,0x02,0x7D,0x01,0x59,0x01,0x08,0x07,0x00,0x01,0x31,0x05,0x00,0x01,0x31,
  0x08,0x00,0x01,0x04,0x05,0x7D,0x01,0x55,0x0A,0x00,0x01,0x04,0x01,0x28,0x04,0x00,
  0x01,0x28,0x01,0x2C,0x01,0x00,0x01,0x04,0x05,0x7D,0x01,0x31,0x11,0x00,0x02,0x7D,
  0x01,0x59,0x04,0x00,0x01,0x2C,0x04,0x00,0x01,0x55,0x05,0x00,0x01,0x28,0x01,0x2C,
  0x02,0x00,0x02,0x7D,0x01,0x59,0x04,0x00,0x01,0x2C,0x03,0x00,0x01,0x28,0x01,0x2C,
  0x01,0x00,0x01,0x59,0x03,0x7D,0x01,0x59,0x06,0x00,0x01,0x55,0x01,0x59,0x02,0x7D,
  0x01,0x5D,0x01,0x55,0x02,0x00,0x01,0x51,0x02,0x00,0x01,0x2C,0x01,0x59,0x01,0x2C,
  0x04,0x00,0x01,0x04,0x05,0x7D,0x01,0x31,0x05,0x00,0x01,0x28,0x01,0x2C,0x04,0x00,
  0x01,0x31,0x01,0x7D,0x01,0x59,0x01,0x31,0x07,0x00,0x01,0x2C,0x01,0x7D,0x01,0x55,
  0x01,0x28,0x74,0x00,0x01,0x2C,0x01,0x55,0x1D,0x00,0x01,0x28,0x01,0x08,0x55,0x00,
  0x01,0x04,0x05,0x00,0x01,0x04,0x0E,0x00,0x01,0x28,0xB4,0x00,0x01,0x55,0x01,0x04,
  0x1D,0x00,0x01,0x2C,0x01,0x08,0xFF,0x00,0x20,0x00,0x01,0x31,0x1E,0x00,0x01,0x28,
  0xFF,0x00,0xFF,0x00,0xFF,0x00,0xFF,0x00,0xFF,0x00,0xFF,0x00,0xFF,0x00,0xFF,0x00,
  0xFF,0x00,0xFF,0x00,0xFF,0x00,0x6B,0x00,0x01,0x28,0x01,0x04,0x58,0x00,0x01,0x2C,
  0xB6,0x00,0x01,0x55,0x01,0x7D,0x01,0x55,0x01,0x28,0x04,0x00,0x01,0x04,0x01,0x55,
  0x01,0x5D,0x01,0x55,0x0A,0x00,0x01,0x04,0x01,0x55,0x01,0x5D,0x01,0x55,0x04,0x00,
  0x01,0x04,0x01,0x55,0x01,0x5D,0x01,0x55,0x04,0x00,0x01,0x04,0x01,0x55,0x01,0x5D,
  0x01,0x55,0x04,0x00,0x01,0x28,0x01,0x59,0x01,0x7D,0x01,0x59,0x01,0x28,0x24,0x00,
  0x01,0x04,0x23,0x00,0x01,0x04,0x01,0x55,0x01,0x5D,0x01,0x55,0x09,0x00,0x01,0x04,
  0x01,0x7D,0x03,0x59,0x01,0x31,0x03,0x00,0x01,0x55,0x01,0x5D,0x01,0x08,0x01,0x00,
  0x02,0x28,0xA9,0x00,0x01,0x31,0x01,0x55,0x01,0x5D,0x01,0x7D,0x01,0x2C,0x03,0x00,
  0x01,0x59,0x02,0x00,0x01,0x55,0x01,0x59,0x09,0x00,0x01,0x59,0x02,0x00,0x01,0x55,
  0x01,0x59,0x03,0x00,0x01,0x59,0x02,0x00,0x01,0x55,0x01,0x59,0x03,0x00,0x01,0x59,
  0x02,0x00,0x01,0x55,0x01,0x59,0x02,0x00,0x01,0x28,0x01,0x08,0x01,0x2C,0x02,0x04,
  0x07,0x00,0x01,0x2C,0x09,0x00,0x01,0x08,0x01,0x04,0x04,0x00,0x01,0x51,0x04,0x00,
  0x01,0x51,0x02,0x00,0x01,0x08,0x01,0x04,0x04,0x00,0x01,0x59,0x01,0x5D,0x01,0x2C,
  0x03,0x00,0x01,0x55,0x01,0x31,0x05,0x00,0x01,0x04,0x01,0x59,0x01,0x2C,0x14,0x00,
  0x01,0x59,0x02,0x00,0x01,0x55,0x01,0x59,0x08,0x00,0x01,0x08,0x01,0x59,0x06,0x00,
  0x01,0x59,0x01,0x00,0x01,0x2C,0x01,0x51,0x01,0x00,0x01,0x55,0x06,0x00,0x01,0x04,
  0x01,0x59,0x01,0x2C,0x05,0x00,0x01,0x55,0x01,0x31,0x10,0x00,0x01,0x2C,0x8B,0x00,
  0x01,0x04,0x01,0x7D,0x01,0x59,0x02,0x00,0x01,0x2C,0x01,0x51,0x02,0x00,0x01,0x04,
  0x01,0x7D,0x01,0x08,0x07,0x00,0x01,0x2C,0x01,0x51,0x02,0x00,0x01,0x04,0x01,0x7D,
  0x01,0x08,0x01,0x00,0x01,0x2C,0x01,0x51,0x02,0x00,0x01,0x04,0x01,0x7D,0x01,0x08,
  0x01,0x00,0x01,0x2C,0x01,0x51,0x02,0x00,0x01,0x04,0x01,0x7D,0x01,0x08,0x01,0x00,
  0x01,0x59,0x01,0x04,0x01,0x2C,0x01,0x04,0x07,0x00,0x01,0x55,0x05,0x7D,0x01,0x5D,
  0x01,0x2C,0x03,0x00,0x01,0x5D,0x01,0x7D,0x01,0x2C,0x02,0x00,0x01,0x08,0x01,0x7D,
  0x01,0x2C,0x02,0x00,0x01,0x28,0x01,0x7D,0x01,0x04,0x01,0x00,0x01,0x5D,0x01,0x7D,
  0x01,0x2C,0x03,0x00,0x01,0x04,0x01,0x59,0x01,0x7D,0x01,0x55,0x02,0x00,0x01,0x59,
  0x01,0x7D,0x01,0x59,0x03,0x00,0x01,0x04,0x02,0x55,0x01,0x7D,0x01,0x5D,0x01,0x04,
  0x11,0x00,0x01,0x2C,0x01,0x51,0x02,0x00,0x01,0x04,0x01,0x7D,0x01,0x08,0x07,0x00,
  0x01,0x08,0x01,0x59,0x06,0x00,0x01,0x7D,0x01,0x04,0x02,0x2C,0x01,0x31,0x01,0x04,
  0x05,0x00,0x01,0x04,0x02,0x55,0x01,0x7D,0x01,0x5D,0x01,0x04,0x03,0x00,0x01,0x59,
  0x01,0x7D,0x01,0x59,0x03,0x00,0x01,0x59,0x01,0x2C,0x02,0x00,0x01,0x2C,0x01,0x59,
  0x01,0x7D,0x01,0x51,0x03,0x00,0x01,0x55,0x07,0x7D,0x01,0x2C,0x85,0x00,0x01,0x59,
  0x01,0x55,0x02,0x00,0x01,0x55,0x01,0x2C,0x03,0x00,0x01,0x59,0x01,0x2C,0x07,0x00,
  0x01,0x55,0x01,0x2C,0x03,0x00,0x01,0x59,0x01,0x2C,0x01,0x00,0x01,0x55,0x01,0x2C,
  0x03,0x00,0x01,0x59,0x01,0x2C,0x01,0x00,0x01,0x55,0x01,0x2C,0x03,0x00,0x01,0x59,
  0x01,0x2C,0x01,0x00,0x02,0x59,0x01,0x55,0x01,0x04,0x07,0x00,0x01,0x28,0x05,0x2C,
  0x01,0x55,0x01,0x7D,0x03,0x00,0x01,0x28,0x01,0x59,0x01,0x7D,0x01,0x51,0x02,0x00,
  0x01,0x55,0x01,0x7D,0x01,0x04,0x01,0x00,0x01,0x08,0x01,0x7D,0x01,0x04,0x01,0x00,
  0x01,0x28,0x01,0x59,0x01,0x7D,0x01,0x51,0x03,0x00,0x01,0x59,0x01,0x31,0x01,0x59,
  0x03,0x00,0x01,0x31,0x01,0x7D,0x01,0x31,0x02,0x00,0x01,0x55,0x01,0x04,0x01,0x00,
  0x01,0x04,0x01,0x55,0x01,0x59,0x06,0x00,0x06,0x59,0x01,0x28,0x04,0x00,0x01,0x55,
  0x01,0x2C,0x03,0x00,0x01,0x59,0x01,0x2C,0x07,0x00,0x01,0x04,0x01,0x59,0x06,0x00,
  0x01,0x2C,0x01,0x59,0x01,0x31,0x01,0x04,0x01,0x31,0x06,0x00,0x01,0x55,0x01,0x04,
  0x01,0x00,0x01,0x04,0x01,0x55,0x01,0x59,0x04,0x00,0x01,0x31,0x01,0x7D,0x01,0x31,
  0x02,0x00,0x01,0x59,0x01,0x55,0x01,0x00,0x01,0x08,0x01,0x55,0x01,0x2C,0x01,0x31,
  0x01,0x7D,0x01,0x31,0x02,0x00,0x01,0x51,0x01,0x7D,0x05,0x2C,0x01,0x55,0x01,0x59,
  0x84,0x00,0x01,0x04,0x01,0x7D,0x01,0x04,0x02,0x00,0x01,0x59,0x01,0x2C,0x03,0x00,
  0x01,0x59,0x01,0x2C,0x07,0x00,0x01,0x59,0x01,0x2C,0x03,0x00,0x01,0x59,0x01,0x2C,
  0x01,0x00,0x01,0x59,0x01,0x2C,0x03,0x00,0x01,0x59,0x01,0x2C,0x01,0x00,0x01,0x59,
  0x01,0x2C,0x03,0x00,0x01,0x59,0x01,0x2C,0x01,0x00,0x01,0x08,0x01,0x59,0x01,0x7D,
  0x01,0x59,0x01,0x08,0x07,0x00,0x01,0x28,0x05,0x00,0x01,0x7D,0x01,0x04,0x04,0x00,
  0x01,0x59,0x01,0x7D,0x03,0x00,0x01,0x55,0x01,0x59,0x01,0x04,0x01,0x28,0x01,0x55,
  0x04,0x00,0x01,0x59,0x01,0x7D,0x02,0x00,0x01,0x04,0x01,0x55,0x06,0x00,0x01,0x51,
  0x01,0x55,0x02,0x00,0x01,0x7D,0x01,0x08,0x03,0x00,0x01,0x7D,0x01,0x04,0x10,0x00,
  0x01,0x59,0x01,0x2C,0x03,0x00,0x01,0x59,0x01,0x2C,0x07,0x00,0x01,0x04,0x02,0x5D,
  0x01,0x59,0x01,0x31,0x06,0x00,0x01,0x55,0x01,0x2C,0x01,0x31,0x05,0x00,0x01,0x7D,
  0x01,0x08,0x03,0x00,0x01,0x7D,0x01,0x04,0x04,0x00,0x01,0x51,0x01,0x55,0x02,0x00,
  0x01,0x28,0x01,0x7D,0x05,0x00,0x01,0x28,0x01,0x5D,0x03,0x00,0x01,0x7D,0x01,0x04,
  0x04,0x00,0x01,0x2C,0x01,0x55,0x84,0x00,0x01,0x55,0x01,0x2C,0x03,0x00,0x01,0x59,
  0x01,0x2C,0x03,0x00,0x01,0x59,0x01,0x2C,0x07,0x00,0x01,0x59,0x01,0x2C,0x03,0x00,
  0x01,0x59,0x01,0x2C,0x01,0x00,0x01,0x59,0x01,0x2C,0x03,0x00,0x01,0x59,0x01,0x2C,
  0x01,0x00,0x01,0x59,0x01,0x2C,0x03,0x00,0x01,0x59,0x01,0x2C,0x03,0x00,0x01,0x31,
  0x02,0x7D,0x01,0x31,0x06,0x00,0x01,0x7D,0x05,0x00,0x01,0x59,0x01,0x04,0x04,0x00,
  0x01,0x31,0x01,0x55,0x04,0x00,0x01,0x55,0x01,0x7D,0x01,0x59,0x01,0x04,0x04,0x00,
  0x01,0x31,0x01,0x55,0x02,0x00,0x01,0x04,0x01,0x7D,0x06,0x00,0x01,0x2C,0x01,0x55,
  0x02,0x00,0x01,0x55,0x01,0x7D,0x01,0x28,0x02,0x00,0x01,0x59,0x01,0x08,0x10,0x00,
  0x01,0x59,0x01,0x2C,0x03,0x00,0x01,0x59,0x01,0x2C,0x0A,0x00,0x01,0x04,0x01,0x59,
  0x01,0x55,0x04,0x00,0x01,0x28,0x02,0x55,0x01,0x7D,0x01,0x2C,0x04,0x00,0x01,0x55,
  0x01,0x7D,0x01,0x28,0x02,0x00,0x01,0x59,0x01,0x08,0x04,0x00,0x01,0x2C,0x01,0x55,
  0x03,0x00,0x01,0x7D,0x01,0x08,0x05,0x00,0x01,0x5D,0x03,0x00,0x01,0x59,0x01,0x28,
  0x04,0x00,0x01,0x2C,0x01,0x2D,0x83,0x00,0x01,0x2C,0x01,0x55,0x04,0x00,0x01,0x55,
  0x01,0x31,0x03,0x00,0x01,0x59,0x01,0x28,0x07,0x00,0x01,0x55,0x01,0x31,0x03,0x00,
  0x01,0x59,0x01,0x28,0x01,0x00,0x01,0x55,0x01,0x31,0x03,0x00,0x01,0x59,0x01,0x28,
  0x01,0x00,0x01,0x55,0x01,0x31,0x03,0x00,0x01,0x59,0x01,0x28,0x03,0x00,0x01,0x28,
  0x01,0x08,0x01,0x55,0x01,0x7D,0x06,0x00,0x01,0x7D,0x05,0x00,0x01,0x59,0x01,0x08,
  0x04,0x00,0x01,0x59,0x01,0x04,0x05,0x00,0x01,0x51,0x01,0x7D,0x01,0x28,0x04,0x00,
  0x01,0x59,0x01,0x04,0x03,0x00,0x01,0x55,0x01,0x2C,0x05,0x00,0x01,0x2C,0x01,0x55,
  0x03,0x00,0x01,0x2C,0x03,0x00,0x01,0x55,0x01,0x08,0x05,0x00,0x06,0x59,0x01,0x28,
  0x04,0x00,0x01,0x55,0x01,0x31,0x03,0x00,0x01,0x59,0x01,0x28,0x0B,0x00,0x01,0x28,
  0x01,0x7D,0x04,0x00,0x01,0x55,0x01,0x59,0x01,0x00,0x02,0x31,0x05,0x00,0x01,0x2C,
  0x03,0x00,0x01,0x55,0x01,0x08,0x04,0x00,0x01,0x2C,0x01,0x55,0x03,0x00,0x01,0x55,
  0x01,0x2C,0x04,0x00,0x01,0x04,0x01,0x31,0x03,0x00,0x02,0x31,0x04,0x00,0x01,0x55,
  0x83,0x00,0x01,0x08,0x01,0x7D,0x01,0x04,0x04,0x00,0x01,0x31,0x01,0x55,0x03,0x00,
  0x01,0x5D,0x08,0x00,0x01,0x31,0x01,0x55,0x03,0x00,0x01,0x5D,0x02,0x00,0x01,0x31,
  0x01,0x55,0x03,0x00,0x01,0x5D,0x02,0x00,0x01,0x31,0x01,0x55,0x03,0x00,0x01,0x5D,
  0x04,0x00,0x01,0x28,0x02,0x04,0x01,0x59,0x06,0x00,0x01,0x7D,0x05,0x00,0x01,0x55,
  0x01,0x08,0x03,0x00,0x02,0x28,0x07,0x00,0x01,0x31,0x01,0x7D,0x01,0x04,0x02,0x00,
  0x02,0x28,0x04,0x00,0x01,0x28,0x01,0x5D,0x05,0x00,0x01,0x2C,0x01,0x55,0x07,0x00,
  0x01,0x55,0x01,0x08,0x10,0x00,0x01,0x31,0x01,0x55,0x03,0x00,0x01,0x5D,0x0C,0x00,
  0x01,0x08,0x01,0x55,0x03,0x00,0x01,0x31,0x01,0x08,0x01,0x59,0x01,0x00,0x02,0x2C,
  0x09,0x00,0x01,0x55,0x01,0x08,0x04,0x00,0x01,0x2C,0x01,0x55,0x03,0x00,0x01,0x2C,
  0x01,0x55,0x04,0x00,0x01,0x55,0x04,0x00,0x01,0x08,0x01,0x59,0x03,0x00,0x02,0x2C,
  0x83,0x00,0x01,0x59,0x01,0x31,0x05,0x00,0x01,0x04,0x01,0x7D,0x01,0x28,0x01,0x00,
  0x01,0x28,0x01,0x2C,0x03,0x00,0x01,0x28,0x01,0x55,0x03,0x00,0x01,0x04,0x01,0x7D,
  0x01,0x28,0x01,0x00,0x01,0x28,0x01,0x2C,0x02,0x00,0x01,0x04,0x01,0x7D,0x01,0x28,
  0x01,0x00,0x01,0x28,0x01,0x2C,0x02,0x00,0x01,0x04,0x01,0x7D,0x01,0x28,0x01,0x00,
  0x01,0x28,0x01,0x2C,0x02,0x00,0x01,0x04,0x01,0x00,0x01,0x28,0x01,0x04,0x01,0x2C,
  0x01,0x08,0x06,0x00,0x01,0x7D,0x05,0x00,0x01,0x55,0x01,0x08,0x08,0x00,0x01,0x08,
  0x04,0x2C,0x01,0x7D,0x01,0x08,0x09,0x00,0x01,0x59,0x01,0x2C,0x04,0x00,0x01,0x2C,
  0x01,0x55,0x02,0x00,0x01,0x04,0x04,0x2C,0x01,0x59,0x11,0x00,0x01,0x04,0x01,0x7D,
  0x01,0x28,0x01,0x00,0x01,0x28,0x01,0x2C,0x03,0x00,0x01,0x28,0x01,0x08,0x04,0x00,
  0x01,0x04,0x02,0x00,0x01,0x55,0x01,0x04,0x02,0x00,0x01,0x04,0x01,0x31,0x01,0x00,
  0x01,0x7D,0x01,0x04,0x01,0x2C,0x05,0x00,0x01,0x04,0x04,0x2C,0x01,0x59,0x05,0x00,
  0x01,0x2C,0x01,0x55,0x03,0x00,0x01,0x04,0x01,0x7D,0x02,0x2C,0x01,0x31,0x01,0x59,
  0x01,0x08,0x05,0x00,0x01,0x7D,0x01,0x31,0x01,0x2C,0x01,0x59,0x01,0x31,0x83,0x00,
  0x01,0x2C,0x01,0x7D,0x01,0x5D,0x03,0x59,0x01,0x04,0x02,0x00,0x01,0x28,0x02,0x59,
  0x01,0x2C,0x04,0x00,0x01,0x31,0x01,0x59,0x04,0x00,0x01,0x28,0x02,0x59,0x01,0x2C,
  0x04,0x00,0x01,0x28,0x02,0x59,0x01,0x2C,0x04,0x00,0x01,0x28,0x02,0x59,0x01,0x2C,
  0x03,0x00,0x01,0x59,0x02,0x7D,0x01,0x59,0x01,0x08,0x07,0x00,0x01,0x31,0x05,0x00,
  0x01,0x31,0x08,0x00,0x01,0x04,0x05,0x7D,0x01,0x55,0x0A,0x00,0x01,0x04,0x01,0x28,
  0x04,0x00,0x01,0x28,0x01,0x2C,0x01,0x00,0x01,0x04,0x05,0x7D,0x01,0x31,0x12,0x00,
  0x01,0x28,0x02,0x59,0x01,0x2C,0x04,0x00,0x01,0x55,0x01,0x59,0x03,0x00,0x01,0x2D,
  0x01,0x5D,0x01,0x59,0x01,0x55,0x01,0x04,0x03,0x00,0x01,0x51,0x02,0x00,0x01,0x2C,
  0x01,0x59,0x01,0x2C,0x04,0x00,0x01,0x04,0x05,0x7D,0x01,0x31,0x05,0x00,0x01,0x28,
  0x01,0x2C,0x04,0x00,0x01,0x31,0x01,0x7D,0x01,0x59,0x01,0x31,0x07,0x00,0x01,0x2C,
  0x01,0x7D,0x01,0x55,0x01,0x28,0x95,0x00,0x01,0x2C,0x01,0x55,0x1D,0x00,0x01,0x28,
  0x01,0x08,0xFF,0x00,0x20,0x00,0x01,0x55,0x01,0x04,0x1D,0x00,0x01,0x2C,0x01,0x08,
  0xFF,0x00,0x20,0x00,0x01,0x31,0x1E,0x00,0x01,0x28,0xFF,0x00,0xFF,0x00,0xFF,0x00,
  0xFF,0x00,0xFF,0x00,0xFF,0x00,0xFF,0x00,0xFF,0x00,0xFF,0x00,0xFF,0x00,0xFF,0x00,
  0xFF,0x00,0xFF,0x00,0xFF,0x00,0xFF,0x00,0xFF,0x00,0xFF,0x00,0xFF,0x00,0xFF,0x00,
  0xFF,0x00,0x8A,0x00,0x01,0x24,0x01,0x49,0x04,0x00,0x01,0x49,0x01,0x24,0x02,0x00,
  0x01,0x49,0x01,0x6D,0x04,0x00,0x01,0x49,0x01,0x6D,0x1C,0x00,0x01,0xB1,0x06,0x00,
  0x01,0x24,0x01,0xD5,0x01,0x49,0x03,0x00,0x01,0x48,0x04,0x00,0x01,0x24,0x01,0xB5,
  0x01,0x44,0x02,0x00,0x01,0x24,0x01,0xB1,0x01,0x00,0x01,0x24,0x01,0x91,0x01,0x00,
  0x01,0x8D,0x01,0x44,0x01,0x24,0x01,0xD5,0x01,0x49,0x03,0x00,0x02,0x24,0xEA,0x00,
  0x01,0x24,0x01,0x92,0x01,0x24,0x04,0x00,0x01,0x6D,0x02,0x00,0x01,0x49,0x01,0x92,
  0x01,0x6D,0x03,0x00,0x01,0x49,0x01,0x92,0x01,0x6D,0x1B,0x00,0x01,0x48,0x05,0xFA,
  0x01,0xD5,0x02,0x24,0x01,0xB1,0x01,0xFA,0x01,0x8D,0x01,0x00,0x01,0x69,0x03,0xFA,
  0x01,0xB1,0x01,0x00,0x01,0x24,0x01,0xD5,0x01,0xFA,0x01,0x44,0x01,0x00,0x01,0x24,
  0x01,0xFA,0x01,0x20,0x01,0x6D,0x01,0xD5,0x01,0x00,0x01,0xD5,0x01,0x6D,0x01,0x24,
  0x01,0xB1,0x01,0xFA,0x01,0x8D,0x02,0x00,0x01,0xD5,0x03,0xFA,0x01,0xD5,0x01,0x24,
  0xE6,0x00,0x01,0x6D,0x01,0x25,0x04,0x00,0x01,0x24,0x01,0x49,0x03,0x00,0x01,0x49,
  0x01,0x6D,0x04,0x00,0x01,0x49,0x01,0x6D,0x1C,0x00,0x01,0xFA,0x04,0x24,0x01,0xD5,
  0x01,0x49,0x02,0x00,0x01,0x8D,0x01,0xD5,0x02,0x00,0x03,0x24,0x01,0xFA,0x03,0x00,
  0x01,0xB1,0x01,0x91,0x02,0x00,0x01,0xD5,0x02,0x48,0x01,0x91,0x01,0x00,0x01,0x91,
  0x01,0x6D,0x02,0x00,0x01,0x8D,0x01,0xD5,0x02,0x00,0x01,0xFA,0x01,0x48,0x02,0x24,
  0x01,0x91,0x01,0xD5,0xE5,0x00,0x01,0x49,0x01,0x92,0x02,0x6D,0x01,0x24,0x02,0x00,
  0x01,0x49,0x04,0x00,0x01,0x24,0x01,0x6E,0x04,0x00,0x01,0x24,0x01,0x6E,0x1C,0x00,
  0x01,0xD5,0x04,0x00,0x01,0x8D,0x01,0x6D,0x02,0x00,0x01,0x8D,0x01,0x69,0x05,0x00,
  0x01,0xD5,0x01,0x24,0x02,0x00,0x01,0x69,0x01,0x91,0x02,0x00,0x01,0x6D,0x01,0x91,
  0x01,0xB1,0x01,0x24,0x01,0x00,0x01,0x91,0x01,0x44,0x02,0x00,0x01,0x8D,0x01,0x69,
  0x02,0x00,0x01,0xB5,0x01,0x48,0x03,0x00,0x01,0xD5,0x01,0x24,0xE4,0x00,0x01,0x92,
  0x01,0x24,0x01,0x00,0x02,0x6D,0x01,0x00,0x01,0x24,0x01,0x49,0x04,0x00,0x01,0x24,
  0x01,0x92,0x04,0x00,0x01,0x24,0x01,0x92,0x1C,0x00,0x01,0xD5,0x04,0x00,0x02,0x6D,
  0x01,0x00,0x01,0x20,0x01,0x8D,0x06,0x00,0x01,0xB5,0x01,0x24,0x02,0x00,0x01,0x48,
  0x01,0xB1,0x02,0x00,0x01,0x48,0x01,0xFA,0x01,0x24,0x01,0x00,0x01,0x20,0x01,0xB1,
  0x02,0x00,0x01,0x20,0x01,0x8D,0x03,0x00,0x01,0xB1,0x01,0x49,0x03,0x00,0x01,0xB1,
  0x01,0x48,0xE3,0x00,0x01,0x24,0x01,0x6D,0x02,0x00,0x01,0x24,0x01,0x6D,0x01,0x00,
  0x01,0x49,0x01,0x24,0x04,0x00,0x01,0x24,0x01,0x92,0x04,0x00,0x01,0x24,0x01,0x92,
  0x1C,0x00,0x01,0xD5,0x04,0x24,0x01,0x8D,0x01,0x49,0x06,0x00,0x03,0x24,0x01,0xB5,
  0x01,0x48,0x02,0x00,0x01,0x48,0x01,0x91,0x03,0x00,0x01,0xFA,0x01,0x24,0x01,0x48,
  0x01,0xD5,0x01,0x44,0x07,0x00,0x01,0x91,0x01,0x49,0x03,0x00,0x01,0x8D,0x01,0x69,
  0xE4,0x00,0x01,0x92,0x01,0x24,0x01,0x00,0x02,0x49,0x01,0x00,0x01,0x6D,0x05,0x00,
  0x01,0x24,0x01,0x92,0x04,0x00,0x01,0x24,0x01,0x92,0x1C,0x00,0x01,0x91,0x04,0xFA,
  0x01,0xD5,0x06,0x00,0x01,0x48,0x04,0xFA,0x01,0xD5,0x02,0x00,0x01,0x48,0x01,0x6D,
  0x03,0x00,0x01,0x91,0x01,0xFA,0x01,0xB5,0x01,0x24,0x08,0x00,0x01,0x8D,0x01,0x44,
  0x03,0x00,0x01,0x6D,0x01,0x49,0xE4,0x00,0x01,0x25,0x01,0x92,0x01,0x6D,0x01,0x49,
  0x01,0x00,0x01,0x49,0x01,0x24,0x03,0x00,0x01,0x24,0x01,0x6D,0x02,0x92,0x01,0x6D,
  0x02,0x24,0x01,0x6D,0x02,0x92,0x01,0x6D,0x01,0x24,0x2E,0x00,0x01,0x24,0x10,0x00,
  0x01,0x24,0x04,0x00,0x01,0x24,0xEA,0x00,0x01,0x24,0xFF,0x00,0xFF,0x00,0xFF,0x00,
  0xE4,0x00,
};

const uint8_t LESSON_PAGE_6[11586] PROGMEM = {
  0xFF,0x00,0xFF,0x00,0xFF,0x00,0xFF,0x00,0xFF,0x00,0xFF,0x00,0x9B,0x00,0x01,0x48,
  0x01,0x8D,0xFF,0x00,0x3F,0x00,0x01,0xFA,0x01,0xD5,0xFF,0x00,0x3F,0x00,0x02,0xFA,
  0x27,0x00,0x01,0x20,0x01,0x8D,0x01,0xB1,0xFF,0x00,0x15,0x00,0x01,0xD5,0x01,0xFA,
  0x27,0x00,0x01,0xD5,0x01,0xFA,0x01,0x24,0x85,0x00,0x01,0x48,0x69,0x00,0x01,0x69,
  0x0F,0x00,0x01,0xD5,0x01,0x91,0x01,0x24,0x06,0x00,0x01,0xB5,0x01,0x69,0x0A,0x00,
  0x01,0xB1,0x01,0xFA,0x01,0x24,0x0B,0x00,0x01,0xD5,0x01,0x44,0x04,0x00,0x01,0xD5,
  0x01,0x24,0x03,0x00,0x01,0x91,0x01,0x48,0x0D,0x00,0x01,0xB1,0x01,0xFA,0x01,0x48,
  0x19,0x00,0x01,0x24,0x01,0xFA,0x01,0x24,0x0E,0x00,0x01,0xB1,0x01,0x6D,0x0E,0x00,
  0x01,0x24,0x01,0xFA,0x01,0x24,0x0E,0x00,0x01,0x69,0x01,0x24,0x05,0x00,0x01,0x24,
  0x01,0x6D,0x09,0x00,0x01,0x8D,0x01,0x49,0x07,0x00,0x01,0x8D,0x01,0x49,0x07,0x00,
  0x01,0x6D,0x01,0x69,0x07,0x00,0x02,0x91,0x0B,0x00,0x01,0x49,0x01,0xFA,0x01,0x24,
  0x67,0x00,0x01,0x91,0x09,0xFA,0x01,0xD9,0x01,0x69,0x04,0x00,0x01,0x8D,0x03,0xFA,
  0x01,0x48,0x04,0x00,0x01,0x8D,0x06,0xFA,0x01,0xD5,0x01,0x24,0x04,0x00,0x01,0xB1,
  0x08,0xFA,0x01,0x91,0x03,0x00,0x01,0x91,0x01,0xFA,0x01,0x91,0x03,0x00,0x01,0x91,
  0x01,0xFA,0x01,0x69,0x02,0x00,0x01,0x6D,0x01,0xFA,0x01,0x8D,0x0C,0x00,0x01,0x6D,
  0x01,0xFA,0x01,0x8D,0x1A,0x00,0x01,0xD5,0x09,0xFA,0x01,0x8D,0x05,0x00,0x01,0x8D,
  0x0A,0xFA,0x01,0xF9,0x01,0x48,0x04,0x00,0x01,0xD5,0x0A,0xFA,0x01,0xF9,0x01,0x69,
  0x03,0x00,0x01,0x48,0x01,0xFA,0x01,0xB1,0x05,0x00,0x01,0xD5,0x01,0xFA,0x08,0x00,
  0x01,0x69,0x02,0xFA,0x01,0xB1,0x01,0x24,0x04,0x00,0x01,0x69,0x02,0xFA,0x01,0xB5,
  0x01,0x24,0x04,0x00,0x01,0x49,0x02,0xFA,0x01,0xB5,0x01,0x24,0x04,0x00,0x01,0x49,
  0x06,0xFA,0x01,0xB1,0x01,0x24,0x04,0x00,0x01,0x24,0x0A,0xFA,0x01,0xB5,0x01,0x24,
  0x5D,0x00,0x01,0x69,0x0C,0xFA,0x01,0x48,0x03,0x00,0x01,0x6D,0x04,0xFA,0x01,0x91,
  0x03,0x00,0x08,0xFA,0x01,0xD5,0x04,0x00,0x01,0x6D,0x09,0xFA,0x01,0x24,0x02,0x00,
  0x01,0x6D,0x02,0xFA,0x03,0x00,0x02,0xFA,0x01,0x8D,0x02,0x00,0x01,0xB5,0x01,0xFA,
  0x01,0xD5,0x0B,0x00,0x01,0x44,0x01,0xFA,0x01,0xD5,0x1A,0x00,0x01,0x8D,0x0B,0xFA,
  0x01,0x8D,0x03,0x00,0x01,0x48,0x0C,0xFA,0x01,0xD5,0x03,0x00,0x01,0x91,0x0D,0xFA,
  0x03,0x00,0x01,0x91,0x02,0xFA,0x01,0x24,0x03,0x00,0x01,0x24,0x02,0xFA,0x01,0x24,
  0x07,0x00,0x01,0xB1,0x04,0xFA,0x01,0x24,0x03,0x00,0x01,0xB1,0x03,0xFA,0x01,0xF9,
  0x01,0x24,0x03,0x00,0x01,0x8D,0x04,0xFA,0x01,0x48,0x03,0x00,0x09,0xFA,0x01,0x24,
  0x03,0x00,0x01,0x91,0x0B,0xFA,0x01,0xD5,0x5D,0x00,0x01,0xB1,0x02,0xFA,0x07,0x24,
  0x01,0x49,0x01,0xD9,0x01,0xFA,0x01,0x91,0x04,0x00,0x01,0x24,0x01,0xB1,0x03,0xFA,
  0x01,0x8D,0x02,0x00,0x06,0x24,0x01,0x48,0x02,0xFA,0x05,0x00,0x07,0x24,0x01,0xD9,
  0x01,0xFA,0x01,0x48,0x03,0x00,0x02,0xFA,0x01,0x44,0x02,0x00,0x01,0xB1,0x01,0xFA,
  0x01,0x8D,0x02,0x00,0x01,0x6D,0x01,0xFA,0x01,0xD5,0x0B,0x00,0x01,0xD5,0x01,0xFA,
  0x01,0x24,0x01,0x20,0x1A,0x00,0x09,0x24,0x01,0x91,0x01,0xFA,0x01,0xD5,0x03,0x00,
  0x01,0x24,0x01,0x91,0x02,0xFA,0x07,0x24,0x01,0x6D,0x02,0xFA,0x03,0x00,0x01,0x24,
  0x01,0xD5,0x01,0xFA,0x01,0xB1,0x07,0x24,0x01,0x6D,0x02,0xFA,0x03,0x00,0x01,0x24,
  0x02,0xFA,0x01,0x6D,0x04,0x00,0x01,0xF9,0x01,0xFA,0x01,0x48,0x08,0x00,0x01,0x49,
  0x01,0xF9,0x02,0xFA,0x01,0xD5,0x04,0x00,0x01,0x48,0x01,0xD5,0x02,0xFA,0x01,0xD5,
  0x04,0x00,0x01,0x44,0x01,0xD5,0x03,0xFA,0x03,0x00,0x05,0x24,0x01,0x44,0x01,0x6D,
  0x02,0xFA,0x01,0xD5,0x03,0x00,0x01,0x20,0x01,0x24,0x01,0x6D,0x01,0xFA,0x01,0xD5,
  0x05,0x24,0x01,0x48,0x02,0xFA,0x5E,0x00,0x01,0xFA,0x01,0xD5,0x08,0x00,0x01,0x48,
  0x01,0xFA,0x01,0xB1,0x06,0x00,0x01,0x6D,0x02,0xFA,0x01,0xD5,0x09,0x00,0x01,0xB1,
  0x01,0xFA,0x01,0x24,0x0B,0x00,0x01,0x91,0x01,0xFA,0x01,0x48,0x03,0x00,0x01,0x91,
  0x01,0xFA,0x01,0x8D,0x02,0x00,0x01,0x8D,0x01,0xFA,0x01,0x6D,0x02,0x00,0x01,0x48,
  0x01,0xFA,0x01,0xF9,0x0A,0x00,0x01,0x8D,0x01,0xFA,0x01,0xD5,0x01,0xF9,0x02,0xFA,
  0x01,0x91,0x22,0x00,0x02,0xFA,0x04,0x00,0x01,0x24,0x02,0xFA,0x08,0x00,0x02,0xFA,
  0x04,0x00,0x01,0x48,0x01,0xFA,0x01,0xB5,0x08,0x00,0x01,0xF9,0x01,0xFA,0x04,0x00,
  0x01,0x8D,0x01,0xFA,0x01,0xB1,0x04,0x00,0x01,0xB1,0x01,0xFA,0x01,0x48,0x09,0x00,
  0x01,0x24,0x01,0xB1,0x02,0xFA,0x01,0x24,0x05,0x00,0x01,0xB1,0x02,0xFA,0x01,0x24,
  0x05,0x00,0x01,0x8D,0x02,0xFA,0x01,0x48,0x09,0x00,0x01,0x44,0x02,0xFA,0x01,0x48,
  0x04,0x00,0x01,0x24,0x02,0xFA,0x06,0x00,0x01,0xB1,0x01,0xFA,0x01,0x24,0x5D,0x00,
  0x01,0xFA,0x01,0xD5,0x09,0x00,0x01,0xFA,0x01,0xB5,0x07,0x00,0x01,0xB1,0x01,0xFA,
  0x01,0x91,0x09,0x00,0x01,0x91,0x01,0xFA,0x01,0x24,0x0B,0x00,0x01,0x8D,0x01,0xFA,
  0x01,0x24,0x03,0x00,0x01,0x48,0x01,0xFA,0x01,0xB5,0x02,0x00,0x01,0x8D,0x01,0xFA,
  0x01,0x24,0x02,0x00,0x01,0x24,0x01,0xFA,0x01,0xD5,0x09,0x00,0x01,0x24,0x02,0xFA,
  0x01,0x8D,0x01,0x49,0x01,0x8D,0x02,0xFA,0x01,0xB5,0x18,0x00,0x01,0x24,0x01,0x69,
  0x07,0x00,0x01,0xB5,0x01,0xFA,0x01,0x24,0x04,0x00,0x02,0xFA,0x08,0x00,0x01,0xFA,
  0x01,0xD5,0x05,0x00,0x02,0xFA,0x08,0x00,0x01,0xF9,0x01,0xFA,0x04,0x00,0x01,0x24,
  0x02,0xFA,0x04,0x00,0x01,0x8D,0x01,0xFA,0x01,0x69,0x0B,0x00,0x01,0xD5,0x01,0xFA,
  0x01,0x44,0x06,0x00,0x01,0xD9,0x01,0xFA,0x01,0x24,0x06,0x00,0x01,0xD5,0x01,0xFA,
  0x01,0x6D,0x0A,0x00,0x01,0xB1,0x01,0xFA,0x01,0x6D,0x05,0x00,0x01,0xD5,0x01,0xFA,
  0x01,0x24,0x05,0x00,0x01,0x8D,0x01,0xFA,0x01,0x48,0x5D,0x00,0x01,0xF9,0x01,0xD5,
  0x09,0x00,0x01,0xFA,0x01,0xD5,0x07,0x00,0x01,0xD5,0x01,0xFA,0x01,0x24,0x09,0x00,
  0x01,0x8D,0x01,0xFA,0x01,0x24,0x0B,0x00,0x01,0xB1,0x01,0xF9,0x05,0x00,0x02,0xFA,
  0x02,0x00,0x01,0xD5,0x01,0xB1,0x03,0x00,0x01,0x20,0x01,0xFA,0x01,0x91,0x09,0x00,
  0x01,0xB1,0x01,0xFA,0x01,0x24,0x03,0x00,0x01,0x24,0x02,0xFA,0x01,0x48,0x08,0x00,
  0x06,0x24,0x09,0x00,0x01,0xD5,0x01,0x91,0x07,0x00,0x01,0xB1,0x01,0xFA,0x01,0x24,
  0x04,0x00,0x02,0xFA,0x08,0x00,0x01,0xFA,0x01,0x8D,0x05,0x00,0x01,0xD5,0x01,0xFA,
  0x01,0x24,0x07,0x00,0x01,0xFA,0x01,0xB1,0x05,0x00,0x01,0xB5,0x01,0xFA,0x01,0x48,
  0x03,0x00,0x01,0x69,0x01,0xFA,0x01,0x69,0x0B,0x00,0x01,0xB1,0x01,0xFA,0x01,0x48,
  0x06,0x00,0x01,0xB1,0x01,0xFA,0x01,0x24,0x06,0x00,0x01,0x6D,0x01,0xFA,0x01,0x8D,
  0x0A,0x00,0x01,0x69,0x01,0xFA,0x01,0x8D,0x05,0x00,0x01,0x91,0x01,0xFA,0x01,0x48,
  0x05,0x00,0x01,0x6D,0x01,0xFA,0x01,0x49,0x5D,0x00,0x02,0xD5,0x09,0x00,0x01,0xFA,
  0x01,0xD5,0x06,0x00,0x01,0x44,0x01,0xFA,0x01,0x6D,0x0A,0x00,0x01,0x8D,0x01,0xFA,
  0x01,0x24,0x0B,0x00,0x01,0xD5,0x01,0x8D,0x05,0x00,0x01,0xD5,0x01,0xFA,0x01,0x69,
  0x02,0xD5,0x01,0x20,0x03,0x00,0x01,0x24,0x01,0xFA,0x01,0x48,0x08,0x00,0x01,0x24,
  0x01,0xFA,0x01,0x91,0x05,0x00,0x01,0x8D,0x01,0xFA,0x01,0x91,0x07,0x00,0x01,0x44,
  0x06,0xFA,0x01,0x44,0x07,0x00,0x01,0x24,0x01,0xFA,0x01,0xB1,0x07,0x00,0x01,0x91,
  0x01,0xFA,0x01,0x24,0x04,0x00,0x01,0xD5,0x01,0xFA,0x07,0x00,0x01,0x44,0x01,0xFA,
  0x01,0x24,0x05,0x00,0x01,0x8D,0x01,0xFA,0x01,0x49,0x06,0x00,0x01,0x24,0x01,0xFA,
  0x01,0x49,0x05,0x00,0x01,0x69,0x01,0xFA,0x01,0x8D,0x03,0x00,0x01,0x48,0x01,0xFA,
  0x01,0x44,0x0B,0x00,0x01,0x91,0x01,0xFA,0x01,0x48,0x06,0x00,0x01,0xB1,0x01,0xFA,
  0x01,0x44,0x06,0x00,0x01,0x48,0x01,0xFA,0x01,0x8D,0x0A,0x00,0x01,0x44,0x01,0xFA,
  0x01,0x8D,0x05,0x00,0x01,0x69,0x01,0xFA,0x01,0x6D,0x05,0x00,0x01,0x69,0x01,0xFA,
  0x01,0x69,0x5D,0x00,0x01,0xD5,0x01,0xD9,0x09,0x00,0x01,0xF9,0x01,0xD5,0x06,0x00,
  0x01,0xB1,0x01,0xD5,0x0B,0x00,0x01,0x6D,0x01,0xFA,0x01,0x44,0x0A,0x00,0x01,0x44,
  0x01,0xFA,0x01,0x24,0x05,0x00,0x01,0x91,0x02,0xFA,0x01,0xB1,0x05,0x00,0x01,0x6D,
  0x01,0xF9,0x09,0x00,0x01,0x6D,0x01,0xFA,0x01,0x8D,0x05,0x00,0x01,0x49,0x01,0xFA,
  0x01,0xB1,0x07,0x00,0x01,0xD5,0x05,0xFA,0x01,0x8D,0x08,0x00,0x01,0x24,0x01,0xFA,
  0x01,0xB1,0x07,0x00,0x01,0x8D,0x01,0xFA,0x01,0x44,0x04,0x00,0x01,0xD5,0x01,0xFA,
  0x07,0x00,0x01,0x8D,0x01,0xB1,0x06,0x00,0x01,0x48,0x01,0xFA,0x01,0x8D,0x06,0x00,
  0x01,0x8D,0x01,0xD5,0x07,0x00,0x01,0xFA,0x01,0xD5,0x03,0x00,0x01,0x48,0x01,0xFA,
  0x0C,0x00,0x01,0x8D,0x01,0xFA,0x01,0x49,0x06,0x00,0x01,0x91,0x01,0xFA,0x01,0x44,
  0x06,0x00,0x01,0x24,0x01,0xFA,0x01,0x8D,0x0A,0x00,0x01,0x48,0x01,0xFA,0x01,0x49,
  0x05,0x00,0x01,0x24,0x01,0xFA,0x01,0x91,0x05,0x00,0x01,0x48,0x01,0xFA,0x01,0x6D,
  0x5D,0x00,0x01,0xD5,0x01,0xFA,0x09,0x00,0x02,0xD5,0x05,0x00,0x01,0x44,0x01,0xB1,
  0x0C,0x00,0x01,0x6D,0x01,0xFA,0x01,0x48,0x09,0x00,0x01,0x24,0x01,0xD5,0x01,0x8D,
  0x06,0x00,0x01,0x69,0x01,0xFA,0x01,0xB1,0x05,0x00,0x01,0x24,0x01,0xFA,0x01,0x6D,
  0x09,0x00,0x01,0x8D,0x01,0xFA,0x01,0xB1,0x05,0x00,0x01,0x6D,0x01,0xFA,0x01,0x8D,
  0x17,0x00,0x01,0xFA,0x01,0xB1,0x07,0x00,0x01,0x6D,0x01,0xFA,0x01,0x48,0x04,0x00,
  0x01,0xB5,0x01,0xFA,0x06,0x00,0x01,0x24,0x01,0xFA,0x01,0x24,0x06,0x00,0x01,0x20,
  0x01,0xFA,0x01,0xD5,0x05,0x00,0x01,0x24,0x01,0xFA,0x01,0x48,0x07,0x00,0x01,0xB1,
  0x01,0xFA,0x01,0x24,0x01,0x00,0x01,0x20,0x01,0xD5,0x01,0x8D,0x0C,0x00,0x01,0x6D,
  0x01,0xFA,0x01,0x69,0x06,0x00,0x01,0x91,0x01,0xFA,0x01,0x44,0x06,0x00,0x01,0x24,
  0x01,0xFA,0x01,0x8D,0x0A,0x00,0x01,0x49,0x01,0xFA,0x07,0x00,0x01,0xFA,0x01,0xB1,
  0x05,0x00,0x01,0x48,0x01,0xFA,0x01,0x6D,0x5D,0x00,0x01,0xD5,0x01,0xFA,0x09,0x00,
  0x01,0xD5,0x01,0xB5,0x13,0x00,0x01,0x6D,0x01,0xFA,0x01,0x48,0x08,0x00,0x01,0x69,
  0x01,0xFA,0x01,0xD5,0x07,0x00,0x01,0x24,0x01,0xFA,0x01,0xD5,0x04,0x00,0x01,0x48,
  0x01,0xFA,0x01,0xB5,0x0A,0x00,0x01,0x69,0x02,0xFA,0x01,0x44,0x04,0x00,0x01,0xD5,
  0x01,0xFA,0x01,0x24,0x17,0x00,0x01,0xFA,0x01,0xB5,0x07,0x00,0x01,0x6D,0x01,0xFA,
  0x01,0x48,0x04,0x00,0x01,0xB5,0x01,0xFA,0x05,0x00,0x01,0x6D,0x01,0xFA,0x01,0x8D,
  0x08,0x00,0x01,0xD5,0x01,0xFA,0x01,0x24,0x03,0x00,0x01,0x24,0x01,0xD9,0x01,0x91,
  0x08,0x00,0x01,0x6D,0x01,0xFA,0x01,0x69,0x01,0x48,0x01,0xF9,0x01,0xD9,0x01,0x20,
  0x0C,0x00,0x01,0x6D,0x01,0xFA,0x01,0x69,0x06,0x00,0x01,0x8D,0x01,0xFA,0x01,0x44,
  0x06,0x00,0x01,0x24,0x01,0xFA,0x01,0x6D,0x0A,0x00,0x02,0x8D,0x07,0x00,0x01,0xD5,
  0x01,0xB1,0x05,0x00,0x01,0x44,0x01,0xFA,0x01,0x6D,0x5D,0x00,0x01,0xB1,0x01,0xFA,
  0x01,0x6D,0x08,0x24,0x01,0xFA,0x01,0x6D,0x0D,0x00,0x06,0x24,0x01,0x8D,0x01,0xFA,
  0x01,0x91,0x01,0x24,0x04,0x00,0x01,0x44,0x01,0x91,0x03,0xFA,0x01,0x24,0x08,0x00,
  0x01,0xF9,0x01,0xFA,0x01,0x69,0x01,0x44,0x01,0x6D,0x01,0xD5,0x01,0xFA,0x01,0xD5,
  0x0C,0x00,0x01,0xF9,0x02,0xFA,0x01,0x6D,0x02,0x24,0x01,0xB1,0x01,0xFA,0x01,0x6D,
  0x18,0x00,0x01,0xFA,0x01,0xD5,0x07,0x00,0x01,0x69,0x01,0xFA,0x01,0x48,0x04,0x00,
  0x01,0xB1,0x01,0xFA,0x02,0x00,0x01,0x24,0x01,0xB1,0x02,0xFA,0x01,0xB1,0x09,0x00,
  0x01,0x8D,0x01,0xFA,0x01,0xB1,0x01,0x24,0x01,0x48,0x01,0x91,0x01,0xFA,0x01,0xB1,
  0x09,0x00,0x01,0x24,0x03,0xFA,0x01,0xD9,0x01,0x24,0x0D,0x00,0x01,0x69,0x01,0xFA,
  0x01,0x69,0x06,0x00,0x01,0x8D,0x01,0xFA,0x01,0x24,0x03,0x00,0x03,0x24,0x01,0x69,
  0x01,0xFA,0x01,0x24,0x03,0x00,0x06,0x24,0x01,0x48,0x01,0xD5,0x01,0x20,0x04,0x00,
  0x03,0x24,0x01,0xB5,0x01,0x6D,0x05,0x00,0x01,0x24,0x01,0xFA,0x01,0x69,0x5D,0x00,
  0x01,0x8D,0x0B,0xFA,0x01,0x24,0x0C,0x00,0x01,0x49,0x09,0xFA,0x01,0xD5,0x03,0x00,
  0x01,0x24,0x03,0xFA,0x01,0xB1,0x01,0x24,0x09,0x00,0x01,0x91,0x05,0xFA,0x01,0xB1,
  0x0D,0x00,0x01,0x44,0x06,0xFA,0x01,0x8D,0x19,0x00,0x01,0xD5,0x01,0x91,0x07,0x00,
  0x01,0x69,0x01,0xFA,0x01,0x24,0x04,0x00,0x01,0xB1,0x01,0xFA,0x02,0x00,0x01,0x8D,
  0x02,0xFA,0x01,0x6D,0x0A,0x00,0x01,0x24,0x05,0xFA,0x01,0x91,0x09,0x00,0x01,0x44,
  0x01,0xB5,0x02,0xFA,0x01,0xB1,0x01,0x20,0x0E,0x00,0x01,0x69,0x01,0xFA,0x01,0x69,
  0x06,0x00,0x01,0x8D,0x01,0xFA,0x01,0x24,0x02,0x00,0x01,0x8D,0x04,0xFA,0x01,0xB5,
  0x03,0x00,0x01,0x44,0x07,0xFA,0x01,0x48,0x04,0x00,0x01,0x24,0x04,0xFA,0x01,0x24,
  0x05,0x00,0x01,0x24,0x01,0xFA,0x01,0x24,0x5D,0x00,0x01,0x20,0x01,0xB5,0x09,0xFA,
  0x01,0x6D,0x0D,0x00,0x0A,0xFA,0x01,0x44,0x03,0x00,0x01,0x91,0x01,0xD5,0x01,0x8D,
  0x01,0x24,0x0B,0x00,0x01,0x24,0x01,0xD5,0x02,0xFA,0x01,0xB1,0x01,0x48,0x0F,0x00,
  0x01,0x24,0x01,0xB1,0x02,0xFA,0x01,0xD5,0x01,0x48,0x1A,0x00,0x01,0xB1,0x01,0x24,
  0x07,0x00,0x01,0x48,0x01,0x6D,0x05,0x00,0x01,0xB1,0x01,0xFA,0x02,0x00,0x01,0xD9,
  0x01,0x8D,0x01,0x24,0x0C,0x00,0x01,0x6D,0x02,0xFA,0x01,0xB1,0x01,0x48,0x08,0x00,
  0x01,0x24,0x01,0xD5,0x02,0xFA,0x01,0xD5,0x01,0x48,0x10,0x00,0x01,0x69,0x01,0xFA,
  0x01,0x69,0x06,0x00,0x01,0x8D,0x01,0xB1,0x02,0x00,0x01,0x20,0x05,0xFA,0x01,0x24,
  0x03,0x00,0x01,0xD5,0x06,0xFA,0x01,0x6D,0x05,0x00,0x01,0xD5,0x03,0xFA,0x01,0xB5,
  0x06,0x00,0x01,0x24,0x01,0x91,0xD9,0x00,0x01,0xB1,0x01,0xFA,0x1E,0x00,0x01,0xB1,
  0x01,0xFA,0x01,0xF9,0x01,0x69,0x12,0x00,0x01,0x49,0x01,0xFA,0x01,0x69,0x06,0x00,
  0x01,0x48,0x01,0x24,0xFF,0x00,0x01,0xB1,0x01,0xFA,0x1D,0x00,0x01,0x24,0x01,0xD5,
  0x01,0x69,0x14,0x00,0x01,0x48,0x01,0xFA,0x01,0x69,0xFF,0x00,0x08,0x00,0x01,0xB1,
  0x01,0xFA,0x34,0x00,0x01,0x48,0x01,0xFA,0x01,0x69,0xFF,0x00,0x08,0x00,0x01,0x91,
  0x01,0xB1,0x34,0x00,0x01,0x48,0x01,0xFA,0x01,0x48,0xFF,0x00,0x08,0x00,0x01,0x6D,
  0x01,0x24,0x34,0x00,0x01,0x48,0x01,0xB1,0xFF,0x00,0xFF,0x00,0xFF,0x00,0xFF,0x00,
  0xFF,0x00,0xFF,0x00,0xFF,0x00,0xE5,0x00,0xFF,0xFA,0xFF,0xFA,0x82,0xFA,0xFF,0x00,
  0xFF,0x00,0xFF,0x00,0xFF,0x00,0xFF,0x00,0xFF,0x00,0xFF,0x00,0xFF,0x00,0xFF,0x00,
  0xFF,0x00,0xFF,0x00,0xFF,0x00,0xFF,0x00,0xFF,0x00,0xFF,0x00,0xFF,0x00,0xC6,0x00,
  0x01,0x24,0x01,0xDB,0xFF,0x00,0x2E,0x00,0x01,0x92,0x01,0xFF,0x01,0xDB,0x01,0x6D,
  0x03,0x00,0x01,0x24,0x01,0xB6,0x01,0xFF,0x01,0x49,0x01,0x00,0x02,0x49,0x03,0x00,
  0x01,0x49,0x01,0xFF,0x3D,0x00,0x01,0x24,0x71,0x00,0x01,0x92,0x01,0xDB,0x7C,0x00,
  0x01,0x49,0x01,0x6D,0x01,0xB6,0x01,0xFF,0x01,0x6D,0x02,0x00,0x01,0xDB,0x01,0x00,
  0x01,0x6D,0x01,0xB6,0x01,0x00,0x01,0xDB,0x04,0x00,0x01,0x24,0x01,0xFF,0x07,0x00,
  0x01,0xDB,0x01,0x49,0x03,0x00,0x01,0xDB,0x03,0x00,0x01,0x24,0x0D,0x00,0x01,0x6D,
  0x09,0x00,0x01,0xDB,0x01,0x49,0x03,0x00,0x01,0xDB,0x02,0x00,0x01,0xB6,0x01,0x92,
  0x04,0x00,0x01,0xB6,0x01,0x92,0x04,0x00,0x01,0x49,0x01,0xB6,0x0C,0x00,0x01,0x49,
  0x01,0x92,0x09,0x00,0x01,0xDB,0x01,0x49,0x03,0x00,0x01,0xDB,0x05,0x00,0x01,0xDB,
  0x01,0x49,0x03,0x00,0x01,0xDB,0x02,0x00,0x01,0x49,0x01,0x24,0x12,0x00,0x01,0x24,
  0x0C,0x00,0x01,0x49,0x01,0x24,0x07,0x00,0x01,0x49,0x09,0x00,0x01,0x49,0x01,0x24,
  0x0F,0x00,0x01,0x24,0x01,0xDB,0x02,0xFF,0x7F,0x00,0x01,0xDB,0x01,0x6D,0x02,0x00,
  0x01,0xFF,0x01,0x24,0x02,0x6D,0x01,0x92,0x01,0x49,0x05,0x00,0x06,0xFF,0x02,0x00,
  0x01,0xFF,0x01,0xDB,0x03,0x00,0x01,0xFF,0x01,0x49,0x01,0x00,0x02,0xDB,0x02,0x00,
  0x01,0x92,0x01,0xFF,0x01,0xDB,0x01,0x24,0x06,0x00,0x01,0xB6,0x06,0xFF,0x01,0x6D,
  0x03,0x00,0x01,0xFF,0x01,0xDB,0x03,0x00,0x01,0xFF,0x01,0x49,0x01,0x00,0x01,0xDB,
  0x01,0xFF,0x01,0xDB,0x03,0x00,0x01,0xDB,0x02,0xFF,0x01,0x24,0x02,0x00,0x07,0xFF,
  0x01,0x92,0x06,0x00,0x07,0xFF,0x01,0xDB,0x03,0x00,0x01,0xFF,0x01,0xDB,0x03,0x00,
  0x01,0xFF,0x01,0x49,0x04,0x00,0x01,0xFF,0x01,0xDB,0x03,0x00,0x01,0xFF,0x01,0x49,
  0x01,0x24,0x04,0xFF,0x01,0xDB,0x01,0x24,0x02,0x00,0x01,0xDB,0x01,0x6D,0x02,0x00,
  0x01,0x6D,0x01,0xDB,0x01,0xFF,0x01,0xB6,0x03,0x00,0x02,0xDB,0x02,0x00,0x01,0x92,
  0x01,0xFF,0x01,0xDB,0x01,0x24,0x06,0x00,0x04,0xFF,0x01,0xB6,0x03,0x00,0x01,0x49,
  0x05,0xFF,0x01,0x92,0x03,0x00,0x01,0x24,0x04,0xFF,0x01,0xDB,0x01,0x24,0x0C,0x00,
  0x01,0x24,0x01,0xDB,0x01,0xFF,0x7E,0x00,0x01,0x6D,0x01,0xDB,0x03,0x00,0x01,0x6D,
  0x01,0xFF,0x01,0x92,0x01,0x24,0x01,0x92,0x06,0x00,0x01,0x49,0x04,0x6D,0x01,0xFF,
  0x01,0x49,0x01,0x00,0x01,0x6D,0x01,0xFF,0x03,0x00,0x01,0xFF,0x01,0x6D,0x01,0x00,
  0x01,0x92,0x01,0xFF,0x01,0x49,0x02,0x92,0x01,0x6D,0x01,0xDB,0x01,0xFF,0x06,0x00,
  0x06,0x6D,0x01,0xB6,0x01,0xFF,0x03,0x00,0x01,0x6D,0x01,0xFF,0x03,0x00,0x01,0xFF,
  0x01,0x6D,0x02,0x00,0x01,0x92,0x01,0xFF,0x01,0x92,0x03,0x00,0x01,0x6D,0x01,0xFF,
  0x01,0xB6,0x02,0x00,0x01,0x49,0x02,0xDB,0x03,0x6D,0x01,0x92,0x01,0xFF,0x01,0x24,
  0x05,0x00,0x01,0xDB,0x01,0xB6,0x04,0x6D,0x01,0x92,0x01,0xFF,0x01,0x6D,0x02,0x00,
  0x01,0x6D,0x01,0xFF,0x03,0x00,0x01,0xFF,0x01,0x6D,0x04,0x00,0x01,0x6D,0x01,0xFF,
  0x03,0x00,0x01,0xFF,0x01,0x6D,0x01,0x24,0x04,0x6D,0x01,0xFF,0x01,0x92,0x02,0x00,
  0x02,0xDB,0x01,0x00,0x01,0x49,0x01,0xDB,0x01,0x6D,0x01,0x92,0x01,0xFF,0x01,0xB6,
  0x02,0x00,0x01,0x92,0x01,0xFF,0x01,0x49,0x02,0x92,0x01,0x6D,0x01,0xDB,0x01,0xFF,
  0x05,0x00,0x01,0x24,0x03,0x6D,0x01,0x92,0x01,0xFF,0x01,0xB6,0x02,0x00,0x01,0xB6,
  0x01,0xFF,0x03,0x6D,0x01,0xB6,0x01,0xFF,0x01,0xB6,0x02,0x00,0x01,0x24,0x04,0x6D,
  0x01,0xFF,0x01,0x92,0x0D,0x00,0x01,0x6D,0x01,0xFF,0x0D,0x00,0x03,0xFF,0x6D,0x00,
  0x02,0xFF,0x01,0xB6,0x01,0x24,0x05,0x00,0x01,0xB6,0x01,0x6D,0x01,0x92,0x0A,0x00,
  0x01,0xDB,0x01,0x49,0x02,0x00,0x01,0xFF,0x01,0x49,0x02,0x00,0x01,0xB6,0x01,0x6D,
  0x02,0x00,0x01,0xFF,0x01,0xB6,0x01,0x6D,0x03,0x00,0x01,0xFF,0x01,0x49,0x06,0x00,
  0x01,0x49,0x05,0x00,0x01,0xFF,0x01,0x24,0x03,0x00,0x01,0xFF,0x01,0x49,0x02,0x00,
  0x01,0xB6,0x01,0x6D,0x03,0x00,0x02,0xB6,0x04,0x00,0x01,0x92,0x01,0xDB,0x03,0x00,
  0x01,0x49,0x01,0xFF,0x04,0x00,0x01,0xDB,0x01,0x49,0x05,0x00,0x01,0xB6,0x01,0x92,
  0x05,0x00,0x02,0x92,0x03,0x00,0x01,0xFF,0x01,0x49,0x02,0x00,0x01,0xB6,0x01,0x6D,
  0x05,0x00,0x01,0xFF,0x01,0x49,0x02,0x00,0x01,0xB6,0x01,0x6D,0x05,0x00,0x01,0x6D,
  0x01,0x92,0x02,0x00,0x01,0x49,0x01,0xFF,0x05,0x00,0x01,0x6D,0x01,0xFF,0x03,0x00,
  0x01,0xFF,0x01,0xB6,0x01,0x6D,0x03,0x00,0x01,0xFF,0x01,0x49,0x09,0x00,0x01,0x49,
  0x01,0xFF,0x02,0x00,0x01,0x6D,0x01,0xFF,0x04,0x00,0x01,0x49,0x01,0xFF,0x01,0x24,
  0x06,0x00,0x01,0x6D,0x01,0x92,0x0D,0x00,0x01,0x6D,0x01,0xFF,0x0C,0x00,0x05,0xFF,
  0x6D,0x00,0x01,0x49,0x02,0xFF,0x04,0x00,0x01,0x6D,0x02,0xDB,0x01,0xFF,0x01,0x6D,
  0x09,0x00,0x01,0xDB,0x03,0x00,0x01,0x92,0x01,0xB6,0x02,0x00,0x01,0xB6,0x01,0x49,
  0x02,0x00,0x01,0xB6,0x01,0xDB,0x04,0x00,0x01,0xB6,0x01,0x92,0x06,0x00,0x01,0xFF,
  0x05,0x00,0x01,0xFF,0x01,0x24,0x03,0x00,0x01,0x92,0x01,0xB6,0x02,0x00,0x01,0xB6,
  0x01,0x49,0x03,0x00,0x01,0x92,0x01,0xB6,0x04,0x00,0x01,0x49,0x01,0xFF,0x04,0x00,
  0x01,0xFF,0x04,0x00,0x01,0xDB,0x01,0x49,0x05,0x00,0x02,0x92,0x05,0x00,0x01,0x6D,
  0x01,0xB6,0x03,0x00,0x01,0x92,0x01,0xB6,0x02,0x00,0x01,0xB6,0x01,0x49,0x05,0x00,
  0x01,0x92,0x01,0xB6,0x02,0x00,0x01,0xB6,0x01,0x49,0x05,0x00,0x01,0x6D,0x01,0xB6,
  0x03,0x00,0x01,0xFF,0x01,0x49,0x05,0x00,0x01,0xFF,0x03,0x00,0x01,0xB6,0x01,0xDB,
  0x04,0x00,0x01,0xB6,0x01,0x92,0x0A,0x00,0x01,0xFF,0x01,0x24,0x01,0x00,0x01,0x49,
  0x01,0xFF,0x05,0x00,0x01,0xDB,0x01,0x6D,0x06,0x00,0x01,0x6D,0x01,0xB6,0x0D,0x00,
  0x01,0x49,0x01,0xFF,0x0B,0x00,0x07,0xFF,0x6D,0x00,0x01,0x49,0x01,0xFF,0x01,0x24,
  0x03,0x00,0x01,0xB6,0x01,0xFF,0x01,0x00,0x02,0x92,0x08,0x00,0x01,0x24,0x01,0x92,
  0x03,0x00,0x01,0x49,0x01,0xFF,0x02,0x00,0x01,0xB6,0x03,0x00,0x01,0xB6,0x01,0x6D,
  0x04,0x00,0x01,0x6D,0x01,0xB6,0x06,0x00,0x01,0xFF,0x05,0x00,0x01,0xDB,0x01,0x49,
  0x03,0x00,0x01,0x49,0x01,0xFF,0x02,0x00,0x01,0xB6,0x04,0x00,0x01,0x6D,0x01,0xB6,
  0x04,0x00,0x01,0x24,0x01,0xFF,0x04,0x00,0x01,0xDB,0x01,0x49,0x03,0x00,0x01,0xB6,
  0x01,0x6D,0x05,0x00,0x02,0x92,0x05,0x00,0x01,0x6D,0x01,0xB6,0x03,0x00,0x01,0x49,
  0x01,0xFF,0x02,0x00,0x01,0xB6,0x06,0x00,0x01,0x49,0x01,0xFF,0x02,0x00,0x01,0xB6,
  0x06,0x00,0x01,0x6D,0x01,0xB6,0x03,0x00,0x01,0xB6,0x01,0x6D,0x04,0x00,0x01,0x24,
  0x01,0xB6,0x03,0x00,0x01,0xB6,0x01,0x6D,0x04,0x00,0x01,0x6D,0x01,0xB6,0x0A,0x00,
  0x01,0xFF,0x01,0x49,0x01,0x00,0x01,0x24,0x01,0xFF,0x05,0x00,0x01,0xB6,0x01,0x92,
  0x06,0x00,0x01,0x6D,0x01,0xB6,0x0D,0x00,0x01,0x49,0x01,0xFF,0x0B,0x00,0x07,0xFF,
  0x6D,0x00,0x01,0x24,0x01,0xFF,0x03,0x00,0x01,0x92,0x01,0x49,0x01,0xFF,0x01,0x00,
  0x02,0x6D,0x07,0x00,0x01,0x24,0x01,0xDB,0x05,0x00,0x01,0xFF,0x01,0x49,0x01,0xDB,
  0x01,0x6D,0x03,0x00,0x01,0xDB,0x01,0x24,0x04,0x00,0x01,0x49,0x01,0xB6,0x06,0x00,
  0x01,0xFF,0x05,0x00,0x01,0xDB,0x01,0x49,0x04,0x00,0x01,0xFF,0x01,0x49,0x01,0xDB,
  0x01,0x6D,0x04,0x00,0x01,0x6D,0x01,0xB6,0x04,0x00,0x01,0x24,0x01,0xFF,0x04,0x00,
  0x01,0xB6,0x01,0x49,0x03,0x00,0x01,0xB6,0x01,0x6D,0x05,0x00,0x02,0x92,0x05,0x00,
  0x01,0x6D,0x01,0xB6,0x04,0x00,0x01,0xFF,0x01,0x49,0x01,0xDB,0x01,0x6D,0x07,0x00,
  0x01,0xFF,0x01,0x49,0x01,0xDB,0x01,0x6D,0x06,0x00,0x01,0x6D,0x01,0xB6,0x03,0x00,
  0x01,0x6D,0x01,0xB6,0x04,0x00,0x01,0xB6,0x04,0x00,0x01,0xDB,0x01,0x24,0x04,0x00,
  0x01,0x49,0x01,0xB6,0x0A,0x00,0x01,0xDB,0x01,0x49,0x01,0x00,0x01,0x24,0x01,0xFF,
  0x05,0x00,0x02,0x92,0x06,0x00,0x01,0x6D,0x01,0xB6,0x0D,0x00,0x01,0x49,0x01,0xFF,
  0x0B,0x00,0x07,0xFF,0x6A,0x00,0x01,0x24,0x02,0x00,0x01,0xB6,0x01,0x49,0x02,0x00,
  0x01,0x49,0x01,0x92,0x01,0x00,0x01,0xFF,0x01,0x24,0x01,0x92,0x01,0x24,0x05,0x00,
  0x01,0x6D,0x01,0xDB,0x01,0xFF,0x01,0x24,0x04,0x00,0x01,0x24,0x02,0xFF,0x01,0x49,
  0x04,0x00,0x01,0xFF,0x01,0x00,0x01,0x24,0x03,0x6D,0x01,0x92,0x01,0x6D,0x06,0x00,
  0x01,0xFF,0x05,0x00,0x01,0xDB,0x01,0x49,0x03,0x00,0x01,0x24,0x02,0xFF,0x01,0x49,
  0x05,0x00,0x01,0x6D,0x01,0xB6,0x02,0x00,0x01,0x49,0x01,0x6D,0x02,0x92,0x02,0x00,
  0x01,0x24,0x01,0x6D,0x01,0xB6,0x01,0x24,0x03,0x00,0x01,0x92,0x01,0x6D,0x05,0x00,
  0x01,0x6D,0x01,0xDB,0x05,0x6D,0x01,0xB6,0x01,0x6D,0x03,0x00,0x01,0x24,0x02,0xFF,
  0x01,0x49,0x07,0x00,0x01,0x24,0x02,0xFF,0x01,0x49,0x03,0x00,0x01,0x49,0x03,0x6D,
  0x01,0xB6,0x01,0xFF,0x01,0x49,0x02,0x00,0x01,0x24,0x01,0xFF,0x01,0x92,0x01,0x6D,
  0x01,0x92,0x01,0xDB,0x01,0x49,0x04,0x00,0x01,0xFF,0x01,0x00,0x01,0x24,0x03,0x6D,
  0x01,0x92,0x01,0x6D,0x0A,0x00,0x01,0xDB,0x01,0x49,0x02,0x00,0x01,0xFF,0x05,0x00,
  0x01,0x6D,0x01,0x92,0x02,0x00,0x01,0x49,0x03,0x6D,0x01,0xB6,0x01,0xFF,0x01,0x49,
  0x05,0x00,0x02,0x49,0x05,0x00,0x01,0x6D,0x01,0xFF,0x0C,0x00,0x05,0xFF,0x6A,0x00,
  0x01,0x6D,0x02,0xFF,0x01,0xDB,0x01,0x49,0x03,0x00,0x01,0xB6,0x02,0x00,0x01,0x6D,
  0x01,0xFF,0x01,0x6D,0x05,0x00,0x01,0x49,0x01,0xDB,0x01,0x6D,0x05,0x00,0x01,0xB6,
  0x01,0xFF,0x01,0xB6,0x05,0x00,0x02,0x6D,0x01,0x00,0x05,0xFF,0x07,0x00,0x01,0x92,
  0x05,0x00,0x01,0x92,0x03,0x00,0x01,0xB6,0x01,0xFF,0x01,0xB6,0x07,0x00,0x02,0x6D,
  0x01,0x00,0x01,0x49,0x03,0xFF,0x01,0x24,0x01,0x00,0x01,0x24,0x02,0xFF,0x01,0xDB,
  0x04,0x00,0x01,0x6D,0x06,0x00,0x01,0x24,0x06,0xFF,0x01,0xDB,0x03,0x00,0x01,0xB6,
  0x01,0xFF,0x01,0xB6,0x08,0x00,0x01,0xB6,0x01,0xFF,0x01,0xB6,0x04,0x00,0x01,0x24,
  0x06,0xFF,0x01,0x6D,0x03,0x00,0x01,0x92,0x02,0xFF,0x01,0x92,0x01,0x24,0x04,0x00,
  0x02,0x6D,0x01,0x00,0x05,0xFF,0x0B,0x00,0x01,0x92,0x03,0x00,0x01,0xDB,0x05,0x00,
  0x01,0x49,0x01,0x92,0x01,0x00,0x01,0x24,0x06,0xFF,0x01,0x6D,0x05,0x00,0x02,0xDB,
  0x03,0x00,0x01,0xB6,0x04,0xFF,0x01,0xDB,0x0B,0x00,0x03,0xFF,0x85,0x00,0x01,0x49,
  0x01,0xB6,0x01,0x24,0x06,0x00,0x01,0x49,0x17,0x00,0x01,0x49,0x01,0xB6,0x01,0x24,
  0x2A,0x00,0x01,0x49,0x01,0xB6,0x01,0x24,0x08,0x00,0x01,0x49,0x01,0xB6,0x01,0x24,
  0x19,0x00,0x01,0x49,0x16,0x00,0x01,0x24,0x05,0x00,0x01,0x24,0x10,0x00,0x01,0x24,
  0xFF,0x00,0xFF,0x00,0xFF,0x00,0xFF,0x00,0xFF,0x00,0xFF,0x00,0xFF,0x00,0xFF,0x00,
  0xFF,0x00,0xFF,0x00,0xFF,0x00,0xFF,0x00,0xFF,0x00,0xFF,0x00,0xFF,0x00,0x13,0x00,
  0x01,0xB6,0x01,0xFF,0x01,0xDB,0x01,0x6D,0x97,0x00,0x01,0xB6,0x09,0x00,0x01,0x49,
  0x01,0x24,0x04,0x00,0x01,0xB6,0x01,0x92,0x04,0x00,0x01,0x6D,0x03,0x00,0x01,0x92,
  0x04,0x00,0x01,0x24,0x0D,0x00,0x01,0x6D,0x0A,0x00,0x01,0x6D,0x09,0x00,0x01,0x49,
  0x01,0x24,0x04,0x00,0x01,0xB6,0x01,0x92,0x04,0x00,0x01,0x49,0x01,0x24,0x09,0x00,
  0x01,0x49,0x01,0x24,0x06,0x00,0x01,0x49,0x01,0x24,0x05,0x00,0x01,0x49,0x0A,0x00,
  0x01,0x24,0x0C,0x00,0x01,0xDB,0x01,0x49,0x03,0x00,0x01,0xDB,0x02,0x00,0x01,0x49,
  0x01,0x24,0x07,0x00,0x01,0xB6,0x13,0x00,0x01,0x92,0x01,0xB6,0x02,0xFF,0x01,0x6D,
  0x95,0x00,0x01,0xDB,0x07,0xFF,0x01,0x6D,0x02,0x00,0x02,0xFF,0x01,0x6D,0x03,0x00,
  0x01,0xDB,0x01,0xFF,0x01,0xDB,0x02,0x00,0x01,0x24,0x06,0xFF,0x01,0x24,0x01,0x00,
  0x02,0xDB,0x02,0x00,0x01,0x92,0x01,0xFF,0x01,0xDB,0x01,0x24,0x06,0x00,0x01,0xB6,
  0x06,0xFF,0x01,0x6D,0x03,0x00,0x01,0xDB,0x07,0xFF,0x01,0x6D,0x02,0x00,0x02,0xFF,
  0x01,0x6D,0x03,0x00,0x01,0xDB,0x02,0xFF,0x01,0x24,0x02,0x00,0x04,0xFF,0x01,0xDB,
  0x01,0x24,0x05,0x00,0x04,0xFF,0x01,0xB6,0x03,0x00,0x02,0xFF,0x01,0x6D,0x03,0x00,
  0x01,0x49,0x05,0xFF,0x01,0x92,0x04,0x00,0x02,0xDB,0x02,0x00,0x01,0x92,0x01,0xFF,
  0x01,0xDB,0x01,0x24,0x06,0x00,0x01,0xFF,0x01,0xDB,0x03,0x00,0x01,0xFF,0x01,0x49,
  0x01,0x24,0x04,0xFF,0x01,0xDB,0x01,0x24,0x02,0x00,0x01,0xDB,0x07,0xFF,0x01,0x6D,
  0x0E,0x00,0x01,0x24,0x01,0xFF,0x01,0xDB,0x95,0x00,0x01,0x49,0x01,0xFF,0x01,0x92,
  0x04,0x6D,0x02,0xDB,0x02,0x00,0x01,0x6D,0x02,0xFF,0x01,0xB6,0x03,0x00,0x01,0x92,
  0x01,0xFF,0x01,0x92,0x01,0x00,0x01,0x24,0x03,0x6D,0x01,0x92,0x01,0xFF,0x01,0x6D,
  0x02,0x00,0x01,0x92,0x01,0xFF,0x01,0x49,0x02,0x92,0x01,0x6D,0x01,0xDB,0x01,0xFF,
  0x06,0x00,0x06,0x6D,0x01,0xB6,0x01,0xFF,0x03,0x00,0x01,0xB6,0x01,0xFF,0x05,0x6D,
  0x02,0xDB,0x02,0x00,0x01,0x6D,0x02,0xFF,0x01,0xB6,0x03,0x00,0x01,0x6D,0x01,0xFF,
  0x01,0xB6,0x01,0x00,0x01,0x24,0x04,0x6D,0x02,0xFF,0x04,0x00,0x01,0x24,0x03,0x6D,
  0x01,0x92,0x01,0xFF,0x01,0xB6,0x02,0x00,0x01,0x6D,0x02,0xFF,0x01,0xB6,0x02,0x00,
  0x01,0xB6,0x01,0xFF,0x03,0x6D,0x01,0xB6,0x01,0xFF,0x01,0xB6,0x03,0x00,0x01,0x92,
  0x01,0xFF,0x01,0x49,0x02,0x92,0x01,0x6D,0x01,0xDB,0x01,0xFF,0x06,0x00,0x01,0x6D,
  0x01,0xFF,0x03,0x00,0x01,0xFF,0x01,0x6D,0x01,0x24,0x04,0x6D,0x01,0xFF,0x01,0x92,
  0x02,0x00,0x01,0x49,0x01,0xFF,0x01,0x92,0x04,0x6D,0x02,0xDB,0x0F,0x00,0x01,0xDB,
  0x01,0xB6,0x0B,0x00,0x03,0xFF,0x88,0x00,0x01,0xFF,0x01,0x24,0x04,0x00,0x01,0x6D,
  0x01,0xB6,0x04,0x00,0x01,0xDB,0x01,0xFF,0x04,0x00,0x02,0xB6,0x06,0x00,0x01,0xFF,
  0x04,0x00,0x01,0xFF,0x01,0xB6,0x01,0x6D,0x03,0x00,0x01,0xFF,0x01,0x49,0x06,0x00,
  0x01,0x49,0x05,0x00,0x01,0xFF,0x01,0x24,0x03,0x00,0x01,0xFF,0x01,0x24,0x04,0x00,
  0x01,0x6D,0x01,0xDB,0x04,0x00,0x01,0xDB,0x01,0xFF,0x04,0x00,0x01,0x92,0x01,0xDB,
  0x06,0x00,0x01,0x24,0x01,0xFF,0x01,0x6D,0x08,0x00,0x01,0x49,0x01,0xFF,0x04,0x00,
  0x01,0xDB,0x01,0xFF,0x02,0x00,0x01,0x6D,0x01,0xFF,0x04,0x00,0x01,0x49,0x01,0xFF,
  0x01,0x24,0x03,0x00,0x01,0xFF,0x01,0xB6,0x01,0x6D,0x03,0x00,0x01,0xFF,0x01,0x49,
  0x06,0x00,0x01,0xFF,0x01,0x49,0x02,0x00,0x01,0xB6,0x01,0x6D,0x05,0x00,0x01,0x6D,
  0x01,0x92,0x03,0x00,0x01,0xFF,0x01,0x24,0x04,0x00,0x01,0x6D,0x01,0xB6,0x0E,0x00,
  0x01,0x24,0x01,0xFF,0x01,0x24,0x0A,0x00,0x05,0xFF,0x87,0x00,0x01,0xFF,0x01,0x49,
  0x04,0x00,0x01,0x92,0x01,0x6D,0x04,0x00,0x01,0x92,0x01,0xB6,0x04,0x00,0x01,0x92,
  0x01,0xB6,0x06,0x00,0x01,0xFF,0x04,0x00,0x01,0xB6,0x01,0xDB,0x04,0x00,0x01,0xB6,
  0x01,0x92,0x06,0x00,0x01,0xFF,0x05,0x00,0x01,0xFF,0x01,0x24,0x03,0x00,0x01,0xDB,
  0x01,0x49,0x04,0x00,0x01,0x6D,0x01,0x92,0x04,0x00,0x01,0x92,0x01,0xB6,0x04,0x00,
  0x01,0x49,0x01,0xFF,0x07,0x00,0x01,0xB6,0x01,0x92,0x09,0x00,0x01,0xFF,0x01,0x24,
  0x03,0x00,0x01,0x92,0x01,0xB6,0x02,0x00,0x01,0x49,0x01,0xFF,0x05,0x00,0x01,0xDB,
  0x01,0x6D,0x03,0x00,0x01,0xB6,0x01,0xDB,0x04,0x00,0x01,0xB6,0x01,0x92,0x06,0x00,
  0x01,0x92,0x01,0xB6,0x02,0x00,0x01,0xB6,0x01,0x49,0x05,0x00,0x01,0x6D,0x01,0xB6,
  0x03,0x00,0x01,0xFF,0x01,0x49,0x04,0x00,0x01,0x92,0x01,0x6D,0x0E,0x00,0x01,0xDB,
  0x01,0x92,0x0A,0x00,0x07,0xFF,0x86,0x00,0x01,0xFF,0x01,0x49,0x04,0x00,0x01,0xB6,
  0x05,0x00,0x01,0xDB,0x01,0x24,0x04,0x00,0x01,0x6D,0x01,0xB6,0x06,0x00,0x01,0xFF,
  0x04,0x00,0x01,0xB6,0x01,0x6D,0x04,0x00,0x01,0x6D,0x01,0xB6,0x06,0x00,0x01,0xFF,
  0x05,0x00,0x01,0xDB,0x01,0x49,0x03,0x00,0x02,0x92,0x04,0x00,0x01,0xDB,0x05,0x00,
  0x01,0xDB,0x01,0x24,0x04,0x00,0x01,0x24,0x01,0xFF,0x07,0x00,0x01,0x92,0x01,0x6D,
  0x09,0x00,0x01,0xFF,0x01,0x49,0x03,0x00,0x01,0xDB,0x01,0x24,0x02,0x00,0x01,0x24,
  0x01,0xFF,0x05,0x00,0x01,0xB6,0x01,0x92,0x03,0x00,0x01,0xB6,0x01,0x6D,0x04,0x00,
  0x01,0x6D,0x01,0xB6,0x06,0x00,0x01,0x49,0x01,0xFF,0x02,0x00,0x01,0xB6,0x06,0x00,
  0x01,0x6D,0x01,0xB6,0x03,0x00,0x01,0xFF,0x01,0x49,0x04,0x00,0x01,0xB6,0x0E,0x00,
  0x01,0x92,0x01,0xDB,0x0B,0x00,0x07,0xFF,0x86,0x00,0x01,0xDB,0x01,0x49,0x03,0x00,
  0x01,0x6D,0x01,0x49,0x04,0x00,0x02,0x49,0x05,0x00,0x01,0x6D,0x01,0xB6,0x06,0x00,
  0x01,0xFF,0x01,0x24,0x03,0x00,0x01,0xDB,0x01,0x24,0x04,0x00,0x01,0x49,0x01,0xB6,
  0x06,0x00,0x01,0xFF,0x05,0x00,0x01,0xDB,0x01,0x49,0x03,0x00,0x01,0x49,0x01,0xDB,
  0x03,0x00,0x02,0x6D,0x04,0x00,0x02,0x49,0x05,0x00,0x01,0x24,0x01,0xFF,0x07,0x00,
  0x01,0xB6,0x0A,0x00,0x01,0xDB,0x01,0x49,0x02,0x00,0x02,0x49,0x03,0x00,0x01,0x24,
  0x01,0xFF,0x05,0x00,0x02,0x92,0x03,0x00,0x01,0xDB,0x01,0x24,0x04,0x00,0x01,0x49,
  0x01,0xB6,0x07,0x00,0x01,0xFF,0x01,0x49,0x01,0xDB,0x01,0x6D,0x06,0x00,0x01,0x6D,
  0x01,0xB6,0x03,0x00,0x01,0xDB,0x01,0x49,0x03,0x00,0x01,0x6D,0x01,0x49,0x0D,0x00,
  0x01,0x49,0x01,0xFF,0x01,0x24,0x0B,0x00,0x07,0xFF,0x86,0x00,0x01,0xDB,0x01,0x49,
  0x01,0x00,0x01,0x92,0x01,0xFF,0x01,0x92,0x0C,0x00,0x01,0x6D,0x01,0xB6,0x06,0x00,
  0x01,0xFF,0x01,0x24,0x03,0x00,0x01,0xFF,0x01,0x00,0x01,0x24,0x03,0x6D,0x01,0x92,
  0x01,0x6D,0x06,0x00,0x01,0xFF,0x05,0x00,0x01,0xDB,0x01,0x49,0x04,0x00,0x01,0xFF,
  0x02,0x92,0x01,0xDB,0x01,0x92,0x0A,0x00,0x01,0x49,0x01,0x6D,0x02,0x92,0x02,0x00,
  0x01,0x49,0x03,0x6D,0x01,0x92,0x01,0x6D,0x0A,0x00,0x01,0xDB,0x01,0x49,0x08,0x00,
  0x01,0xFF,0x05,0x00,0x01,0x6D,0x01,0x92,0x03,0x00,0x01,0xFF,0x01,0x00,0x01,0x24,
  0x03,0x6D,0x01,0x92,0x01,0x6D,0x06,0x00,0x01,0x24,0x02,0xFF,0x01,0x49,0x03,0x00,
  0x01,0x49,0x03,0x6D,0x01,0xB6,0x01,0xFF,0x01,0x49,0x02,0x00,0x01,0xDB,0x01,0x49,
  0x01,0x00,0x01,0x92,0x01,0xFF,0x01,0x92,0x08,0x00,0x02,0x49,0x04,0x00,0x01,0xFF,
  0x01,0x92,0x0D,0x00,0x05,0xFF,0x87,0x00,0x01,0xDB,0x02,0x49,0x01,0xB6,0x01,0x49,
  0x0D,0x00,0x02,0x6D,0x06,0x00,0x01,0x92,0x03,0x00,0x02,0x6D,0x01,0x00,0x05,0xFF,
  0x07,0x00,0x01,0x92,0x05,0x00,0x01,0x92,0x05,0x00,0x01,0x92,0x01,0xFF,0x01,0xDB,
  0x01,0x49,0x0A,0x00,0x01,0x49,0x03,0xFF,0x01,0x24,0x01,0x00,0x01,0x24,0x04,0xFF,
  0x01,0xB6,0x0B,0x00,0x01,0x92,0x09,0x00,0x01,0xDB,0x05,0x00,0x01,0x49,0x01,0x92,
  0x02,0x00,0x02,0x6D,0x01,0x00,0x05,0xFF,0x06,0x00,0x01,0xB6,0x01,0xFF,0x01,0xB6,
  0x04,0x00,0x01,0x24,0x06,0xFF,0x01,0x6D,0x02,0x00,0x01,0xDB,0x02,0x49,0x01,0xB6,
  0x01,0x49,0x09,0x00,0x02,0xDB,0x03,0x00,0x01,0x6D,0x04,0xFF,0x01,0xDB,0x01,0x24,
  0x0A,0x00,0x03,0xFF,0x88,0x00,0x01,0xDB,0x01,0x49,0x1C,0x00,0x01,0x49,0x49,0x00,
  0x01,0x24,0x05,0x00,0x01,0x24,0x03,0x00,0x01,0x49,0x0C,0x00,0x01,0x49,0x01,0xB6,
  0x01,0x24,0x0F,0x00,0x01,0xDB,0x01,0x49,0x0D,0x00,0x01,0x24,0x9F,0x00,0x01,0xDB,
  0x01,0x49,0x8F,0x00,0x01,0xDB,0x01,0x49,0xAD,0x00,0x01,0xB6,0x90,0x00,0x01,0xB6,
  0xFF,0x00,0xFF,0x00,0xFF,0x00,0xFF,0x00,0xFF,0x00,0xFF,0x00,0xFF,0x00,0xFF,0x00,
  0xFF,0x00,0xFF,0x00,0xFF,0x00,0x05,0x00,0x01,0x24,0x01,0xDB,0xED,0x00,0x01,0x24,
  0x15,0x00,0x01,0x24,0x19,0x00,0x01,0x92,0x01,0xDB,0x04,0x00,0x01,0x24,0x01,0xB6,
  0x01,0xFF,0x01,0x49,0x01,0x00,0x02,0x49,0x14,0x00,0x01,0x49,0x01,0xFF,0x57,0x00,
  0x01,0x92,0x01,0xFF,0x01,0xDB,0x01,0x6D,0x91,0x00,0x01,0x49,0x01,0xB6,0x0A,0x00,
  0x01,0x49,0x09,0x00,0x01,0x49,0x01,0xB6,0x0A,0x00,0x01,0x24,0x0C,0x00,0x01,0x24,
  0x01,0xDB,0x02,0xFF,0x04,0x00,0x01,0xDB,0x01,0x00,0x01,0x6D,0x01,0xB6,0x01,0x00,
  0x01,0xDB,0x06,0x00,0x01,0x6D,0x09,0x00,0x01,0xB6,0x01,0x92,0x03,0x00,0x01,0x24,
  0x01,0xFF,0x0B,0x00,0x01,0x49,0x01,0xDB,0x01,0x6D,0x05,0x00,0x01,0xB6,0x01,0x92,
  0x10,0x00,0x01,0x6D,0x0C,0x00,0x01,0xDB,0x01,0x49,0x03,0x00,0x01,0xDB,0x02,0x00,
  0x01,0x49,0x01,0x24,0x07,0x00,0x01,0xB6,0x13,0x00,0x01,0x49,0x01,0x6D,0x01,0xB6,
  0x01,0xFF,0x01,0x6D,0x90,0x00,0x07,0xFF,0x01,0x92,0x03,0x00,0x01,0x49,0x05,0xFF,
  0x01,0x92,0x04,0x00,0x07,0xFF,0x01,0x92,0x03,0x00,0x02,0xDB,0x02,0x00,0x01,0x92,
  0x01,0xFF,0x01,0xDB,0x01,0x24,0x07,0x00,0x01,0x24,0x01,0xDB,0x01,0xFF,0x04,0x00,
  0x01,0xFF,0x01,0x24,0x02,0x6D,0x01,0x92,0x01,0x49,0x05,0x00,0x01,0xDB,0x07,0xFF,
  0x01,0x6D,0x02,0x00,0x01,0xDB,0x01,0xFF,0x01,0xDB,0x03,0x00,0x06,0xFF,0x05,0x00,
  0x01,0x24,0x02,0xB6,0x02,0xFF,0x01,0x49,0x03,0x00,0x01,0xDB,0x01,0xFF,0x01,0xDB,
  0x03,0x00,0x01,0xDB,0x01,0x6D,0x02,0x00,0x01,0x6D,0x01,0xDB,0x01,0xFF,0x01,0xB6,
  0x03,0x00,0x01,0xDB,0x07,0xFF,0x01,0x6D,0x05,0x00,0x01,0xFF,0x01,0xDB,0x03,0x00,
  0x01,0xFF,0x01,0x49,0x01,0x24,0x04,0xFF,0x01,0xDB,0x01,0x24,0x02,0x00,0x01,0xDB,
  0x07,0xFF,0x01,0x6D,0x0F,0x00,0x01,0xDB,0x01,0x6D,0x90,0x00,0x01,0x49,0x02,0xDB,
  0x03,0x6D,0x01,0x92,0x01,0xFF,0x01,0x24,0x02,0x00,0x01,0xB6,0x01,0xFF,0x03,0x6D,
  0x01,0xB6,0x01,0xFF,0x01,0xB6,0x03,0x00,0x01,0x49,0x02,0xDB,0x03,0x6D,0x01,0x92,
  0x01,0xFF,0x01,0x24,0x02,0x00,0x01,0x92,0x01,0xFF,0x01,0x49,0x02,0x92,0x01,0x6D,
  0x01,0xDB,0x01,0xFF,0x08,0x00,0x01,0x6D,0x01,0xFF,0x04,0x00,0x01,0x6D,0x01,0xFF,
  0x01,0x92,0x01,0x24,0x01,0x92,0x06,0x00,0x01,0xB6,0x01,0xFF,0x05,0x6D,0x02,0xDB,
  0x03,0x00,0x01,0x92,0x01,0xFF,0x01,0x92,0x02,0x00,0x01,0x49,0x04,0x6D,0x01,0xFF,
  0x01,0x49,0x04,0x00,0x01,0xB6,0x01,0x24,0x01,0x00,0x01,0x24,0x01,0xDB,0x01,0xFF,
  0x04,0x00,0x01,0x92,0x01,0xFF,0x01,0x92,0x02,0x00,0x02,0xDB,0x01,0x00,0x01,0x49,
  0x01,0xDB,0x01,0x6D,0x01,0x92,0x01,0xFF,0x01,0xB6,0x02,0x00,0x01,0xB6,0x01,0xFF,
  0x05,0x6D,0x02,0xDB,0x05,0x00,0x01,0x6D,0x01,0xFF,0x03,0x00,0x01,0xFF,0x01,0x6D,
  0x01,0x24,0x04,0x6D,0x01,0xFF,0x01,0x92,0x02,0x00,0x01,0x49,0x01,0xFF,0x01,0x92,
  0x04,0x6D,0x02,0xDB,0x0E,0x00,0x01,0x6D,0x01,0xDB,0x0C,0x00,0x03,0xFF,0x83,0x00,
  0x01,0x49,0x01,0xFF,0x04,0x00,0x01,0xDB,0x01,0x49,0x02,0x00,0x01,0x6D,0x01,0xFF,
  0x04,0x00,0x01,0x49,0x01,0xFF,0x01,0x24,0x03,0x00,0x01,0x49,0x01,0xFF,0x04,0x00,
  0x01,0xDB,0x01,0x49,0x03,0x00,0x01,0xFF,0x01,0xB6,0x01,0x6D,0x03,0x00,0x01,0xFF,
  0x01,0x49,0x07,0x00,0x01,0x6D,0x01,0xFF,0x07,0x00,0x01,0xB6,0x01,0x6D,0x01,0x92,
  0x06,0x00,0x01,0xFF,0x01,0x24,0x04,0x00,0x01,0x6D,0x01,0xDB,0x04,0x00,0x02,0xB6,
  0x07,0x00,0x01,0xDB,0x01,0x49,0x04,0x00,0x01,0xFF,0x01,0x49,0x03,0x00,0x01,0xFF,
  0x01,0x24,0x04,0x00,0x02,0xB6,0x02,0x00,0x01,0x49,0x01,0xFF,0x05,0x00,0x01,0x6D,
  0x01,0xFF,0x03,0x00,0x01,0xFF,0x01,0x24,0x04,0x00,0x01,0x6D,0x01,0xDB,0x06,0x00,
  0x01,0xFF,0x01,0x49,0x02,0x00,0x01,0xB6,0x01,0x6D,0x05,0x00,0x01,0x6D,0x01,0x92,
  0x03,0x00,0x01,0xFF,0x01,0x24,0x04,0x00,0x01,0x6D,0x01,0xB6,0x0D,0x00,0x02,0xFF,
  0x01,0xB6,0x01,0x24,0x0A,0x00,0x05,0xFF,0x83,0x00,0x01,0xFF,0x04,0x00,0x01,0xDB,
  0x01,0x49,0x02,0x00,0x01,0x49,0x01,0xFF,0x05,0x00,0x01,0xDB,0x01,0x6D,0x04,0x00,
  0x01,0xFF,0x04,0x00,0x01,0xDB,0x01,0x49,0x03,0x00,0x01,0xB6,0x01,0xDB,0x04,0x00,
  0x01,0xB6,0x01,0x92,0x07,0x00,0x01,0x49,0x01,0xFF,0x06,0x00,0x01,0x6D,0x02,0xDB,
  0x01,0xFF,0x01,0x6D,0x05,0x00,0x01,0xDB,0x01,0x49,0x04,0x00,0x01,0x6D,0x01,0x92,
  0x04,0x00,0x01,0x92,0x01,0xB6,0x07,0x00,0x01,0xDB,0x05,0x00,0x01,0xB6,0x01,0xFF,
  0x01,0x49,0x02,0x00,0x01,0xDB,0x01,0x49,0x04,0x00,0x01,0x92,0x01,0xB6,0x03,0x00,
  0x01,0xFF,0x01,0x49,0x05,0x00,0x01,0xFF,0x03,0x00,0x01,0xDB,0x01,0x49,0x04,0x00,
  0x01,0x6D,0x01,0x92,0x06,0x00,0x01,0x92,0x01,0xB6,0x02,0x00,0x01,0xB6,0x01,0x49,
  0x05,0x00,0x01,0x6D,0x01,0xB6,0x03,0x00,0x01,0xFF,0x01,0x49,0x04,0x00,0x01,0x92,
  0x01,0x6D,0x0E,0x00,0x01,0x49,0x02,0xFF,0x09,0x00,0x07,0xFF,0x82,0x00,0x01,0xDB,
  0x01,0x49,0x03,0x00,0x01,0xB6,0x01,0x6D,0x02,0x00,0x01,0x24,0x01,0xFF,0x05,0x00,
  0x01,0xB6,0x01,0x92,0x04,0x00,0x01,0xDB,0x01,0x49,0x03,0x00,0x01,0xB6,0x01,0x6D,
  0x03,0x00,0x01,0xB6,0x01,0x6D,0x04,0x00,0x01,0x6D,0x01,0xB6,0x07,0x00,0x01,0x49,
  0x01,0xFF,0x06,0x00,0x01,0xB6,0x01,0xFF,0x01,0x00,0x02,0x92,0x05,0x00,0x02,0x92,
  0x04,0x00,0x01,0xDB,0x05,0x00,0x01,0x6D,0x01,0xB6,0x06,0x00,0x01,0x24,0x01,0x92,
  0x06,0x00,0x01,0x92,0x03,0x00,0x01,0xB6,0x01,0x49,0x04,0x00,0x01,0x6D,0x01,0xB6,
  0x03,0x00,0x01,0xB6,0x01,0x6D,0x04,0x00,0x01,0x24,0x01,0xB6,0x03,0x00,0x02,0x92,
  0x04,0x00,0x01,0xDB,0x07,0x00,0x01,0x49,0x01,0xFF,0x02,0x00,0x01,0xB6,0x06,0x00,
  0x01,0x6D,0x01,0xB6,0x03,0x00,0x01,0xFF,0x01,0x49,0x04,0x00,0x01,0xB6,0x10,0x00,
  0x01,0x49,0x01,0xFF,0x01,0x24,0x08,0x00,0x07,0xFF,0x82,0x00,0x01,0xB6,0x01,0x49,
  0x03,0x00,0x01,0xB6,0x01,0x6D,0x02,0x00,0x01,0x24,0x01,0xFF,0x05,0x00,0x02,0x92,
  0x04,0x00,0x01,0xB6,0x01,0x49,0x03,0x00,0x01,0xB6,0x01,0x6D,0x03,0x00,0x01,0xDB,
  0x01,0x24,0x04,0x00,0x01,0x49,0x01,0xB6,0x07,0x00,0x01,0x49,0x01,0xFF,0x05,0x00,
  0x01,0x92,0x01,0x49,0x01,0xFF,0x01,0x00,0x02,0x6D,0x05,0x00,0x01,0x49,0x01,0xDB,
  0x03,0x00,0x02,0x6D,0x05,0x00,0x01,0x6D,0x01,0xB6,0x05,0x00,0x01,0x24,0x01,0xDB,
  0x0B,0x00,0x01,0xB6,0x01,0x49,0x04,0x00,0x01,0x6D,0x01,0xB6,0x03,0x00,0x01,0x6D,
  0x01,0xB6,0x04,0x00,0x01,0xB6,0x04,0x00,0x01,0x49,0x01,0xDB,0x03,0x00,0x02,0x6D,
  0x08,0x00,0x01,0xFF,0x01,0x49,0x01,0xDB,0x01,0x6D,0x06,0x00,0x01,0x6D,0x01,0xB6,
  0x03,0x00,0x01,0xDB,0x01,0x49,0x03,0x00,0x01,0x6D,0x01,0x49,0x10,0x00,0x01,0x24,
  0x01,0xFF,0x09,0x00,0x07,0xFF,0x80,0x00,0x01,0x24,0x01,0x6D,0x01,0xB6,0x01,0x24,
  0x03,0x00,0x01,0x92,0x01,0x6D,0x03,0x00,0x01,0xFF,0x05,0x00,0x01,0x6D,0x01,0x92,
  0x02,0x00,0x01,0x24,0x01,0x6D,0x01,0xB6,0x01,0x24,0x03,0x00,0x01,0x92,0x01,0x6D,
  0x03,0x00,0x01,0xFF,0x01,0x00,0x01,0x24,0x03,0x6D,0x01,0x92,0x01,0x6D,0x07,0x00,
  0x01,0x6D,0x01,0xFF,0x04,0x00,0x01,0x49,0x01,0x92,0x01,0x00,0x01,0xFF,0x01,0x24,
  0x01,0x92,0x01,0x24,0x06,0x00,0x01,0xFF,0x02,0x92,0x01,0xDB,0x01,0x92,0x06,0x00,
  0x01,0x6D,0x01,0xB6,0x03,0x00,0x01,0x6D,0x01,0xDB,0x01,0xFF,0x01,0x24,0x06,0x00,
  0x01,0x49,0x04,0x6D,0x01,0xDB,0x05,0x00,0x01,0x6D,0x01,0xB6,0x03,0x00,0x01,0x24,
  0x01,0xFF,0x01,0x92,0x01,0x6D,0x01,0x92,0x01,0xDB,0x01,0x49,0x05,0x00,0x01,0xFF,
  0x02,0x92,0x01,0xDB,0x01,0x92,0x08,0x00,0x01,0x24,0x02,0xFF,0x01,0x49,0x03,0x00,
  0x01,0x49,0x03,0x6D,0x01,0xB6,0x01,0xFF,0x01,0x49,0x02,0x00,0x01,0xDB,0x01,0x49,
  0x01,0x00,0x01,0x92,0x01,0xFF,0x01,0x92,0x08,0x00,0x02,0x49,0x04,0x00,0x01,0x24,
  0x02,0x00,0x01,0xB6,0x01,0x49,0x0A,0x00,0x05,0xFF,0x80,0x00,0x01,0x24,0x02,0xFF,
  0x01,0xDB,0x04,0x00,0x01,0x6D,0x04,0x00,0x01,0xDB,0x05,0x00,0x01,0x49,0x01,0x92,
  0x01,0x00,0x01,0x24,0x02,0xFF,0x01,0xDB,0x04,0x00,0x01,0x6D,0x03,0x00,0x02,0x6D,
  0x01,0x00,0x05,0xFF,0x06,0x00,0x01,0xB6,0x04,0xFF,0x01,0xDB,0x02,0x00,0x01,0xB6,
  0x02,0x00,0x01,0x6D,0x01,0xFF,0x01,0x6D,0x07,0x00,0x01,0x92,0x01,0xFF,0x01,0xDB,
  0x01,0x49,0x07,0x00,0x02,0x6D,0x02,0x00,0x01,0x49,0x01,0xDB,0x01,0x6D,0x07,0x00,
  0x01,0x24,0x05,0xFF,0x01,0x92,0x05,0x00,0x02,0x6D,0x04,0x00,0x01,0x92,0x02,0xFF,
  0x01,0x92,0x01,0x24,0x06,0x00,0x01,0x92,0x01,0xFF,0x01,0xDB,0x01,0x49,0x08,0x00,
  0x01,0xB6,0x01,0xFF,0x01,0xB6,0x04,0x00,0x01,0x24,0x06,0xFF,0x01,0x6D,0x02,0x00,
  0x01,0xDB,0x02,0x49,0x01,0xB6,0x01,0x49,0x09,0x00,0x02,0xDB,0x03,0x00,0x01,0x6D,
  0x02,0xFF,0x01,0xDB,0x01,0x49,0x0C,0x00,0x03,0xFF,0x8E,0x00,0x01,0x24,0x05,0x00,
  0x01,0x24,0x0E,0x00,0x01,0x49,0x63,0x00,0x01,0x49,0x01,0xB6,0x01,0x24,0x0F,0x00,
  0x01,0xDB,0x01,0x49,0x0D,0x00,0x01,0x24,0xFF,0x00,0x31,0x00,0x01,0xDB,0x01,0x49,
  0xFF,0x00,0x3F,0x00,0x01,0xB6,0xFF,0x00,0xFF,0x00,0xFF,0x00,0xFF,0x00,0xFF,0x00,
  0xFF,0x00,0xFF,0x00,0xFF,0x00,0xFF,0x00,0xFF,0x00,0xED,0x00,0x01,0x24,0x01,0xDB,
  0xFF,0x00,0x3F,0x00,0x01,0x49,0x01,0xFF,0x1E,0x00,0x01,0xB6,0x01,0xFF,0x01,0xDB,
  0x01,0x6D,0x03,0x00,0x01,0x24,0x01,0xB6,0x01,0xFF,0x01,0x49,0x01,0x00,0x02,0x49,
  0x43,0x00,0x01,0x24,0x01,0xB6,0x01,0x92,0xCC,0x00,0x01,0x24,0x01,0xFF,0x07,0x00,
  0x01,0xDB,0x01,0x49,0x03,0x00,0x01,0xDB,0x03,0x00,0x01,0x24,0x0D,0x00,0x01,0x92,
  0x01,0xB6,0x02,0xFF,0x01,0x6D,0x02,0x00,0x01,0xDB,0x01,0x00,0x01,0x6D,0x01,0xB6,
  0x01,0x00,0x01,0xDB,0x05,0x00,0x01,0x6D,0x03,0x00,0x01,0x92,0x03,0x00,0x01,0xDB,
  0x01,0x49,0x03,0x00,0x01,0xDB,0x02,0x00,0x01,0x49,0x01,0x24,0x07,0x00,0x01,0xDB,
  0x01,0x49,0x03,0x00,0x01,0xDB,0x02,0x00,0x01,0x49,0x01,0x24,0x07,0x00,0x01,0xB6,
  0x13,0x00,0x01,0x24,0x01,0xDB,0x01,0xFF,0x01,0xB6,0xCD,0x00,0x06,0xFF,0x02,0x00,
  0x01,0xFF,0x01,0xDB,0x03,0x00,0x01,0xFF,0x01,0x49,0x01,0x00,0x02,0xDB,0x02,0x00,
  0x01,0x92,0x01,0xFF,0x01,0xDB,0x01,0x24,0x09,0x00,0x01,0x24,0x01,0xFF,0x01,0xDB,
  0x02,0x00,0x01,0xFF,0x01,0x24,0x02,0x6D,0x01,0x92,0x01,0x49,0x04,0x00,0x01,0x24,
  0x06,0xFF,0x01,0x24,0x01,0x00,0x01,0xFF,0x01,0xDB,0x03,0x00,0x01,0xFF,0x01,0x49,
  0x01,0x00,0x02,0xFF,0x01,0x6D,0x06,0x00,0x01,0xFF,0x01,0xDB,0x03,0x00,0x01,0xFF,
  0x01,0x49,0x01,0x24,0x04,0xFF,0x01,0xDB,0x01,0x24,0x02,0x00,0x01,0xDB,0x07,0xFF,
  0x01,0x6D,0x0C,0x00,0x01,0xDB,0x01,0x00,0x01,0x92,0x01,0xB6,0xCD,0x00,0x01,0x49,
  0x04,0x6D,0x01,0xFF,0x01,0x49,0x01,0x00,0x01,0x6D,0x01,0xFF,0x03,0x00,0x01,0xFF,
  0x01,0x6D,0x01,0x00,0x01,0x92,0x01,0xFF,0x01,0x49,0x02,0x92,0x01,0x6D,0x01,0xDB,
  0x01,0xFF,0x0A,0x00,0x01,0xDB,0x01,0xB6,0x02,0x00,0x01,0x6D,0x01,0xFF,0x01,0x92,
  0x01,0x24,0x01,0x92,0x05,0x00,0x01,0x24,0x03,0x6D,0x01,0x92,0x01,0xFF,0x01,0x6D,
  0x02,0x00,0x01,0x6D,0x01,0xFF,0x03,0x00,0x01,0xFF,0x01,0x6D,0x01,0x00,0x01,0x6D,
  0x02,0xFF,0x01,0xB6,0x05,0x00,0x01,0x6D,0x01,0xFF,0x03,0x00,0x01,0xFF,0x01,0x6D,
  0x01,0x24,0x04,0x6D,0x01,0xFF,0x01,0x92,0x02,0x00,0x01,0x49,0x01,0xFF,0x01,0x92,
  0x04,0x6D,0x02,0xDB,0x0B,0x00,0x01,0xB6,0x01,0x24,0x01,0x00,0x01,0x6D,0x01,0xB6,
  0x0C,0x00,0x03,0xFF,0xC3,0x00,0x01,0xDB,0x01,0x49,0x02,0x00,0x01,0xFF,0x01,0x49,
  0x02,0x00,0x01,0xB6,0x01,0x6D,0x02,0x00,0x01,0xFF,0x01,0xB6,0x01,0x6D,0x03,0x00,
  0x01,0xFF,0x01,0x49,0x08,0x00,0x01,0x24,0x01,0xFF,0x01,0x24,0x05,0x00,0x01,0xB6,
  0x01,0x6D,0x01,0x92,0x09,0x00,0x01,0xFF,0x04,0x00,0x01,0xFF,0x01,0x49,0x02,0x00,
  0x01,0xB6,0x01,0x6D,0x03,0x00,0x01,0xDB,0x01,0xFF,0x06,0x00,0x01,0xFF,0x01,0x49,
  0x02,0x00,0x01,0xB6,0x01,0x6D,0x05,0x00,0x01,0x6D,0x01,0x92,0x03,0x00,0x01,0xFF,
  0x01,0x24,0x04,0x00,0x01,0x6D,0x01,0xB6,0x0B,0x00,0x01,0xDB,0x02,0x00,0x01,0x6D,
  0x01,0xDB,0x0B,0x00,0x05,0xFF,0xC2,0x00,0x01,0xDB,0x03,0x00,0x01,0x92,0x01,0xB6,
  0x02,0x00,0x01,0xB6,0x01,0x49,0x02,0x00,0x01,0xB6,0x01,0xDB,0x04,0x00,0x01,0xB6,
  0x01,0x92,0x08,0x00,0x01,0xDB,0x01,0x92,0x05,0x00,0x01,0x6D,0x02,0xDB,0x01,0xFF,
  0x01,0x6D,0x08,0x00,0x01,0xFF,0x04,0x00,0x01,0x92,0x01,0xB6,0x02,0x00,0x01,0xB6,
  0x01,0x49,0x03,0x00,0x01,0x92,0x01,0xB6,0x06,0x00,0x01,0x92,0x01,0xB6,0x02,0x00,
  0x01,0xB6,0x01,0x49,0x05,0x00,0x01,0x6D,0x01,0xB6,0x03,0x00,0x01,0xFF,0x01,0x49,
  0x04,0x00,0x01,0x92,0x01,0x6D,0x0A,0x00,0x01,0x24,0x06,0xFF,0x01,0x6D,0x08,0x00,
  0x07,0xFF,0xC0,0x00,0x01,0x24,0x01,0x92,0x03,0x00,0x01,0x49,0x01,0xFF,0x02,0x00,
  0x01,0xB6,0x03,0x00,0x01,0xB6,0x01,0x6D,0x04,0x00,0x01,0x6D,0x01,0xB6,0x07,0x00,
  0x01,0x92,0x01,0xDB,0x06,0x00,0x01,0xB6,0x01,0xFF,0x01,0x00,0x02,0x92,0x08,0x00,
  0x01,0xFF,0x04,0x00,0x01,0x49,0x01,0xFF,0x02,0x00,0x01,0xB6,0x04,0x00,0x01,0xDB,
  0x01,0x24,0x06,0x00,0x01,0x49,0x01,0xFF,0x02,0x00,0x01,0xB6,0x06,0x00,0x01,0x6D,
  0x01,0xB6,0x03,0x00,0x01,0xFF,0x01,0x49,0x04,0x00,0x01,0xB6,0x0F,0x00,0x01,0x49,
  0x01,0xDB,0x0A,0x00,0x07,0xFF,0xBF,0x00,0x01,0x24,0x01,0xDB,0x05,0x00,0x01,0xFF,
  0x01,0x49,0x01,0xDB,0x01,0x6D,0x03,0x00,0x01,0xDB,0x01,0x24,0x04,0x00,0x01,0x49,
  0x01,0xB6,0x06,0x00,0x01,0x49,0x01,0xFF,0x01,0x24,0x05,0x00,0x01,0x92,0x01,0x49,
  0x01,0xFF,0x01,0x00,0x02,0x6D,0x08,0x00,0x01,0xFF,0x01,0x24,0x04,0x00,0x01,0xFF,
  0x01,0x49,0x01,0xDB,0x01,0x6D,0x03,0x00,0x02,0x49,0x08,0x00,0x01,0xFF,0x01,0x49,
  0x01,0xDB,0x01,0x6D,0x06,0x00,0x01,0x6D,0x01,0xB6,0x03,0x00,0x01,0xDB,0x01,0x49,
  0x03,0x00,0x01,0x6D,0x01,0x49,0x0F,0x00,0x01,0x49,0x01,0xDB,0x0A,0x00,0x07,0xFF,
  0xBD,0x00,0x01,0x6D,0x01,0xDB,0x01,0xFF,0x01,0x24,0x04,0x00,0x01,0x24,0x02,0xFF,
  0x01,0x49,0x04,0x00,0x01,0xFF,0x01,0x00,0x01,0x24,0x03,0x6D,0x01,0x92,0x01,0x6D,
  0x06,0x00,0x01,0xFF,0x01,0x92,0x05,0x00,0x01,0x49,0x01,0x92,0x01,0x00,0x01,0xFF,
  0x01,0x24,0x01,0x92,0x01,0x24,0x08,0x00,0x01,0xFF,0x01,0x24,0x03,0x00,0x01,0x24,
  0x02,0xFF,0x01,0x49,0x0D,0x00,0x01,0x24,0x02,0xFF,0x01,0x49,0x03,0x00,0x01,0x49,
  0x03,0x6D,0x01,0xB6,0x01,0xFF,0x01,0x49,0x02,0x00,0x01,0xDB,0x01,0x49,0x01,0x00,
  0x01,0x92,0x01,0xFF,0x01,0x92,0x08,0x00,0x02,0x49,0x06,0x00,0x01,0x49,0x01,0xDB,
  0x0B,0x00,0x05,0xFF,0xBD,0x00,0x01,0x49,0x01,0xDB,0x01,0x6D,0x05,0x00,0x01,0xB6,
  0x01,0xFF,0x01,0xB6,0x05,0x00,0x02,0x6D,0x01,0x00,0x05,0xFF,0x06,0x00,0x01,0x6D,
  0x04,0xFF,0x01,0xDB,0x01,0x24,0x01,0x00,0x01,0xB6,0x02,0x00,0x01,0x6D,0x01,0xFF,
  0x01,0x6D,0x09,0x00,0x01,0x92,0x03,0x00,0x01,0xB6,0x01,0xFF,0x01,0xB6,0x0E,0x00,
  0x01,0xB6,0x01,0xFF,0x01,0xB6,0x04,0x00,0x01,0x24,0x06,0xFF,0x01,0x6D,0x02,0x00,
  0x01,0xDB,0x02,0x49,0x01,0xB6,0x01,0x49,0x09,0x00,0x02,0xDB,0x06,0x00,0x02,0x49,
  0x0C,0x00,0x03,0xFF,0xC5,0x00,0x01,0x49,0x01,0xB6,0x01,0x24,0x06,0x00,0x01,0x49,
  0x27,0x00,0x01,0x49,0x01,0xB6,0x01,0x24,0x0E,0x00,0x01,0x49,0x01,0xB6,0x01,0x24,
  0x0F,0x00,0x01,0xDB,0x01,0x49,0x0D,0x00,0x01,0x24,0xFF,0x00,0x31,0x00,0x01,0xDB,
  0x01,0x49,0xFF,0x00,0x3F,0x00,0x01,0xB6,0xFF,0x00,0xFF,0x00,0xFF,0x00,0xFF,0x00,
  0xFF,0x00,0xFF,0x00,0xFF,0x00,0xFF,0x00,0xFF,0x00,0xFF,0x00,0xFF,0x00,0x16,0x00,
  0x01,0x24,0x01,0xDB,0x46,0x00,0x01,0x6D,0xE0,0x00,0x01,0x24,0x16,0x00,0x01,0x49,
  0x01,0xFF,0x45,0x00,0x01,0x24,0x04,0xFF,0x01,0x92,0xBE,0x00,0x01,0x6D,0x09,0x00,
  0x01,0x49,0x01,0x24,0x04,0x00,0x01,0xB6,0x04,0x00,0x01,0xB6,0x02,0x00,0x01,0x49,
  0x01,0x24,0x04,0x00,0x02,0xFF,0x01,0x6D,0x03,0x00,0x01,0xB6,0x01,0x92,0x05,0x00,
  0x01,0x49,0x01,0xDB,0x01,0x6D,0x07,0x00,0x01,0x24,0x01,0xFF,0x07,0x00,0x01,0x6D,
  0x03,0x00,0x01,0x92,0x03,0x00,0x01,0xB6,0x01,0x92,0x04,0x00,0x01,0xDB,0x01,0xB6,
  0x07,0x00,0x01,0x49,0x01,0x24,0x06,0x00,0x01,0xDB,0x01,0x24,0x02,0x00,0x01,0xDB,
  0x02,0x00,0x01,0x6D,0x01,0x49,0x03,0x00,0x01,0x49,0x12,0x00,0x01,0x49,0x01,0xDB,
  0xC1,0x00,0x01,0xB6,0x06,0xFF,0x01,0x6D,0x03,0x00,0x02,0xFF,0x01,0x6D,0x02,0x00,
  0x01,0x49,0x01,0xFF,0x01,0x6D,0x02,0x00,0x01,0x49,0x01,0xFF,0x01,0x24,0x01,0x00,
  0x02,0xFF,0x01,0x6D,0x03,0x00,0x01,0x24,0x02,0xFF,0x01,0xDB,0x02,0x00,0x01,0xDB,
  0x01,0xFF,0x01,0xDB,0x03,0x00,0x01,0x24,0x02,0xB6,0x02,0xFF,0x01,0x49,0x06,0x00,
  0x06,0xFF,0x01,0x00,0x01,0x24,0x06,0xFF,0x01,0x24,0x01,0x00,0x01,0xDB,0x01,0xFF,
  0x01,0xDB,0x03,0x00,0x01,0xB6,0x01,0xFF,0x01,0xDB,0x05,0x00,0x01,0x24,0x04,0xFF,
  0x01,0xDB,0x01,0x24,0x02,0x00,0x01,0xFF,0x01,0x92,0x01,0x00,0x01,0x49,0x01,0xFF,
  0x01,0x24,0x01,0x00,0x01,0xFF,0x01,0x92,0x02,0x00,0x01,0x49,0x05,0xFF,0x01,0x92,
  0x0D,0x00,0x01,0x49,0x01,0xDB,0xC1,0x00,0x06,0x6D,0x01,0xB6,0x01,0xFF,0x03,0x00,
  0x01,0x6D,0x02,0xFF,0x01,0xB6,0x02,0x00,0x01,0xDB,0x01,0xFF,0x01,0x24,0x01,0x00,
  0x01,0x49,0x01,0xFF,0x01,0x24,0x01,0x00,0x01,0x6D,0x02,0xFF,0x01,0xB6,0x03,0x00,
  0x01,0xDB,0x01,0x92,0x01,0xFF,0x03,0x00,0x01,0x92,0x01,0xFF,0x01,0x92,0x02,0x00,
  0x01,0xB6,0x01,0x24,0x01,0x00,0x01,0x24,0x01,0xDB,0x01,0xFF,0x06,0x00,0x01,0x49,
  0x04,0x6D,0x01,0xFF,0x01,0x49,0x01,0x24,0x03,0x6D,0x01,0x92,0x01,0xFF,0x01,0x6D,
  0x03,0x00,0x01,0x92,0x01,0xFF,0x01,0x92,0x03,0x00,0x01,0x49,0x01,0xFF,0x01,0x49,
  0x04,0x00,0x01,0x24,0x04,0x6D,0x01,0xFF,0x01,0x92,0x02,0x00,0x01,0x92,0x01,0xDB,
  0x02,0x00,0x01,0xFF,0x01,0x24,0x01,0x00,0x02,0xB6,0x02,0x00,0x01,0xB6,0x01,0xFF,
  0x03,0x6D,0x01,0xB6,0x01,0xFF,0x01,0xB6,0x0C,0x00,0x01,0x49,0x01,0xFF,0x0F,0x00,
  0x03,0xFF,0xB0,0x00,0x01,0x49,0x05,0x00,0x01,0xFF,0x01,0x24,0x04,0x00,0x01,0xDB,
  0x01,0xFF,0x03,0x00,0x01,0xDB,0x01,0xFF,0x01,0x24,0x01,0x6D,0x01,0xB6,0x04,0x00,
  0x01,0xDB,0x01,0xFF,0x02,0x00,0x01,0x24,0x01,0xB6,0x06,0x00,0x02,0xB6,0x02,0x00,
  0x01,0xFF,0x01,0x49,0x03,0x00,0x01,0xFF,0x01,0x24,0x0A,0x00,0x01,0xDB,0x01,0x49,
  0x05,0x00,0x01,0xFF,0x05,0x00,0x02,0xB6,0x04,0x00,0x01,0xB6,0x01,0x92,0x09,0x00,
  0x01,0x6D,0x01,0x92,0x02,0x00,0x01,0x24,0x01,0xFF,0x02,0x00,0x01,0xFF,0x02,0x00,
  0x01,0x92,0x01,0xB6,0x02,0x00,0x01,0x6D,0x01,0xFF,0x04,0x00,0x01,0x49,0x01,0xFF,
  0x01,0x24,0x0B,0x00,0x01,0x24,0x03,0xFF,0x01,0x92,0x0B,0x00,0x05,0xFF,0xAF,0x00,
  0x01,0xFF,0x05,0x00,0x01,0xFF,0x01,0x24,0x04,0x00,0x01,0x92,0x01,0xB6,0x04,0x00,
  0x01,0xB6,0x01,0xFF,0x01,0xDB,0x01,0x24,0x04,0x00,0x01,0x92,0x01,0xB6,0x02,0x00,
  0x01,0x24,0x01,0xFF,0x06,0x00,0x01,0x92,0x01,0xB6,0x02,0x00,0x01,0xB6,0x01,0xFF,
  0x01,0x49,0x02,0x00,0x01,0xDB,0x01,0x49,0x0A,0x00,0x01,0xDB,0x06,0x00,0x01,0xFF,
  0x05,0x00,0x01,0x92,0x01,0xB6,0x04,0x00,0x01,0x92,0x01,0xB6,0x09,0x00,0x01,0x6D,
  0x01,0xB6,0x03,0x00,0x01,0xFF,0x01,0x49,0x01,0xB6,0x01,0x49,0x02,0x00,0x01,0x92,
  0x01,0x6D,0x02,0x00,0x01,0x49,0x01,0xFF,0x05,0x00,0x01,0xDB,0x01,0x6D,0x0E,0x00,
  0x01,0x24,0x02,0xDB,0x09,0x00,0x07,0xFF,0xAE,0x00,0x01,0xFF,0x05,0x00,0x01,0xDB,
  0x01,0x49,0x04,0x00,0x01,0xDB,0x01,0x24,0x05,0x00,0x01,0xB6,0x01,0xFF,0x01,0x49,
  0x04,0x00,0x01,0xDB,0x01,0x24,0x03,0x00,0x01,0xDB,0x01,0x92,0x05,0x00,0x01,0x6D,
  0x01,0xB6,0x03,0x00,0x01,0x92,0x03,0x00,0x01,0xB6,0x01,0x49,0x09,0x00,0x01,0x24,
  0x01,0x92,0x06,0x00,0x01,0xFF,0x05,0x00,0x01,0x6D,0x01,0xB6,0x04,0x00,0x01,0x6D,
  0x01,0xDB,0x09,0x00,0x01,0x6D,0x01,0xB6,0x03,0x00,0x01,0xB6,0x01,0xFF,0x01,0x49,
  0x03,0x00,0x01,0xDB,0x03,0x00,0x01,0x24,0x01,0xFF,0x05,0x00,0x01,0xB6,0x01,0x92,
  0x0F,0x00,0x01,0x49,0x01,0xFF,0x09,0x00,0x07,0xFF,0xAE,0x00,0x01,0xFF,0x05,0x00,
  0x01,0xDB,0x01,0x49,0x03,0x00,0x02,0x49,0x07,0x00,0x01,0x92,0x01,0xFF,0x01,0x49,
  0x02,0x00,0x02,0x49,0x04,0x00,0x01,0x49,0x01,0xFF,0x05,0x00,0x01,0x6D,0x01,0xB6,
  0x07,0x00,0x01,0xB6,0x01,0x49,0x08,0x00,0x01,0x24,0x01,0xDB,0x07,0x00,0x01,0xFF,
  0x01,0x24,0x04,0x00,0x01,0x6D,0x01,0xB6,0x03,0x00,0x01,0x49,0x01,0xDB,0x01,0xFF,
  0x09,0x00,0x01,0x6D,0x01,0xB6,0x03,0x00,0x01,0x92,0x01,0xB6,0x03,0x00,0x01,0xB6,
  0x01,0x6D,0x03,0x00,0x01,0x24,0x01,0xFF,0x05,0x00,0x02,0x92,0x0F,0x00,0x01,0x49,
  0x01,0xDB,0x09,0x00,0x07,0xFF,0xAE,0x00,0x01,0xFF,0x05,0x00,0x01,0xDB,0x01,0x49,
  0x08,0x00,0x01,0x49,0x04,0x6D,0x01,0xFF,0x01,0x49,0x09,0x00,0x01,0xDB,0x01,0x6D,
  0x04,0x00,0x01,0x6D,0x01,0xB6,0x02,0x00,0x01,0x49,0x04,0x6D,0x01,0xDB,0x07,0x00,
  0x01,0x6D,0x01,0xDB,0x01,0xFF,0x01,0x24,0x07,0x00,0x01,0xFF,0x01,0x24,0x04,0x00,
  0x01,0x6D,0x01,0xB6,0x02,0x00,0x01,0x92,0x01,0xFF,0x01,0x24,0x01,0xFF,0x05,0x00,
  0x01,0x49,0x03,0x6D,0x01,0xB6,0x01,0xFF,0x01,0x49,0x02,0x00,0x01,0x49,0x01,0xFF,
  0x01,0x6D,0x01,0x92,0x01,0xFF,0x01,0x92,0x05,0x00,0x01,0xFF,0x05,0x00,0x01,0x6D,
  0x01,0x92,0x06,0x00,0x02,0x49,0x04,0x00,0x01,0x24,0x02,0x00,0x01,0xB6,0x01,0x24,
  0x0A,0x00,0x05,0xFF,0xAF,0x00,0x01,0x92,0x05,0x00,0x01,0x92,0x08,0x00,0x01,0x24,
  0x05,0xFF,0x01,0xB6,0x0A,0x00,0x02,0x49,0x04,0x00,0x02,0x6D,0x01,0x00,0x01,0x24,
  0x05,0xFF,0x01,0x92,0x06,0x00,0x01,0x49,0x01,0xDB,0x01,0x6D,0x09,0x00,0x01,0x92,
  0x05,0x00,0x02,0x6D,0x01,0x00,0x01,0x24,0x01,0xB6,0x01,0x24,0x01,0x00,0x01,0xB6,
  0x04,0x00,0x01,0x24,0x06,0xFF,0x01,0x6D,0x03,0x00,0x01,0xB6,0x01,0xFF,0x01,0xDB,
  0x01,0x49,0x06,0x00,0x01,0xDB,0x05,0x00,0x01,0x49,0x01,0x92,0x06,0x00,0x02,0xDB,
  0x03,0x00,0x01,0x92,0x02,0xFF,0x01,0xB6,0x01,0x24,0x0C,0x00,0x03,0xFF,0xFF,0x00,
  0x1A,0x00,0x01,0x24,0x05,0x00,0x01,0x24,0x08,0x00,0x01,0x24,0xFF,0x00,0xFF,0x00,
  0xFF,0x00,0xFF,0x00,0xFF,0x00,0xFF,0x00,0xFF,0x00,0xFF,0x00,0xFF,0x00,0xFF,0x00,
  0xFF,0x00,0xFF,0x00,0xFF,0x00,0x77,0x00,0x01,0x24,0x01,0xD5,0xFF,0x00,0x3F,0x00,
  0x01,0x48,0x01,0xFA,0x63,0x00,0x01,0x91,0x01,0x24,0x9E,0x00,0x01,0xD5,0x01,0x48,
  0x03,0x00,0x01,0xD5,0x02,0x00,0x01,0xB1,0x01,0x91,0x04,0x00,0x01,0xB1,0x04,0x00,
  0x01,0xB1,0x02,0x00,0x01,0x44,0x01,0x24,0x04,0x00,0x01,0x48,0x01,0x24,0x09,0x00,
  0x01,0x44,0x01,0x24,0x04,0x00,0x01,0xB1,0x01,0x91,0x05,0x00,0x01,0x44,0x01,0xD5,
  0x01,0x6D,0x04,0x00,0x01,0x24,0x01,0xFA,0x0A,0x00,0x01,0xB1,0x01,0x8D,0x05,0x00,
  0x01,0x24,0x09,0x00,0x01,0xB1,0x01,0x91,0x04,0x00,0x01,0x44,0x01,0x24,0x04,0x00,
  0x01,0x48,0x01,0x24,0x09,0x00,0x01,0x44,0x01,0x8D,0x09,0x00,0x01,0xB1,0x01,0x91,
  0x04,0x00,0x01,0xD5,0x01,0x24,0x02,0x00,0x01,0xD5,0x02,0x00,0x01,0x68,0x01,0x48,
  0x02,0x00,0x01,0x48,0x01,0x24,0x12,0x00,0x01,0xB5,0x01,0x24,0x9F,0x00,0x01,0xF9,
  0x01,0xB5,0x03,0x00,0x01,0xFA,0x01,0x48,0x01,0x00,0x01,0xD5,0x01,0xFA,0x01,0xD5,
  0x02,0x00,0x01,0x48,0x01,0xFA,0x01,0x6D,0x02,0x00,0x01,0x48,0x01,0xFA,0x01,0x24,
  0x01,0x00,0x02,0xFA,0x01,0x6D,0x02,0x00,0x01,0x20,0x04,0xFA,0x01,0xD5,0x01,0x20,
  0x05,0x00,0x02,0xFA,0x01,0x6D,0x03,0x00,0x01,0xD5,0x01,0xFA,0x01,0xF9,0x01,0x24,
  0x02,0x00,0x01,0x20,0x01,0xB1,0x01,0xB5,0x02,0xFA,0x01,0x44,0x03,0x00,0x05,0xFA,
  0x01,0xF9,0x04,0x00,0x01,0x20,0x01,0xF9,0x01,0xFA,0x01,0xD5,0x03,0x00,0x02,0xD5,
  0x02,0x00,0x01,0x91,0x01,0xFA,0x01,0xD5,0x01,0x24,0x03,0x00,0x01,0xD5,0x01,0xFA,
  0x01,0xD5,0x03,0x00,0x02,0xFA,0x01,0x6D,0x02,0x00,0x01,0x20,0x04,0xFA,0x01,0xD5,
  0x01,0x20,0x05,0x00,0x07,0xFA,0x01,0xD5,0x03,0x00,0x01,0xD5,0x01,0xFA,0x01,0xD5,
  0x03,0x00,0x01,0xFA,0x01,0x8D,0x01,0x00,0x01,0x48,0x01,0xFA,0x01,0x24,0x01,0x00,
  0x01,0xFA,0x01,0x91,0x02,0x00,0x04,0xFA,0x01,0xB1,0x0E,0x00,0x01,0x91,0x01,0x44,
  0xA0,0x00,0x01,0x68,0x01,0xFA,0x03,0x00,0x01,0xF9,0x01,0x68,0x02,0x00,0x01,0x8D,
  0x01,0xFA,0x01,0x8D,0x02,0x00,0x01,0xD5,0x01,0xFA,0x01,0x24,0x01,0x00,0x01,0x44,
  0x01,0xFA,0x01,0x24,0x01,0x00,0x01,0x68,0x02,0xFA,0x01,0xB1,0x01,0x00,0x01,0x20,
  0x03,0x68,0x01,0x6C,0x01,0xF9,0x01,0x8D,0x05,0x00,0x01,0x68,0x02,0xFA,0x01,0xB1,
  0x03,0x00,0x01,0x6D,0x01,0xFA,0x01,0xB1,0x02,0x00,0x01,0xB5,0x01,0x24,0x01,0x00,
  0x01,0x24,0x01,0xD5,0x01,0xF9,0x03,0x00,0x01,0x48,0x03,0x68,0x01,0x6D,0x01,0xFA,
  0x01,0x48,0x05,0x00,0x01,0x8D,0x01,0xFA,0x01,0x8D,0x02,0x00,0x01,0x91,0x01,0xFA,
  0x01,0x44,0x02,0x91,0x01,0x6D,0x01,0xD5,0x01,0xFA,0x04,0x00,0x01,0x8D,0x01,0xFA,
  0x01,0x8D,0x02,0x00,0x01,0x68,0x02,0xFA,0x01,0xB1,0x01,0x00,0x01,0x20,0x03,0x68,
  0x01,0x6C,0x01,0xF9,0x01,0x8D,0x05,0x00,0x01,0xD5,0x01,0xB5,0x04,0x68,0x01,0x8D,
  0x01,0xFA,0x01,0x6D,0x03,0x00,0x01,0x8D,0x01,0xFA,0x01,0x8D,0x02,0x00,0x01,0x8D,
  0x01,0xD5,0x02,0x00,0x01,0xFA,0x01,0x20,0x01,0x00,0x01,0xB5,0x01,0xB1,0x01,0x00,
  0x01,0x24,0x03,0x68,0x01,0x8D,0x01,0xFA,0x01,0xB1,0x0C,0x00,0x01,0x48,0x01,0xD9,
  0x02,0xD5,0x01,0x48,0x9F,0x00,0x01,0xFA,0x01,0x48,0x02,0x00,0x01,0xB1,0x01,0x68,
  0x03,0x00,0x02,0xB1,0x03,0x00,0x01,0xD5,0x01,0xFA,0x01,0x24,0x01,0x68,0x01,0xB5,
  0x04,0x00,0x01,0xD5,0x01,0xFA,0x06,0x00,0x01,0x6D,0x01,0x91,0x07,0x00,0x01,0xD5,
  0x01,0xFA,0x04,0x00,0x01,0x8D,0x01,0xD5,0x02,0x00,0x01,0xFA,0x01,0x44,0x03,0x00,
  0x01,0xFA,0x01,0x24,0x07,0x00,0x01,0xD5,0x01,0x48,0x06,0x00,0x02,0xB1,0x03,0x00,
  0x01,0xFA,0x01,0xB1,0x01,0x68,0x03,0x00,0x01,0xFA,0x01,0x48,0x04,0x00,0x02,0xB1,
  0x04,0x00,0x01,0xD5,0x01,0xFA,0x06,0x00,0x01,0x6D,0x01,0x91,0x05,0x00,0x01,0xB1,
  0x01,0x6D,0x05,0x00,0x02,0x91,0x04,0x00,0x02,0xB1,0x02,0x00,0x01,0x24,0x01,0xFA,
  0x02,0x00,0x01,0xF9,0x02,0x00,0x01,0x91,0x01,0xB1,0x06,0x00,0x01,0x48,0x01,0xFA,
  0x0C,0x00,0x01,0xD5,0x01,0x24,0x01,0x00,0x01,0x8D,0x01,0xFA,0x01,0x24,0x9E,0x00,
  0x01,0x91,0x01,0xB1,0x02,0x00,0x01,0xB1,0x01,0x48,0x03,0x00,0x01,0x6D,0x01,0xB1,
  0x04,0x00,0x01,0xB5,0x01,0xFA,0x01,0xD5,0x01,0x20,0x04,0x00,0x01,0x8D,0x01,0xB5,
  0x06,0x00,0x01,0x6C,0x01,0xB1,0x07,0x00,0x01,0x8D,0x01,0xB5,0x04,0x00,0x01,0x44,
  0x01,0xF9,0x02,0x00,0x01,0xB5,0x01,0xFA,0x01,0x48,0x02,0x00,0x01,0xD5,0x01,0x44,
  0x07,0x00,0x01,0xD5,0x07,0x00,0x01,0x6D,0x01,0xD5,0x03,0x00,0x01,0xB5,0x01,0xD5,
  0x04,0x00,0x01,0xB1,0x01,0x8D,0x04,0x00,0x01,0x6D,0x01,0xB1,0x04,0x00,0x01,0x8D,
  0x01,0xB5,0x06,0x00,0x01,0x6C,0x01,0xB1,0x05,0x00,0x01,0x91,0x01,0x8D,0x05,0x00,
  0x01,0x6D,0x01,0xB1,0x04,0x00,0x01,0x6D,0x01,0xB1,0x03,0x00,0x01,0xFA,0x01,0x48,
  0x01,0xB1,0x01,0x48,0x02,0x00,0x01,0x8D,0x01,0x68,0x07,0x00,0x01,0xFA,0x01,0x24,
  0x0A,0x00,0x01,0x8D,0x01,0x68,0x03,0x00,0x01,0xD5,0x01,0x8D,0x9E,0x00,0x01,0x44,
  0x01,0xF9,0x02,0x00,0x01,0xB1,0x04,0x00,0x01,0x6D,0x01,0xB1,0x05,0x00,0x01,0xB1,
  0x01,0xFA,0x01,0x48,0x04,0x00,0x01,0xD9,0x01,0x24,0x06,0x00,0x01,0x68,0x01,0xB1,
  0x07,0x00,0x01,0xD9,0x01,0x24,0x04,0x00,0x01,0x24,0x01,0xFA,0x03,0x00,0x01,0x8D,
  0x03,0x00,0x01,0xB5,0x01,0x48,0x06,0x00,0x01,0x24,0x01,0x91,0x07,0x00,0x01,0x68,
  0x01,0xD5,0x03,0x00,0x01,0xB1,0x01,0x6D,0x04,0x00,0x01,0x6C,0x01,0xB1,0x04,0x00,
  0x01,0x6D,0x01,0xB1,0x04,0x00,0x01,0xD9,0x01,0x24,0x06,0x00,0x01,0x68,0x01,0xB1,
  0x05,0x00,0x02,0x8D,0x05,0x00,0x01,0x68,0x01,0xB1,0x04,0x00,0x01,0x6D,0x01,0xB1,
  0x03,0x00,0x01,0xB5,0x01,0xFA,0x01,0x48,0x03,0x00,0x01,0xD5,0x08,0x00,0x01,0xF9,
  0x01,0x44,0x0A,0x00,0x01,0xF9,0x01,0x48,0x03,0x00,0x01,0xB1,0x01,0x8D,0x9F,0x00,
  0x01,0xFA,0x01,0x48,0x01,0xD5,0x01,0x68,0x04,0x00,0x01,0x68,0x01,0xB1,0x06,0x00,
  0x01,0x91,0x01,0xFA,0x01,0x44,0x02,0x00,0x02,0x48,0x07,0x00,0x01,0x68,0x01,0xB1,
  0x06,0x00,0x02,0x48,0x05,0x00,0x01,0x24,0x01,0xF9,0x07,0x00,0x01,0xB1,0x01,0x48,
  0x05,0x00,0x01,0x24,0x01,0xD5,0x08,0x00,0x01,0x48,0x01,0xD5,0x03,0x00,0x01,0xD5,
  0x01,0x24,0x04,0x00,0x01,0x48,0x01,0xB1,0x04,0x00,0x01,0x68,0x01,0xB1,0x03,0x00,
  0x02,0x48,0x07,0x00,0x01,0x68,0x01,0xB1,0x05,0x00,0x02,0x8D,0x05,0x00,0x01,0x68,
  0x01,0xB1,0x04,0x00,0x01,0x68,0x01,0xB1,0x03,0x00,0x01,0x8D,0x01,0xB1,0x03,0x00,
  0x01,0xB1,0x01,0x6D,0x08,0x00,0x01,0xD5,0x01,0x48,0x0A,0x00,0x01,0xFA,0x01,0x8D,
  0x03,0x00,0x01,0xD5,0x01,0x44,0x9E,0x00,0x01,0x24,0x01,0xF9,0x01,0xFA,0x01,0x48,
  0x05,0x00,0x01,0x68,0x01,0xB1,0x02,0x00,0x01,0x48,0x04,0x68,0x01,0xFA,0x01,0x44,
  0x07,0x00,0x01,0x48,0x03,0x68,0x01,0xB1,0x01,0xF9,0x01,0x48,0x0A,0x00,0x01,0x48,
  0x01,0x68,0x01,0x8D,0x01,0x91,0x02,0x00,0x01,0x44,0x04,0x68,0x01,0xD5,0x04,0x00,
  0x01,0x68,0x01,0xB5,0x01,0xFA,0x01,0x24,0x08,0x00,0x01,0x48,0x01,0xD5,0x03,0x00,
  0x01,0xF9,0x01,0x00,0x01,0x24,0x03,0x68,0x01,0x91,0x01,0x6D,0x04,0x00,0x01,0x68,
  0x01,0xB1,0x08,0x00,0x01,0x48,0x03,0x68,0x01,0xB1,0x01,0xF9,0x01,0x48,0x04,0x00,
  0x01,0x6D,0x01,0xD5,0x05,0x68,0x01,0xB1,0x01,0x68,0x04,0x00,0x01,0x68,0x01,0xB1,
  0x03,0x00,0x01,0x44,0x01,0xFA,0x01,0x6D,0x01,0x8D,0x01,0xF9,0x01,0x91,0x09,0x00,
  0x01,0xD5,0x01,0x48,0x05,0x00,0x01,0x48,0x01,0x44,0x03,0x00,0x01,0x8D,0x01,0xFA,
  0x01,0x44,0x01,0x00,0x01,0x48,0x01,0x91,0x9E,0x00,0x01,0xB1,0x01,0xFA,0x01,0x91,
  0x07,0x00,0x01,0x68,0x01,0x6D,0x01,0x00,0x01,0x24,0x05,0xFA,0x01,0xB5,0x07,0x00,
  0x01,0x24,0x06,0xFA,0x01,0x68,0x09,0x00,0x01,0x44,0x03,0xFA,0x01,0x20,0x01,0x00,
  0x01,0x20,0x05,0xFA,0x01,0x91,0x03,0x00,0x01,0x48,0x01,0xD5,0x01,0x6D,0x0A,0x00,
  0x01,0x48,0x01,0xD5,0x02,0x00,0x01,0x68,0x01,0x6D,0x01,0x00,0x01,0xF9,0x03,0xFA,
  0x01,0xF9,0x05,0x00,0x01,0x68,0x01,0x6D,0x07,0x00,0x01,0x24,0x06,0xFA,0x01,0x68,
  0x04,0x00,0x01,0x20,0x01,0xF9,0x05,0xFA,0x01,0xD5,0x05,0x00,0x01,0x68,0x01,0x6D,
  0x04,0x00,0x01,0xB5,0x01,0xFA,0x01,0xD5,0x01,0x48,0x0A,0x00,0x01,0x8D,0x06,0x00,
  0x02,0xD5,0x04,0x00,0x01,0x8D,0x01,0xFA,0x01,0xD5,0x01,0x6D,0x9E,0x00,0x01,0x48,
  0x01,0xB1,0x01,0x24,0x47,0x00,0x01,0x44,0x01,0xD5,0x02,0x00,0x01,0x48,0x4A,0x00,
  0x01,0x20,0xF0,0x00,0x01,0x44,0x01,0xD5,0xFF,0x00,0x3F,0x00,0x01,0x24,0x01,0x91,
  0xFF,0x00,0xFF,0x00,0xFF,0x00,0xFF,0x00,0xFF,0x00,0xFF,0x00,0xFF,0x00,0xFF,0x00,
  0xFF,0x00,0xFF,0x00,0xFF,0x00,0xFF,0x00,0xFF,0x00,0xFF,0x00,0xFF,0x00,0xFF,0x00,
  0xFF,0x00,0xFF,0x00,0xFF,0x00,0xFF,0x00,0x50,0x00,0x01,0x24,0x04,0x92,0x01,0x6D,
  0x03,0x00,0x01,0x49,0x01,0x24,0x02,0x00,0x01,0x49,0x01,0x6D,0x04,0x00,0x01,0x49,
  0x01,0x6D,0x1B,0x00,0x01,0x04,0x01,0x55,0x01,0x24,0x02,0x00,0x01,0x04,0x01,0x55,
  0x01,0x24,0x02,0x00,0x01,0x04,0x01,0x55,0x01,0x28,0x03,0x00,0x01,0x28,0x05,0x00,
  0x01,0x51,0x01,0x04,0xF9,0x00,0x03,0x24,0x01,0x92,0x01,0x25,0x03,0x00,0x01,0x6D,
  0x02,0x00,0x01,0x49,0x01,0x92,0x01,0x6D,0x03,0x00,0x01,0x49,0x01,0x92,0x01,0x6D,
  0x1B,0x00,0x01,0x24,0x01,0x59,0x01,0x7D,0x01,0x28,0x01,0x00,0x01,0x24,0x01,0x55,
  0x01,0x7D,0x01,0x28,0x01,0x00,0x01,0x04,0x01,0x55,0x01,0x7D,0x01,0x28,0x01,0x00,
  0x01,0x28,0x03,0x7D,0x01,0x55,0x01,0x04,0x01,0x24,0x05,0x7D,0x01,0x55,0xF7,0x00,
  0x01,0x24,0x01,0x6D,0x03,0x00,0x01,0x24,0x01,0x49,0x03,0x00,0x01,0x49,0x01,0x6D,
  0x04,0x00,0x01,0x49,0x01,0x6D,0x1D,0x00,0x01,0x55,0x01,0x51,0x03,0x00,0x02,0x51,
  0x03,0x00,0x01,0x51,0x01,0x55,0x02,0x00,0x02,0x04,0x01,0x24,0x01,0x59,0x01,0x31,
  0x01,0x00,0x01,0x24,0x01,0x59,0x02,0x00,0x01,0x04,0x01,0x59,0x01,0x04,0xF6,0x00,
  0x01,0x6D,0x01,0x24,0x03,0x00,0x01,0x49,0x04,0x00,0x01,0x24,0x01,0x6E,0x04,0x00,
  0x01,0x24,0x01,0x6E,0x1D,0x00,0x01,0x28,0x01,0x55,0x03,0x00,0x01,0x28,0x01,0x51,
  0x03,0x00,0x01,0x24,0x01,0x55,0x05,0x00,0x01,0x28,0x01,0x55,0x02,0x00,0x01,0x59,
  0x01,0x04,0x02,0x00,0x01,0x55,0x01,0x24,0xF5,0x00,0x02,0x49,0x03,0x00,0x01,0x24,
  0x01,0x49,0x04,0x00,0x01,0x24,0x01,0x92,0x04,0x00,0x01,0x24,0x01,0x92,0x1D,0x00,
  0x01,0x28,0x01,0x55,0x03,0x00,0x01,0x28,0x01,0x51,0x03,0x00,0x01,0x04,0x01,0x55,
  0x05,0x00,0x01,0x04,0x01,0x51,0x02,0x00,0x01,0x51,0x01,0x28,0x02,0x00,0x01,0x55,
  0x01,0x24,0xF5,0x00,0x01,0x6D,0x04,0x00,0x01,0x49,0x01,0x24,0x04,0x00,0x01,0x24,
  0x01,0x92,0x04,0x00,0x01,0x24,0x01,0x92,0x1D,0x00,0x01,0x28,0x01,0x55,0x03,0x00,
  0x01,0x28,0x01,0x51,0x02,0x00,0x01,0x04,0x01,0x24,0x01,0x55,0x02,0x00,0x03,0x04,
  0x01,0x2D,0x01,0x24,0x02,0x00,0x01,0x2D,0x01,0x28,0x02,0x00,0x01,0x51,0x01,0x24,
  0xF4,0x00,0x01,0x49,0x01,0x6D,0x04,0x00,0x01,0x6D,0x05,0x00,0x01,0x24,0x01,0x92,
  0x04,0x00,0x01,0x24,0x01,0x92,0x1D,0x00,0x01,0x24,0x01,0x55,0x03,0x00,0x01,0x28,
  0x01,0x2D,0x01,0x00,0x01,0x2C,0x02,0x7D,0x01,0x28,0x01,0x00,0x01,0x28,0x03,0x7D,
  0x01,0x2D,0x01,0x00,0x01,0x28,0x01,0x7D,0x01,0x5D,0x03,0x00,0x01,0x2D,0xF5,0x00,
  0x01,0x49,0x01,0x24,0x03,0x00,0x01,0x49,0x01,0x24,0x03,0x00,0x01,0x24,0x01,0x6D,
  0x02,0x92,0x01,0x6D,0x02,0x24,0x01,0x6D,0x02,0x92,0x01,0x6D,0x01,0x24,0x1B,0x00,
  0x01,0x24,0x01,0x55,0x03,0x00,0x01,0x04,0xFF,0x00,0x0F,0x00,0x01,0x24,0x2B,0x00,
  0x01,0x04,0x01,0x55,0xFF,0x00,0x3F,0x00,0x01,0x04,0x01,0x24,0xFF,0x00,0xFF,0x00,
  0x76,0x00,
};

const uint8_t LESSON_PAGE_7[13106] PROGMEM = {
  0xFF,0x00,0xFF,0x00,0xFF,0x00,0xFF,0x00,0xFF,0x00,0xFF,0x00,0xFF,0x00,0xB8,0x00,
  0x01,0x6D,0x01,0x24,0x01,0x00,0x01,0x24,0x01,0x69,0x01,0x91,0x01,0xD5,0x04,0xFA,
  0x01,0xB5,0x01,0x6D,0x0E,0x00,0x01,0x24,0x01,0x69,0x01,0x91,0x01,0xD5,0x04,0xFA,
  0x01,0xB5,0x01,0x6D,0x07,0x00,0x01,0x20,0x01,0xB1,0xFF,0x00,0x12,0x00,0x01,0x69,
  0x01,0xB5,0x02,0x00,0x01,0x69,0x01,0xB5,0x01,0xD5,0x01,0xFA,0x01,0xB5,0x02,0x6D,
  0x01,0xB1,0x02,0xFA,0x01,0xD5,0x0D,0x00,0x01,0x69,0x01,0xB5,0x01,0xD5,0x01,0xFA,
  0x01,0xB5,0x02,0x6D,0x01,0xB1,0x02,0xFA,0x01,0xD5,0x06,0x00,0x01,0x8D,0x01,0xFA,
  0x01,0x8D,0x9D,0x00,0x02,0x24,0x70,0x00,0x01,0x24,0x01,0xFA,0x01,0x44,0x04,0x00,
  0x01,0x8D,0x01,0xFA,0x01,0x8D,0x03,0x00,0x01,0x24,0x01,0xD5,0x01,0xFA,0x01,0x8D,
  0x0E,0x00,0x01,0x8D,0x01,0xFA,0x01,0x8D,0x03,0x00,0x01,0x24,0x01,0xD5,0x01,0xFA,
  0x01,0x8D,0x05,0x00,0x01,0x8D,0x02,0xFA,0x01,0x24,0x0A,0x00,0x01,0xD5,0x01,0x91,
  0x01,0x24,0x06,0x00,0x01,0x8D,0x01,0x49,0x07,0x00,0x02,0x91,0x0B,0x00,0x01,0xD5,
  0x01,0x91,0x01,0x24,0x06,0x00,0x01,0x24,0x01,0xFA,0x01,0x24,0x17,0x00,0x01,0x8D,
  0x01,0x49,0x07,0x00,0x01,0x8D,0x01,0x49,0x07,0x00,0x02,0x91,0x0B,0x00,0x01,0xD5,
  0x01,0x91,0x01,0x24,0x06,0x00,0x01,0x24,0x01,0xFA,0x01,0x24,0x13,0x00,0x01,0x24,
  0x01,0xFA,0x01,0x24,0x0F,0x00,0x01,0xD5,0x01,0x8D,0x0E,0x00,0x01,0xD5,0x01,0x91,
  0x01,0x24,0x5F,0x00,0x01,0x91,0x01,0xB1,0x05,0x00,0x01,0x8D,0x01,0xFA,0x01,0x8D,
  0x04,0x00,0x01,0x48,0x01,0xFA,0x01,0xB5,0x0E,0x00,0x01,0x8D,0x01,0xFA,0x01,0x8D,
  0x04,0x00,0x01,0x48,0x01,0xFA,0x01,0xB5,0x06,0x00,0x01,0xD5,0x01,0xFA,0x01,0xB5,
  0x09,0x00,0x01,0x8D,0x03,0xFA,0x01,0x48,0x04,0x00,0x01,0x69,0x02,0xFA,0x01,0xB5,
  0x01,0x24,0x04,0x00,0x01,0x49,0x06,0xFA,0x01,0xB1,0x01,0x24,0x04,0x00,0x01,0x8D,
  0x03,0xFA,0x01,0x48,0x05,0x00,0x01,0xD5,0x0A,0xFA,0x01,0xF9,0x01,0x69,0x0C,0x00,
  0x01,0x69,0x02,0xFA,0x01,0xB1,0x01,0x24,0x04,0x00,0x01,0x69,0x02,0xFA,0x01,0xB5,
  0x01,0x24,0x04,0x00,0x01,0x49,0x06,0xFA,0x01,0xB1,0x01,0x24,0x04,0x00,0x01,0x8D,
  0x03,0xFA,0x01,0x48,0x05,0x00,0x01,0xD5,0x0A,0xFA,0x01,0xF9,0x01,0x69,0x09,0x00,
  0x01,0xD5,0x0A,0xFA,0x01,0xF9,0x01,0x69,0x04,0x00,0x01,0x91,0x07,0xFA,0x01,0xD5,
  0x01,0x69,0x06,0x00,0x01,0x8D,0x03,0xFA,0x01,0x48,0x5D,0x00,0x01,0x24,0x01,0xFA,
  0x01,0x44,0x05,0x00,0x01,0x8D,0x01,0xFA,0x01,0x8D,0x04,0x00,0x01,0x48,0x01,0xFA,
  0x01,0xB1,0x0E,0x00,0x01,0x8D,0x01,0xFA,0x01,0x8D,0x04,0x00,0x01,0x48,0x01,0xFA,
  0x01,0xB1,0x06,0x00,0x01,0x48,0x02,0xFA,0x01,0x44,0x08,0x00,0x01,0x6D,0x04,0xFA,
  0x01,0x91,0x03,0x00,0x01,0xB1,0x03,0xFA,0x01,0xF9,0x01,0x24,0x03,0x00,0x09,0xFA,
  0x01,0x24,0x03,0x00,0x01,0x6D,0x04,0xFA,0x01,0x91,0x03,0x00,0x01,0x91,0x0D,0xFA,
  0x0C,0x00,0x01,0xB1,0x04,0xFA,0x01,0x24,0x03,0x00,0x01,0xB1,0x03,0xFA,0x01,0xF9,
  0x01,0x24,0x03,0x00,0x09,0xFA,0x01,0x24,0x03,0x00,0x01,0x6D,0x04,0xFA,0x01,0x91,
  0x03,0x00,0x01,0x91,0x0D,0xFA,0x08,0x00,0x01,0x91,0x0D,0xFA,0x04,0x00,0x0A,0xFA,
  0x01,0xB1,0x05,0x00,0x01,0x6D,0x04,0xFA,0x01,0x91,0x5C,0x00,0x01,0xB1,0x01,0xD5,
  0x06,0x00,0x01,0x8D,0x01,0xFA,0x01,0x8D,0x04,0x00,0x01,0xB1,0x01,0xFA,0x01,0x48,
  0x0E,0x00,0x01,0x8D,0x01,0xFA,0x01,0x8D,0x04,0x00,0x01,0xB1,0x01,0xFA,0x01,0x48,
  0x07,0x00,0x01,0xD5,0x01,0xFA,0x01,0x91,0x09,0x00,0x01,0x24,0x01,0xB1,0x03,0xFA,
  0x01,0x8D,0x03,0x00,0x01,0x48,0x01,0xD5,0x02,0xFA,0x01,0xD5,0x03,0x00,0x05,0x24,
  0x01,0x44,0x01,0x6D,0x02,0xFA,0x01,0xD5,0x04,0x00,0x01,0x24,0x01,0xB1,0x03,0xFA,
  0x01,0x8D,0x02,0x00,0x01,0x24,0x01,0xD5,0x01,0xFA,0x01,0xB1,0x07,0x24,0x01,0x6D,
  0x02,0xFA,0x0D,0x00,0x01,0x49,0x01,0xF9,0x02,0xFA,0x01,0xD5,0x04,0x00,0x01,0x48,
  0x01,0xD5,0x02,0xFA,0x01,0xD5,0x03,0x00,0x05,0x24,0x01,0x44,0x01,0x6D,0x02,0xFA,
  0x01,0xD5,0x04,0x00,0x01,0x24,0x01,0xB1,0x03,0xFA,0x01,0x8D,0x02,0x00,0x01,0x24,
  0x01,0xD5,0x01,0xFA,0x01,0xB1,0x07,0x24,0x01,0x6D,0x02,0xFA,0x08,0x00,0x01,0x24,
  0x01,0xD5,0x01,0xFA,0x01,0xB1,0x07,0x24,0x01,0x6D,0x02,0xFA,0x04,0x00,0x01,0xD5,
  0x01,0xFA,0x01,0x91,0x04,0x24,0x01,0x48,0x01,0xB5,0x02,0xFA,0x01,0x6D,0x05,0x00,
  0x01,0x24,0x01,0xB1,0x03,0xFA,0x01,0x8D,0x5A,0x00,0x01,0x24,0x01,0xFA,0x01,0x8D,
  0x06,0x00,0x01,0x8D,0x01,0xFA,0x01,0x91,0x02,0x24,0x01,0x69,0x01,0xD5,0x01,0xFA,
  0x01,0x91,0x0F,0x00,0x01,0x8D,0x01,0xFA,0x01,0x91,0x02,0x24,0x01,0x69,0x01,0xD5,
  0x01,0xFA,0x01,0x91,0x08,0x00,0x01,0x6D,0x01,0xFA,0x01,0xD5,0x0B,0x00,0x01,0x6D,
  0x02,0xFA,0x01,0xD5,0x05,0x00,0x01,0xB1,0x02,0xFA,0x01,0x24,0x09,0x00,0x01,0x44,
  0x02,0xFA,0x01,0x48,0x05,0x00,0x01,0x6D,0x02,0xFA,0x01,0xD5,0x03,0x00,0x01,0x48,
  0x01,0xFA,0x01,0xB5,0x08,0x00,0x01,0xF9,0x01,0xFA,0x0E,0x00,0x01,0x24,0x01,0xB1,
  0x02,0xFA,0x01,0x24,0x05,0x00,0x01,0xB1,0x02,0xFA,0x01,0x24,0x09,0x00,0x01,0x44,
  0x02,0xFA,0x01,0x48,0x05,0x00,0x01,0x6D,0x02,0xFA,0x01,0xD5,0x03,0x00,0x01,0x48,
  0x01,0xFA,0x01,0xB5,0x08,0x00,0x01,0xF9,0x01,0xFA,0x09,0x00,0x01,0x48,0x01,0xFA,
  0x01,0xB5,0x08,0x00,0x01,0xF9,0x01,0xFA,0x04,0x00,0x01,0xB1,0x01,0xFA,0x01,0x6D,
  0x06,0x00,0x01,0x91,0x02,0xFA,0x07,0x00,0x01,0x6D,0x02,0xFA,0x01,0xD5,0x5A,0x00,
  0x01,0x6D,0x01,0xFA,0x01,0x44,0x06,0x00,0x01,0x8D,0x05,0xFA,0x01,0xD5,0x01,0x48,
  0x10,0x00,0x01,0x8D,0x05,0xFA,0x01,0xD5,0x01,0x48,0x09,0x00,0x01,0x24,0x02,0xFA,
  0x01,0x24,0x0B,0x00,0x01,0xB1,0x01,0xFA,0x01,0x91,0x06,0x00,0x01,0xD9,0x01,0xFA,
  0x01,0x24,0x0A,0x00,0x01,0xB1,0x01,0xFA,0x01,0x6D,0x06,0x00,0x01,0xB1,0x01,0xFA,
  0x01,0x91,0x04,0x00,0x02,0xFA,0x08,0x00,0x01,0xF9,0x01,0xFA,0x10,0x00,0x01,0xD5,
  0x01,0xFA,0x01,0x44,0x06,0x00,0x01,0xD9,0x01,0xFA,0x01,0x24,0x0A,0x00,0x01,0xB1,
  0x01,0xFA,0x01,0x6D,0x06,0x00,0x01,0xB1,0x01,0xFA,0x01,0x91,0x04,0x00,0x02,0xFA,
  0x08,0x00,0x01,0xF9,0x01,0xFA,0x0A,0x00,0x02,0xFA,0x08,0x00,0x01,0xF9,0x01,0xFA,
  0x04,0x00,0x01,0x6D,0x01,0xFA,0x01,0x8D,0x07,0x00,0x01,0xD5,0x01,0xFA,0x01,0x48,
  0x07,0x00,0x01,0xB1,0x01,0xFA,0x01,0x91,0x5A,0x00,0x01,0xB1,0x01,0xFA,0x01,0x24,
  0x06,0x00,0x01,0x8D,0x01,0xFA,0x01,0x91,0x01,0x48,0x01,0x8D,0x01,0xFA,0x01,0x91,
  0x09,0x00,0x01,0x24,0x01,0xF9,0x01,0x48,0x05,0x00,0x01,0x8D,0x01,0xFA,0x01,0x91,
  0x01,0x48,0x01,0x8D,0x01,0xFA,0x01,0x91,0x0B,0x00,0x01,0xD9,0x01,0xFA,0x01,0x44,
  0x0B,0x00,0x01,0xD5,0x01,0xFA,0x01,0x24,0x06,0x00,0x01,0xB1,0x01,0xFA,0x01,0x24,
  0x0A,0x00,0x01,0x69,0x01,0xFA,0x01,0x8D,0x06,0x00,0x01,0xD5,0x01,0xFA,0x01,0x24,
  0x04,0x00,0x01,0xD5,0x01,0xFA,0x01,0x24,0x07,0x00,0x01,0xFA,0x01,0xB1,0x04,0x00,
  0x06,0x24,0x06,0x00,0x01,0xB1,0x01,0xFA,0x01,0x48,0x06,0x00,0x01,0xB1,0x01,0xFA,
  0x01,0x24,0x0A,0x00,0x01,0x69,0x01,0xFA,0x01,0x8D,0x06,0x00,0x01,0xD5,0x01,0xFA,
  0x01,0x24,0x04,0x00,0x01,0xD5,0x01,0xFA,0x01,0x24,0x07,0x00,0x01,0xFA,0x01,0xB1,
  0x0A,0x00,0x01,0xD5,0x01,0xFA,0x01,0x24,0x07,0x00,0x01,0xFA,0x01,0xB1,0x04,0x00,
  0x01,0x69,0x01,0xFA,0x01,0x91,0x07,0x00,0x01,0x8D,0x01,0xFA,0x01,0x8D,0x07,0x00,
  0x01,0xD5,0x01,0xFA,0x01,0x24,0x5A,0x00,0x01,0xD5,0x01,0xFA,0x07,0x00,0x01,0x8D,
  0x01,0xFA,0x01,0x8D,0x02,0x00,0x01,0xD5,0x01,0xFA,0x01,0x44,0x08,0x00,0x01,0xD5,
  0x02,0xFA,0x01,0x24,0x04,0x00,0x01,0x8D,0x01,0xFA,0x01,0x8D,0x02,0x00,0x01,0xD5,
  0x01,0xFA,0x01,0x44,0x0A,0x00,0x01,0xB5,0x01,0xFA,0x01,0x48,0x0A,0x00,0x01,0x44,
  0x01,0xFA,0x01,0x6D,0x07,0x00,0x01,0xB1,0x01,0xFA,0x01,0x44,0x0A,0x00,0x01,0x44,
  0x01,0xFA,0x01,0x8D,0x05,0x00,0x01,0x44,0x01,0xFA,0x01,0x6D,0x05,0x00,0x01,0x8D,
  0x01,0xFA,0x01,0x49,0x06,0x00,0x01,0x24,0x01,0xFA,0x01,0x49,0x03,0x00,0x01,0x44,
  0x06,0xFA,0x01,0x44,0x05,0x00,0x01,0x91,0x01,0xFA,0x01,0x48,0x06,0x00,0x01,0xB1,
  0x01,0xFA,0x01,0x44,0x0A,0x00,0x01,0x44,0x01,0xFA,0x01,0x8D,0x05,0x00,0x01,0x44,
  0x01,0xFA,0x01,0x6D,0x05,0x00,0x01,0x8D,0x01,0xFA,0x01,0x49,0x06,0x00,0x01,0x24,
  0x01,0xFA,0x01,0x49,0x0A,0x00,0x01,0x8D,0x01,0xFA,0x01,0x49,0x06,0x00,0x01,0x24,
  0x01,0xFA,0x01,0x49,0x04,0x00,0x01,0x48,0x01,0xFA,0x01,0xB1,0x07,0x00,0x01,0x49,
  0x01,0xFA,0x01,0x91,0x06,0x00,0x01,0x44,0x01,0xFA,0x01,0x6D,0x5B,0x00,0x01,0xD5,
  0x01,0xFA,0x01,0x24,0x06,0x00,0x01,0x8D,0x01,0xFA,0x01,0x8D,0x02,0x00,0x01,0x48,
  0x01,0xFA,0x01,0xD5,0x08,0x00,0x01,0x44,0x01,0xFA,0x01,0x8D,0x05,0x00,0x01,0x8D,
  0x01,0xFA,0x01,0x8D,0x02,0x00,0x01,0x48,0x01,0xFA,0x01,0xD5,0x0A,0x00,0x01,0xB1,
  0x01,0xFA,0x01,0x48,0x0A,0x00,0x01,0xB1,0x01,0xD5,0x08,0x00,0x01,0x91,0x01,0xFA,
  0x01,0x44,0x0A,0x00,0x01,0x48,0x01,0xFA,0x01,0x49,0x05,0x00,0x01,0xB1,0x01,0xD5,
  0x06,0x00,0x01,0x48,0x01,0xFA,0x01,0x8D,0x06,0x00,0x01,0x8D,0x01,0xD5,0x04,0x00,
  0x01,0xD5,0x05,0xFA,0x01,0x8D,0x06,0x00,0x01,0x8D,0x01,0xFA,0x01,0x49,0x06,0x00,
  0x01,0x91,0x01,0xFA,0x01,0x44,0x0A,0x00,0x01,0x48,0x01,0xFA,0x01,0x49,0x05,0x00,
  0x01,0xB1,0x01,0xD5,0x06,0x00,0x01,0x48,0x01,0xFA,0x01,0x8D,0x06,0x00,0x01,0x8D,
  0x01,0xD5,0x0B,0x00,0x01,0x48,0x01,0xFA,0x01,0x8D,0x06,0x00,0x01,0x8D,0x01,0xD5,
  0x05,0x00,0x01,0x44,0x01,0xFA,0x01,0xB1,0x07,0x00,0x01,0x24,0x01,0xFA,0x01,0xB1,
  0x06,0x00,0x01,0xB1,0x01,0xD5,0x5C,0x00,0x01,0xD5,0x01,0xFA,0x01,0x48,0x06,0x00,
  0x01,0x8D,0x01,0xFA,0x01,0x8D,0x03,0x00,0x01,0xB5,0x01,0xFA,0x01,0x6D,0x0F,0x00,
  0x01,0x8D,0x01,0xFA,0x01,0x8D,0x03,0x00,0x01,0xB5,0x01,0xFA,0x01,0x6D,0x09,0x00,
  0x01,0xB1,0x01,0xFA,0x01,0x24,0x09,0x00,0x01,0x44,0x01,0xB1,0x09,0x00,0x01,0x91,
  0x01,0xFA,0x01,0x44,0x0A,0x00,0x01,0x49,0x01,0xFA,0x05,0x00,0x01,0x44,0x01,0xB1,
  0x07,0x00,0x01,0x20,0x01,0xFA,0x01,0xD5,0x05,0x00,0x01,0x24,0x01,0xFA,0x01,0x48,
  0x11,0x00,0x01,0x6D,0x01,0xFA,0x01,0x69,0x06,0x00,0x01,0x91,0x01,0xFA,0x01,0x44,
  0x0A,0x00,0x01,0x49,0x01,0xFA,0x05,0x00,0x01,0x44,0x01,0xB1,0x07,0x00,0x01,0x20,
  0x01,0xFA,0x01,0xD5,0x05,0x00,0x01,0x24,0x01,0xFA,0x01,0x48,0x0B,0x00,0x01,0x20,
  0x01,0xFA,0x01,0xD5,0x05,0x00,0x01,0x24,0x01,0xFA,0x01,0x48,0x05,0x00,0x01,0x24,
  0x01,0xFA,0x01,0xB1,0x08,0x00,0x01,0xFA,0x01,0xB5,0x05,0x00,0x01,0x44,0x01,0xB1,
  0x5D,0x00,0x01,0xB1,0x01,0xFA,0x01,0x8D,0x06,0x00,0x01,0x8D,0x01,0xFA,0x01,0x8D,
  0x03,0x00,0x01,0x24,0x02,0xFA,0x01,0x24,0x0E,0x00,0x01,0x8D,0x01,0xFA,0x01,0x8D,
  0x03,0x00,0x01,0x24,0x02,0xFA,0x01,0x24,0x08,0x00,0x01,0xD5,0x01,0xFA,0x15,0x00,
  0x01,0x8D,0x01,0xFA,0x01,0x44,0x0A,0x00,0x02,0x8D,0x0F,0x00,0x01,0xD5,0x01,0xFA,
  0x01,0x24,0x03,0x00,0x01,0x24,0x01,0xD9,0x01,0x91,0x12,0x00,0x01,0x6D,0x01,0xFA,
  0x01,0x69,0x06,0x00,0x01,0x8D,0x01,0xFA,0x01,0x44,0x0A,0x00,0x02,0x8D,0x0F,0x00,
  0x01,0xD5,0x01,0xFA,0x01,0x24,0x03,0x00,0x01,0x24,0x01,0xD9,0x01,0x91,0x0D,0x00,
  0x01,0xD5,0x01,0xFA,0x01,0x24,0x03,0x00,0x01,0x24,0x01,0xD9,0x01,0x91,0x06,0x00,
  0x01,0x24,0x01,0xFA,0x01,0xB1,0x08,0x00,0x01,0xFA,0x01,0xB5,0x64,0x00,0x01,0x6D,
  0x01,0xFA,0x01,0xD5,0x06,0x00,0x01,0x8D,0x01,0xFA,0x01,0x8D,0x04,0x00,0x01,0xB1,
  0x01,0xFA,0x01,0xB1,0x07,0x00,0x01,0x8D,0x06,0x00,0x01,0x8D,0x01,0xFA,0x01,0x8D,
  0x04,0x00,0x01,0xB1,0x01,0xFA,0x01,0xB1,0x07,0x00,0x01,0x20,0x01,0xFA,0x01,0x91,
  0x15,0x00,0x01,0x8D,0x01,0xFA,0x01,0x24,0x03,0x00,0x06,0x24,0x01,0x48,0x01,0xD5,
  0x01,0x20,0x0F,0x00,0x01,0x8D,0x01,0xFA,0x01,0xB1,0x01,0x24,0x01,0x48,0x01,0x91,
  0x01,0xFA,0x01,0xB1,0x13,0x00,0x01,0x69,0x01,0xFA,0x01,0x69,0x06,0x00,0x01,0x8D,
  0x01,0xFA,0x01,0x24,0x03,0x00,0x06,0x24,0x01,0x48,0x01,0xD5,0x01,0x20,0x0F,0x00,
  0x01,0x8D,0x01,0xFA,0x01,0xB1,0x01,0x24,0x01,0x48,0x01,0x91,0x01,0xFA,0x01,0xB1,
  0x0E,0x00,0x01,0x8D,0x01,0xFA,0x01,0xB1,0x01,0x24,0x01,0x48,0x01,0x91,0x01,0xFA,
  0x01,0xB1,0x07,0x00,0x01,0x24,0x01,0xFA,0x01,0x91,0x08,0x00,0x01,0xD9,0x01,0xB1,
  0x64,0x00,0x01,0x24,0x02,0xFA,0x01,0x44,0x05,0x00,0x01,0xB1,0x01,0xFA,0x01,0xB1,
  0x04,0x00,0x01,0x24,0x02,0xFA,0x01,0x8D,0x01,0x24,0x01,0x20,0x03,0x00,0x01,0x91,
  0x01,0xFA,0x01,0xD5,0x05,0x00,0x01,0xB1,0x01,0xFA,0x01,0xB1,0x04,0x00,0x01,0x24,
  0x02,0xFA,0x01,0x8D,0x01,0x24,0x01,0x20,0x04,0x00,0x01,0x6D,0x01,0xFA,0x01,0x24,
  0x15,0x00,0x01,0x8D,0x01,0xFA,0x01,0x24,0x02,0x00,0x01,0x44,0x07,0xFA,0x01,0x48,
  0x10,0x00,0x01,0x24,0x05,0xFA,0x01,0x91,0x14,0x00,0x01,0x69,0x01,0xFA,0x01,0x69,
  0x06,0x00,0x01,0x8D,0x01,0xFA,0x01,0x24,0x02,0x00,0x01,0x44,0x07,0xFA,0x01,0x48,
  0x10,0x00,0x01,0x24,0x05,0xFA,0x01,0x91,0x0F,0x00,0x01,0x24,0x05,0xFA,0x01,0x91,
  0x09,0x00,0x01,0xFA,0x01,0x48,0x08,0x00,0x01,0xD5,0x01,0x91,0x65,0x00,0x01,0xD5,
  0x01,0xFA,0x01,0xB1,0x03,0x00,0x01,0x48,0x05,0xFA,0x01,0x48,0x03,0x00,0x01,0x6D,
  0x01,0xFA,0x01,0xF9,0x01,0xB1,0x01,0x24,0x03,0x00,0x01,0x8D,0x01,0xFA,0x01,0xD5,
  0x03,0x00,0x01,0x48,0x05,0xFA,0x01,0x48,0x03,0x00,0x01,0x6D,0x01,0xFA,0x01,0xF9,
  0x01,0xB1,0x01,0x24,0x04,0x00,0x01,0xD5,0x01,0xB1,0x16,0x00,0x01,0x8D,0x01,0xB1,
  0x03,0x00,0x01,0xD5,0x06,0xFA,0x01,0x6D,0x12,0x00,0x01,0x6D,0x02,0xFA,0x01,0xB1,
  0x01,0x48,0x15,0x00,0x01,0x69,0x01,0xFA,0x01,0x69,0x06,0x00,0x01,0x8D,0x01,0xB1,
  0x03,0x00,0x01,0xD5,0x06,0xFA,0x01,0x6D,0x12,0x00,0x01,0x6D,0x02,0xFA,0x01,0xB1,
  0x01,0x48,0x11,0x00,0x01,0x6D,0x02,0xFA,0x01,0xB1,0x01,0x48,0x0A,0x00,0x01,0xB1,
  0x09,0x00,0x01,0xB1,0x01,0x24,0x65,0x00,0x01,0x49,0x02,0xFA,0x01,0x48,0x15,0x00,
  0x01,0x6D,0x01,0x24,0x15,0x00,0x01,0x44,0x01,0xFA,0x01,0x24,0x16,0x00,0x01,0x48,
  0x01,0x24,0x37,0x00,0x01,0x49,0x01,0xFA,0x01,0x69,0x06,0x00,0x01,0x48,0x01,0x24,
  0xB4,0x00,0x01,0xD5,0x01,0xFA,0x01,0xF9,0x2C,0x00,0x01,0xB5,0x01,0x8D,0x50,0x00,
  0x01,0x48,0x01,0xFA,0x01,0x69,0xBC,0x00,0x01,0x24,0x02,0xFA,0x01,0x20,0x2A,0x00,
  0x01,0x48,0x01,0xD5,0x51,0x00,0x01,0x48,0x01,0xFA,0x01,0x69,0xBD,0x00,0x02,0x6D,
  0x2B,0x00,0x01,0x8D,0x01,0x24,0x51,0x00,0x01,0x48,0x01,0xFA,0x01,0x48,0xFF,0x00,
  0x3E,0x00,0x01,0x48,0x01,0xB1,0xFF,0x00,0xFF,0x00,0xFF,0x00,0xFF,0x00,0xFF,0x00,
  0xFF,0x00,0xFF,0x00,0xFF,0x00,0xFF,0x00,0x57,0x00,0xFF,0xFA,0xFF,0xFA,0x82,0xFA,
  0xFF,0x00,0xFF,0x00,0xFF,0x00,0xFF,0x00,0xFF,0x00,0xFF,0x00,0xFF,0x00,0xFF,0x00,
  0xFF,0x00,0xFF,0x00,0xFF,0x00,0xFF,0x00,0xFF,0x00,0xFF,0x00,0xFF,0x00,0xFF,0x00,
  0xFF,0x00,0x16,0x00,0x01,0x24,0x01,0xDB,0xFF,0x00,0x12,0x00,0x01,0x24,0x2C,0x00,
  0x01,0x49,0x01,0xFF,0x3B,0x00,0x01,0x24,0xB0,0x00,0x01,0x49,0x09,0x00,0x01,0x49,
  0x01,0x24,0x04,0x00,0x01,0xB6,0x01,0x92,0x04,0x00,0x01,0xB6,0x01,0x92,0x04,0x00,
  0x01,0x49,0x01,0x24,0x06,0x00,0x01,0x49,0x01,0xB6,0x0D,0x00,0x01,0x6D,0x0A,0x00,
  0x01,0x24,0x09,0x00,0x01,0x49,0x01,0x24,0x08,0x00,0x01,0x24,0x01,0xFF,0x07,0x00,
  0x01,0xB6,0x01,0x92,0x05,0x00,0x01,0x24,0x0C,0x00,0x01,0xB6,0x01,0x92,0x04,0x00,
  0x01,0x49,0x01,0x24,0x06,0x00,0x01,0x49,0x01,0x24,0x05,0x00,0x01,0x6D,0x09,0x00,
  0x01,0x49,0x01,0xB6,0x0D,0x00,0x01,0x6D,0x0A,0x00,0x01,0x24,0x09,0x00,0x01,0x49,
  0x01,0x24,0x8B,0x00,0x01,0x49,0x05,0xFF,0x01,0x92,0x04,0x00,0x02,0xFF,0x01,0x6D,
  0x03,0x00,0x01,0xDB,0x01,0xFF,0x01,0xDB,0x03,0x00,0x01,0xDB,0x01,0xFF,0x01,0xDB,
  0x03,0x00,0x04,0xFF,0x01,0xB6,0x03,0x00,0x07,0xFF,0x01,0x92,0x06,0x00,0x01,0xB6,
  0x06,0xFF,0x01,0x6D,0x03,0x00,0x02,0xDB,0x02,0x00,0x01,0x92,0x01,0xFF,0x01,0xDB,
  0x01,0x24,0x03,0x00,0x04,0xFF,0x01,0xDB,0x01,0x24,0x05,0x00,0x06,0xFF,0x02,0x00,
  0x01,0xDB,0x01,0xFF,0x01,0xDB,0x03,0x00,0x02,0xDB,0x02,0x00,0x01,0x92,0x01,0xFF,
  0x01,0xDB,0x01,0x24,0x05,0x00,0x01,0x24,0x02,0xFF,0x01,0xDB,0x03,0x00,0x04,0xFF,
  0x01,0xDB,0x01,0x24,0x02,0x00,0x02,0xFF,0x01,0x6D,0x03,0x00,0x01,0xDB,0x07,0xFF,
  0x01,0x6D,0x02,0x00,0x07,0xFF,0x01,0x92,0x06,0x00,0x01,0xB6,0x06,0xFF,0x01,0x6D,
  0x03,0x00,0x02,0xDB,0x02,0x00,0x01,0x92,0x01,0xFF,0x01,0xDB,0x01,0x24,0x03,0x00,
  0x04,0xFF,0x01,0xDB,0x01,0x24,0x87,0x00,0x01,0xB6,0x01,0xFF,0x03,0x6D,0x01,0xB6,
  0x01,0xFF,0x01,0xB6,0x03,0x00,0x01,0x6D,0x02,0xFF,0x01,0xB6,0x03,0x00,0x01,0x92,
  0x01,0xFF,0x01,0x92,0x03,0x00,0x01,0x92,0x01,0xFF,0x01,0x92,0x01,0x00,0x01,0x24,
  0x03,0x6D,0x01,0x92,0x01,0xFF,0x01,0xB6,0x02,0x00,0x01,0x49,0x02,0xDB,0x03,0x6D,
  0x01,0x92,0x01,0xFF,0x01,0x24,0x05,0x00,0x06,0x6D,0x01,0xB6,0x01,0xFF,0x03,0x00,
  0x01,0x92,0x01,0xFF,0x01,0x49,0x02,0x92,0x01,0x6D,0x01,0xDB,0x01,0xFF,0x02,0x00,
  0x01,0x24,0x04,0x6D,0x02,0xFF,0x05,0x00,0x01,0x49,0x04,0x6D,0x01,0xFF,0x01,0x49,
  0x02,0x00,0x01,0x92,0x01,0xFF,0x01,0x92,0x02,0x00,0x01,0x92,0x01,0xFF,0x01,0x49,
  0x02,0x92,0x01,0x6D,0x01,0xDB,0x01,0xFF,0x07,0x00,0x01,0x92,0x01,0xFF,0x01,0x92,
  0x01,0x00,0x01,0x24,0x04,0x6D,0x02,0xFF,0x02,0x00,0x01,0x6D,0x02,0xFF,0x01,0xB6,
  0x02,0x00,0x01,0xB6,0x01,0xFF,0x05,0x6D,0x02,0xDB,0x02,0x00,0x01,0x49,0x02,0xDB,
  0x03,0x6D,0x01,0x92,0x01,0xFF,0x01,0x24,0x05,0x00,0x06,0x6D,0x01,0xB6,0x01,0xFF,
  0x03,0x00,0x01,0x92,0x01,0xFF,0x01,0x49,0x02,0x92,0x01,0x6D,0x01,0xDB,0x01,0xFF,
  0x02,0x00,0x01,0x24,0x04,0x6D,0x02,0xFF,0x0B,0x00,0x03,0xFF,0x79,0x00,0x01,0x6D,
  0x01,0xFF,0x04,0x00,0x01,0x49,0x01,0xFF,0x01,0x24,0x04,0x00,0x01,0xDB,0x01,0xFF,
  0x04,0x00,0x02,0xB6,0x04,0x00,0x02,0xB6,0x06,0x00,0x01,0x49,0x01,0xFF,0x03,0x00,
  0x01,0x49,0x01,0xFF,0x04,0x00,0x01,0xDB,0x01,0x49,0x06,0x00,0x01,0x49,0x05,0x00,
  0x01,0xFF,0x01,0x24,0x03,0x00,0x01,0xFF,0x01,0xB6,0x01,0x6D,0x03,0x00,0x01,0xFF,
  0x01,0x49,0x06,0x00,0x01,0x24,0x01,0xFF,0x01,0x6D,0x09,0x00,0x01,0xDB,0x01,0x49,
  0x03,0x00,0x02,0xB6,0x03,0x00,0x01,0xFF,0x01,0xB6,0x01,0x6D,0x03,0x00,0x01,0xFF,
  0x01,0x49,0x07,0x00,0x02,0xB6,0x06,0x00,0x01,0x24,0x01,0xFF,0x01,0x6D,0x03,0x00,
  0x01,0xDB,0x01,0xFF,0x03,0x00,0x01,0xFF,0x01,0x24,0x04,0x00,0x01,0x6D,0x01,0xDB,
  0x03,0x00,0x01,0x49,0x01,0xFF,0x04,0x00,0x01,0xDB,0x01,0x49,0x06,0x00,0x01,0x49,
  0x05,0x00,0x01,0xFF,0x01,0x24,0x03,0x00,0x01,0xFF,0x01,0xB6,0x01,0x6D,0x03,0x00,
  0x01,0xFF,0x01,0x49,0x06,0x00,0x01,0x24,0x01,0xFF,0x01,0x6D,0x09,0x00,0x05,0xFF,
  0x78,0x00,0x01,0x49,0x01,0xFF,0x05,0x00,0x01,0xDB,0x01,0x6D,0x04,0x00,0x01,0x92,
  0x01,0xB6,0x04,0x00,0x01,0x92,0x01,0xB6,0x04,0x00,0x01,0x92,0x01,0xB6,0x07,0x00,
  0x01,0xFF,0x01,0x24,0x03,0x00,0x01,0xFF,0x04,0x00,0x01,0xDB,0x01,0x49,0x06,0x00,
  0x01,0xFF,0x05,0x00,0x01,0xFF,0x01,0x24,0x03,0x00,0x01,0xB6,0x01,0xDB,0x04,0x00,
  0x01,0xB6,0x01,0x92,0x07,0x00,0x01,0xB6,0x01,0x92,0x09,0x00,0x01,0xDB,0x04,0x00,
  0x01,0x92,0x01,0xB6,0x03,0x00,0x01,0xB6,0x01,0xDB,0x04,0x00,0x01,0xB6,0x01,0x92,
  0x07,0x00,0x01,0x6D,0x01,0xDB,0x07,0x00,0x01,0xB6,0x01,0x92,0x03,0x00,0x01,0x92,
  0x01,0xB6,0x03,0x00,0x01,0xDB,0x01,0x49,0x04,0x00,0x01,0x6D,0x01,0x92,0x04,0x00,
  0x01,0xFF,0x04,0x00,0x01,0xDB,0x01,0x49,0x06,0x00,0x01,0xFF,0x05,0x00,0x01,0xFF,
  0x01,0x24,0x03,0x00,0x01,0xB6,0x01,0xDB,0x04,0x00,0x01,0xB6,0x01,0x92,0x07,0x00,
  0x01,0xB6,0x01,0x92,0x08,0x00,0x07,0xFF,0x77,0x00,0x01,0x24,0x01,0xFF,0x05,0x00,
  0x01,0xB6,0x01,0x92,0x04,0x00,0x01,0xDB,0x01,0x24,0x04,0x00,0x01,0x6D,0x01,0xB6,
  0x04,0x00,0x01,0x6D,0x01,0xB6,0x07,0x00,0x01,0xFF,0x01,0x49,0x03,0x00,0x01,0xDB,
  0x01,0x49,0x03,0x00,0x01,0xB6,0x01,0x6D,0x06,0x00,0x01,0xFF,0x05,0x00,0x01,0xDB,
  0x01,0x49,0x03,0x00,0x01,0xB6,0x01,0x6D,0x04,0x00,0x01,0x6D,0x01,0xB6,0x07,0x00,
  0x01,0x92,0x01,0x6D,0x08,0x00,0x01,0x24,0x01,0x92,0x04,0x00,0x01,0x6D,0x01,0xB6,
  0x03,0x00,0x01,0xB6,0x01,0x6D,0x04,0x00,0x01,0x6D,0x01,0xB6,0x07,0x00,0x01,0x6D,
  0x01,0xDB,0x07,0x00,0x01,0x92,0x01,0x6D,0x03,0x00,0x01,0xDB,0x01,0x24,0x03,0x00,
  0x02,0x92,0x04,0x00,0x01,0xDB,0x05,0x00,0x01,0xDB,0x01,0x49,0x03,0x00,0x01,0xB6,
  0x01,0x6D,0x06,0x00,0x01,0xFF,0x05,0x00,0x01,0xDB,0x01,0x49,0x03,0x00,0x01,0xB6,
  0x01,0x6D,0x04,0x00,0x01,0x6D,0x01,0xB6,0x07,0x00,0x01,0x92,0x01,0x6D,0x08,0x00,
  0x07,0xFF,0x77,0x00,0x01,0x24,0x01,0xFF,0x05,0x00,0x02,0x92,0x03,0x00,0x02,0x49,
  0x05,0x00,0x01,0x6D,0x01,0xB6,0x04,0x00,0x01,0x6D,0x01,0xB6,0x07,0x00,0x01,0xDB,
  0x01,0x49,0x03,0x00,0x01,0xB6,0x01,0x49,0x03,0x00,0x01,0xB6,0x01,0x6D,0x06,0x00,
  0x01,0xFF,0x05,0x00,0x01,0xDB,0x01,0x49,0x03,0x00,0x01,0xDB,0x01,0x24,0x04,0x00,
  0x01,0x49,0x01,0xB6,0x07,0x00,0x01,0xB6,0x08,0x00,0x01,0x24,0x01,0xDB,0x05,0x00,
  0x01,0x6D,0x01,0xB6,0x03,0x00,0x01,0xDB,0x01,0x24,0x04,0x00,0x01,0x49,0x01,0xB6,
  0x07,0x00,0x01,0x49,0x01,0xDB,0x07,0x00,0x01,0xB6,0x03,0x00,0x02,0x49,0x04,0x00,
  0x01,0x49,0x01,0xDB,0x03,0x00,0x02,0x6D,0x05,0x00,0x01,0xB6,0x01,0x49,0x03,0x00,
  0x01,0xB6,0x01,0x6D,0x06,0x00,0x01,0xFF,0x05,0x00,0x01,0xDB,0x01,0x49,0x03,0x00,
  0x01,0xDB,0x01,0x24,0x04,0x00,0x01,0x49,0x01,0xB6,0x07,0x00,0x01,0xB6,0x09,0x00,
  0x07,0xFF,0x78,0x00,0x01,0xFF,0x05,0x00,0x01,0x6D,0x01,0x92,0x0A,0x00,0x01,0x6D,
  0x01,0xB6,0x04,0x00,0x01,0x6D,0x01,0xB6,0x07,0x00,0x01,0xDB,0x01,0x49,0x01,0x00,
  0x01,0x24,0x01,0x6D,0x01,0xB6,0x01,0x24,0x03,0x00,0x01,0x92,0x01,0x6D,0x06,0x00,
  0x01,0xFF,0x05,0x00,0x01,0xDB,0x01,0x49,0x03,0x00,0x01,0xFF,0x01,0x00,0x01,0x24,
  0x03,0x6D,0x01,0x92,0x01,0x6D,0x02,0x00,0x01,0x49,0x03,0x6D,0x01,0x92,0x01,0x6D,
  0x06,0x00,0x01,0x6D,0x01,0xDB,0x01,0xFF,0x01,0x24,0x05,0x00,0x01,0x6D,0x01,0xB6,
  0x03,0x00,0x01,0xFF,0x01,0x00,0x01,0x24,0x03,0x6D,0x01,0x92,0x01,0x6D,0x07,0x00,
  0x01,0x49,0x01,0xDB,0x02,0x00,0x01,0x49,0x03,0x6D,0x01,0x92,0x01,0x6D,0x0A,0x00,
  0x01,0xFF,0x02,0x92,0x01,0xDB,0x01,0x92,0x04,0x00,0x01,0x24,0x01,0x6D,0x01,0xB6,
  0x01,0x24,0x03,0x00,0x01,0x92,0x01,0x6D,0x06,0x00,0x01,0xFF,0x05,0x00,0x01,0xDB,
  0x01,0x49,0x03,0x00,0x01,0xFF,0x01,0x00,0x01,0x24,0x03,0x6D,0x01,0x92,0x01,0x6D,
  0x02,0x00,0x01,0x49,0x03,0x6D,0x01,0x92,0x01,0x6D,0x0A,0x00,0x05,0xFF,0x79,0x00,
  0x01,0xDB,0x05,0x00,0x01,0x49,0x01,0x92,0x0A,0x00,0x02,0x6D,0x04,0x00,0x02,0x6D,
  0x07,0x00,0x01,0x92,0x01,0x00,0x01,0x24,0x02,0xFF,0x01,0xDB,0x04,0x00,0x01,0x6D,
  0x07,0x00,0x01,0x92,0x05,0x00,0x01,0x92,0x03,0x00,0x02,0x6D,0x01,0x00,0x05,0xFF,
  0x02,0x00,0x01,0x24,0x04,0xFF,0x01,0xB6,0x06,0x00,0x01,0x49,0x01,0xDB,0x01,0x6D,
  0x07,0x00,0x02,0x6D,0x02,0x00,0x02,0x6D,0x01,0x00,0x05,0xFF,0x08,0x00,0x01,0x49,
  0x01,0xDB,0x01,0x00,0x01,0x24,0x04,0xFF,0x01,0xB6,0x0B,0x00,0x01,0x92,0x01,0xFF,
  0x01,0xDB,0x01,0x49,0x04,0x00,0x01,0x24,0x02,0xFF,0x01,0xDB,0x04,0x00,0x01,0x6D,
  0x07,0x00,0x01,0x92,0x05,0x00,0x01,0x92,0x03,0x00,0x02,0x6D,0x01,0x00,0x05,0xFF,
  0x02,0x00,0x01,0x24,0x04,0xFF,0x01,0xB6,0x0C,0x00,0x03,0xFF,0x7A,0x00,0x01,0x24,
  0x05,0x00,0x01,0x24,0x36,0x00,0x01,0x49,0x23,0x00,0x01,0x49,0x0F,0x00,0x01,0x49,
  0x01,0xDB,0x34,0x00,0x01,0x49,0xFF,0x00,0x0A,0x00,0x01,0x49,0x01,0xDB,0xFF,0x00,
  0x3F,0x00,0x01,0x24,0x01,0xB6,0xFF,0x00,0xFF,0x00,0xFF,0x00,0xFF,0x00,0xFF,0x00,
  0xFF,0x00,0xFF,0x00,0xFF,0x00,0xFF,0x00,0xFF,0x00,0xFF,0x00,0x24,0x00,0x01,0x24,
  0x01,0xD5,0xFF,0x00,0x3F,0x00,0x01,0x48,0x01,0xFA,0x1C,0x00,0x01,0x6D,0x01,0xD5,
  0x0B,0x00,0x01,0xB1,0x01,0xFA,0x01,0xD5,0x01,0x68,0xE7,0x00,0x01,0x68,0x0A,0x00,
  0x01,0xB5,0x0A,0x00,0x01,0x6D,0x09,0x00,0x01,0xD5,0x01,0x48,0x03,0x00,0x01,0xD5,
  0x04,0x00,0x01,0x24,0x01,0xFA,0x07,0x00,0x01,0x44,0x01,0x24,0x06,0x00,0x01,0x48,
  0x01,0x24,0x09,0x00,0x01,0x20,0x01,0xD5,0x02,0xFA,0x0B,0x00,0x01,0x8D,0x01,0xB1,
  0x02,0xFA,0x01,0x68,0x05,0x00,0x01,0x44,0x01,0x8D,0x09,0x00,0x01,0xB1,0x01,0x91,
  0x05,0x00,0x01,0x24,0x09,0x00,0x01,0x44,0x01,0x24,0x04,0x00,0x01,0xB1,0x01,0x91,
  0x04,0x00,0x01,0x44,0x01,0x24,0x05,0x00,0x01,0x24,0xB0,0x00,0x01,0xB5,0x06,0xFA,
  0x01,0x68,0x03,0x00,0x01,0xB5,0x07,0xFA,0x01,0x68,0x02,0x00,0x01,0xD5,0x07,0xFA,
  0x01,0x6D,0x02,0x00,0x01,0xF9,0x01,0xB5,0x03,0x00,0x01,0xFA,0x01,0x48,0x04,0x00,
  0x05,0xFA,0x01,0xF9,0x02,0x00,0x04,0xFA,0x01,0xB5,0x01,0x24,0x01,0x00,0x01,0x20,
  0x04,0xFA,0x01,0xD5,0x01,0x20,0x06,0x00,0x01,0x20,0x01,0xD5,0x01,0xFA,0x0D,0x00,
  0x01,0x24,0x01,0xFA,0x01,0xD5,0x05,0x00,0x07,0xFA,0x01,0xD5,0x03,0x00,0x01,0xD5,
  0x01,0xFA,0x01,0xD5,0x03,0x00,0x02,0xD5,0x02,0x00,0x01,0x91,0x01,0xFA,0x01,0xD5,
  0x01,0x24,0x03,0x00,0x02,0xFA,0x01,0x6D,0x03,0x00,0x01,0xD5,0x01,0xFA,0x01,0xF9,
  0x01,0x24,0x02,0x00,0x02,0xFA,0x01,0x6D,0x03,0x00,0x02,0xD5,0x02,0x00,0x01,0x91,
  0x01,0xFA,0x01,0xD5,0x01,0x24,0xAA,0x00,0x06,0x68,0x01,0xB1,0x01,0xFA,0x03,0x00,
  0x01,0x44,0x01,0xFA,0x01,0x8D,0x04,0x68,0x02,0xD5,0x02,0x00,0x01,0xB1,0x01,0xFA,
  0x05,0x68,0x02,0xD5,0x02,0x00,0x01,0x68,0x01,0xFA,0x03,0x00,0x01,0xF9,0x01,0x68,
  0x04,0x00,0x01,0x48,0x03,0x68,0x01,0x6D,0x01,0xFA,0x01,0x48,0x01,0x20,0x03,0x68,
  0x01,0x6D,0x01,0xF9,0x01,0xFA,0x01,0x00,0x01,0x20,0x03,0x68,0x01,0x6C,0x01,0xF9,
  0x01,0x8D,0x07,0x00,0x01,0x6D,0x01,0xFA,0x0E,0x00,0x01,0xD5,0x01,0xB1,0x05,0x00,
  0x01,0xD5,0x01,0xB5,0x04,0x68,0x01,0x8D,0x01,0xFA,0x01,0x6D,0x03,0x00,0x01,0x8D,
  0x01,0xFA,0x01,0x8D,0x02,0x00,0x01,0x91,0x01,0xFA,0x01,0x44,0x02,0x91,0x01,0x6D,
  0x01,0xD5,0x01,0xFA,0x03,0x00,0x01,0x68,0x02,0xFA,0x01,0xB1,0x03,0x00,0x01,0x6D,
  0x01,0xFA,0x01,0xB1,0x02,0x00,0x01,0x68,0x02,0xFA,0x01,0xB1,0x02,0x00,0x01,0x91,
  0x01,0xFA,0x01,0x44,0x02,0x91,0x01,0x6D,0x01,0xD5,0x01,0xFA,0x0C,0x00,0x03,0xFA,
  0x9C,0x00,0x01,0x48,0x05,0x00,0x01,0xFA,0x01,0x24,0x03,0x00,0x01,0xFA,0x01,0x24,
  0x04,0x00,0x01,0x6D,0x01,0xB1,0x03,0x00,0x01,0xFA,0x01,0x24,0x04,0x00,0x01,0x68,
  0x01,0xD5,0x03,0x00,0x01,0xFA,0x01,0x48,0x02,0x00,0x01,0xB1,0x01,0x68,0x09,0x00,
  0x01,0xD5,0x01,0x48,0x05,0x00,0x01,0x24,0x01,0xFA,0x01,0x68,0x05,0x00,0x01,0x6D,
  0x01,0x91,0x07,0x00,0x01,0x68,0x01,0xFA,0x0D,0x00,0x01,0x24,0x01,0xFA,0x01,0x24,
  0x05,0x00,0x01,0xB1,0x01,0x6D,0x05,0x00,0x02,0x91,0x04,0x00,0x02,0xB1,0x03,0x00,
  0x01,0xFA,0x01,0xB1,0x01,0x68,0x03,0x00,0x01,0xFA,0x01,0x48,0x04,0x00,0x01,0xD5,
  0x01,0xFA,0x04,0x00,0x01,0x8D,0x01,0xD5,0x04,0x00,0x01,0xD5,0x01,0xFA,0x03,0x00,
  0x01,0xFA,0x01,0xB1,0x01,0x68,0x03,0x00,0x01,0xFA,0x01,0x48,0x0A,0x00,0x05,0xFA,
  0x9B,0x00,0x01,0xFA,0x05,0x00,0x01,0xF9,0x01,0x24,0x03,0x00,0x01,0xFA,0x01,0x44,
  0x04,0x00,0x01,0x8D,0x01,0x68,0x03,0x00,0x01,0xD5,0x01,0x48,0x04,0x00,0x01,0x6D,
  0x01,0x8D,0x03,0x00,0x01,0x91,0x01,0xB1,0x02,0x00,0x01,0xB1,0x01,0x48,0x09,0x00,
  0x01,0xD5,0x07,0x00,0x01,0xB1,0x01,0x8D,0x05,0x00,0x01,0x6C,0x01,0xB1,0x07,0x00,
  0x01,0x48,0x01,0xFA,0x05,0x00,0x01,0xB5,0x01,0xD5,0x06,0x00,0x01,0xD5,0x01,0x8D,
  0x06,0x00,0x01,0x91,0x01,0x8D,0x05,0x00,0x01,0x6D,0x01,0xB1,0x04,0x00,0x01,0x6D,
  0x01,0xB1,0x03,0x00,0x01,0xB5,0x01,0xD5,0x04,0x00,0x01,0xB1,0x01,0x8D,0x04,0x00,
  0x01,0x8D,0x01,0xB5,0x04,0x00,0x01,0x44,0x01,0xF9,0x04,0x00,0x01,0x8D,0x01,0xB5,
  0x03,0x00,0x01,0xB5,0x01,0xD5,0x04,0x00,0x01,0xB1,0x01,0x8D,0x09,0x00,0x07,0xFA,
  0x9A,0x00,0x01,0xFA,0x05,0x00,0x01,0xD5,0x01,0x44,0x03,0x00,0x01,0xF9,0x01,0x44,
  0x04,0x00,0x01,0xB1,0x04,0x00,0x02,0x91,0x04,0x00,0x01,0xD5,0x04,0x00,0x01,0x44,
  0x01,0xF9,0x02,0x00,0x01,0xB1,0x09,0x00,0x01,0x24,0x01,0x91,0x07,0x00,0x01,0x91,
  0x01,0x68,0x05,0x00,0x01,0x68,0x01,0xB1,0x07,0x00,0x01,0x48,0x01,0xFA,0x05,0x00,
  0x01,0x48,0x01,0x6D,0x05,0x00,0x01,0x8D,0x01,0xD5,0x07,0x00,0x02,0x8D,0x05,0x00,
  0x01,0x68,0x01,0xB1,0x04,0x00,0x01,0x6D,0x01,0xB1,0x03,0x00,0x01,0xB1,0x01,0x6D,
  0x04,0x00,0x01,0x6C,0x01,0xB1,0x04,0x00,0x01,0xD9,0x01,0x24,0x04,0x00,0x01,0x24,
  0x01,0xFA,0x04,0x00,0x01,0xD9,0x01,0x24,0x03,0x00,0x01,0xB1,0x01,0x6D,0x04,0x00,
  0x01,0x6C,0x01,0xB1,0x09,0x00,0x07,0xFA,0x9A,0x00,0x01,0xFA,0x05,0x00,0x01,0xD5,
  0x01,0x48,0x03,0x00,0x01,0xD5,0x01,0x44,0x03,0x00,0x01,0x6D,0x01,0x48,0x04,0x00,
  0x01,0x48,0x01,0xD9,0x03,0x00,0x02,0x6D,0x05,0x00,0x01,0xFA,0x01,0x48,0x01,0xD5,
  0x01,0x68,0x08,0x00,0x01,0x24,0x01,0xD5,0x08,0x00,0x01,0xB1,0x06,0x00,0x01,0x68,
  0x01,0xB1,0x07,0x00,0x01,0x48,0x01,0xFA,0x0B,0x00,0x01,0x44,0x01,0xFA,0x01,0x24,
  0x07,0x00,0x02,0x8D,0x05,0x00,0x01,0x68,0x01,0xB1,0x04,0x00,0x01,0x68,0x01,0xB1,
  0x03,0x00,0x01,0xD5,0x01,0x24,0x04,0x00,0x01,0x48,0x01,0xB1,0x03,0x00,0x02,0x48,
  0x05,0x00,0x01,0x24,0x01,0xF9,0x03,0x00,0x02,0x48,0x04,0x00,0x01,0xD5,0x01,0x24,
  0x04,0x00,0x01,0x48,0x01,0xB1,0x09,0x00,0x07,0xFA,0x9A,0x00,0x01,0xFA,0x05,0x00,
  0x01,0xB5,0x01,0x48,0x03,0x00,0x01,0xD5,0x01,0x44,0x01,0x00,0x01,0x8D,0x01,0xD9,
  0x01,0x8D,0x06,0x00,0x01,0xFA,0x01,0x91,0x01,0x8D,0x01,0xD5,0x01,0x8D,0x05,0x00,
  0x01,0x24,0x01,0xF9,0x01,0xFA,0x01,0x48,0x07,0x00,0x01,0x68,0x01,0xB5,0x01,0xFA,
  0x01,0x24,0x03,0x00,0x01,0x44,0x03,0x68,0x01,0x8D,0x01,0x6D,0x02,0x00,0x01,0x48,
  0x03,0x68,0x01,0xB1,0x01,0xF9,0x01,0x48,0x06,0x00,0x01,0x68,0x01,0xFA,0x05,0x00,
  0x01,0x48,0x01,0x44,0x04,0x00,0x01,0xF9,0x01,0x91,0x08,0x00,0x01,0x6D,0x01,0xD5,
  0x05,0x68,0x01,0xB1,0x01,0x68,0x04,0x00,0x01,0x68,0x01,0xB1,0x03,0x00,0x01,0xF9,
  0x01,0x00,0x01,0x24,0x03,0x68,0x01,0x91,0x01,0x6D,0x08,0x00,0x01,0x48,0x01,0x68,
  0x01,0x8D,0x01,0x91,0x09,0x00,0x01,0xF9,0x01,0x00,0x01,0x24,0x03,0x68,0x01,0x91,
  0x01,0x6D,0x0A,0x00,0x05,0xFA,0x9B,0x00,0x01,0x91,0x05,0x00,0x01,0x8D,0x04,0x00,
  0x01,0xD5,0x01,0x44,0x01,0x48,0x01,0xB5,0x01,0x44,0x07,0x00,0x01,0x8D,0x01,0xFA,
  0x01,0xD5,0x01,0x48,0x05,0x00,0x01,0xB1,0x01,0xFA,0x01,0x91,0x08,0x00,0x01,0x48,
  0x01,0xD5,0x01,0x6D,0x04,0x00,0x01,0x24,0x04,0xFA,0x01,0xB1,0x02,0x00,0x01,0x24,
  0x06,0xFA,0x01,0x68,0x04,0x00,0x01,0xB5,0x01,0xF9,0x03,0xFA,0x01,0xD5,0x03,0x00,
  0x02,0xD5,0x03,0x00,0x01,0x6D,0x02,0xFA,0x02,0xF9,0x01,0xD5,0x01,0x24,0x04,0x00,
  0x01,0x20,0x01,0xF9,0x05,0xFA,0x01,0xD5,0x05,0x00,0x01,0x68,0x01,0x6D,0x02,0x00,
  0x01,0x68,0x01,0x6D,0x01,0x00,0x01,0xF9,0x03,0xFA,0x01,0xF9,0x08,0x00,0x01,0x44,
  0x03,0xFA,0x01,0x20,0x08,0x00,0x01,0x68,0x01,0x6D,0x01,0x00,0x01,0xF9,0x03,0xFA,
  0x01,0xF9,0x0C,0x00,0x03,0xFA,0xA7,0x00,0x01,0xD5,0x01,0x44,0x12,0x00,0x01,0x48,
  0x01,0xB1,0x01,0x24,0x2E,0x00,0x01,0x20,0x1F,0x00,0x01,0x48,0x1C,0x00,0x01,0x48,
  0xBD,0x00,0x01,0xD5,0x01,0x44,0xFF,0x00,0x3F,0x00,0x01,0xB1,0xFF,0x00,0xFF,0x00,
  0xFF,0x00,0xFF,0x00,0xFF,0x00,0xFF,0x00,0xFF,0x00,0xFF,0x00,0xFF,0x00,0xFF,0x00,
  0xFF,0x00,0x09,0x00,0x01,0x29,0x41,0x00,0x01,0x29,0xE4,0x00,0x01,0x52,0x01,0x7B,
  0x01,0x53,0x01,0x29,0x05,0x00,0x01,0x53,0x01,0x77,0x01,0x52,0x05,0x00,0x01,0x53,
  0x01,0x77,0x01,0x52,0x04,0x00,0x01,0x29,0x03,0x77,0x01,0x29,0x26,0x00,0x01,0x2E,
  0x01,0x53,0x06,0x00,0x01,0x53,0x01,0x77,0x01,0x52,0x05,0x00,0x01,0x53,0x01,0x77,
  0x01,0x52,0x04,0x00,0x01,0x29,0x03,0x77,0x01,0x29,0x44,0x00,0x01,0x04,0x3D,0x00,
  0x01,0x2E,0x01,0x53,0x06,0x00,0x01,0x53,0x01,0x77,0x01,0x52,0x54,0x00,0x01,0x4E,
  0x01,0x52,0x01,0x77,0x01,0x7B,0x01,0x29,0x03,0x00,0x01,0x77,0x02,0x00,0x01,0x52,
  0x01,0x77,0x03,0x00,0x01,0x77,0x02,0x00,0x01,0x52,0x01,0x77,0x02,0x00,0x01,0x29,
  0x01,0x25,0x01,0x2D,0x02,0x04,0x06,0x00,0x01,0x29,0x03,0x00,0x01,0x4E,0x03,0x00,
  0x01,0x77,0x01,0x29,0x03,0x00,0x01,0x77,0x02,0x00,0x01,0x25,0x05,0x00,0x01,0x52,
  0x01,0x4E,0x08,0x00,0x01,0x77,0x01,0x7B,0x01,0x77,0x05,0x00,0x01,0x77,0x02,0x00,
  0x01,0x52,0x01,0x77,0x03,0x00,0x01,0x77,0x02,0x00,0x01,0x52,0x01,0x77,0x02,0x00,
  0x01,0x29,0x01,0x25,0x01,0x2D,0x02,0x04,0x06,0x00,0x01,0x52,0x01,0x4E,0x04,0x00,
  0x01,0x52,0x01,0x4E,0x04,0x00,0x01,0x25,0x01,0x04,0x06,0x00,0x01,0x25,0x06,0x00,
  0x01,0x29,0x0C,0x00,0x01,0x25,0x01,0x4E,0x09,0x00,0x01,0x77,0x01,0x29,0x03,0x00,
  0x01,0x77,0x05,0x00,0x01,0x29,0x01,0x52,0x09,0x00,0x01,0x52,0x01,0x4E,0x04,0x00,
  0x01,0x52,0x01,0x29,0x05,0x00,0x01,0x53,0x04,0x00,0x01,0x52,0x0A,0x00,0x01,0x29,
  0x09,0x00,0x01,0x77,0x01,0x29,0x03,0x00,0x01,0x77,0x06,0x00,0x01,0x77,0x01,0x7B,
  0x01,0x77,0x05,0x00,0x01,0x77,0x02,0x00,0x01,0x52,0x01,0x77,0x56,0x00,0x01,0x7B,
  0x01,0x77,0x02,0x00,0x01,0x2D,0x01,0x52,0x03,0x00,0x01,0x7B,0x01,0x25,0x01,0x00,
  0x01,0x2D,0x01,0x52,0x03,0x00,0x01,0x7B,0x01,0x25,0x01,0x00,0x01,0x77,0x01,0x04,
  0x01,0x29,0x01,0x04,0x07,0x00,0x06,0x7B,0x01,0x04,0x01,0x00,0x01,0x77,0x01,0x53,
  0x03,0x00,0x01,0x7B,0x01,0x25,0x01,0x00,0x01,0x77,0x01,0x7B,0x01,0x2D,0x03,0x00,
  0x01,0x77,0x01,0x7B,0x01,0x77,0x08,0x00,0x01,0x73,0x01,0x7B,0x04,0x00,0x01,0x2D,
  0x01,0x52,0x03,0x00,0x01,0x7B,0x01,0x25,0x01,0x00,0x01,0x2D,0x01,0x52,0x03,0x00,
  0x01,0x7B,0x01,0x25,0x01,0x00,0x01,0x77,0x01,0x04,0x01,0x29,0x01,0x04,0x07,0x00,
  0x01,0x77,0x01,0x7B,0x01,0x77,0x03,0x00,0x01,0x77,0x01,0x7B,0x01,0x77,0x03,0x00,
  0x01,0x77,0x03,0x7B,0x01,0x53,0x01,0x04,0x02,0x00,0x01,0x77,0x01,0x7B,0x01,0x2D,
  0x03,0x00,0x01,0x53,0x07,0x7B,0x01,0x29,0x05,0x00,0x01,0x77,0x06,0x7B,0x01,0x53,
  0x03,0x00,0x01,0x77,0x01,0x53,0x03,0x00,0x01,0x7B,0x01,0x25,0x04,0x00,0x01,0x77,
  0x06,0x7B,0x01,0x4E,0x03,0x00,0x01,0x77,0x01,0x7B,0x01,0x77,0x03,0x00,0x01,0x52,
  0x01,0x7B,0x01,0x52,0x03,0x00,0x01,0x29,0x01,0x7B,0x01,0x04,0x02,0x00,0x01,0x53,
  0x07,0x7B,0x01,0x29,0x02,0x00,0x01,0x53,0x07,0x7B,0x01,0x29,0x02,0x00,0x01,0x77,
  0x01,0x53,0x03,0x00,0x01,0x7B,0x01,0x25,0x06,0x00,0x01,0x73,0x01,0x7B,0x04,0x00,
  0x01,0x2D,0x01,0x52,0x03,0x00,0x01,0x7B,0x01,0x25,0x55,0x00,0x01,0x77,0x01,0x52,
  0x02,0x00,0x01,0x52,0x01,0x2E,0x03,0x00,0x01,0x77,0x01,0x29,0x01,0x00,0x01,0x52,
  0x01,0x2E,0x03,0x00,0x01,0x77,0x01,0x29,0x01,0x00,0x02,0x77,0x01,0x52,0x01,0x04,
  0x06,0x00,0x01,0x04,0x03,0x29,0x01,0x2E,0x01,0x7B,0x01,0x2D,0x02,0x00,0x01,0x29,
  0x01,0x7B,0x03,0x00,0x01,0x77,0x01,0x29,0x01,0x00,0x01,0x29,0x01,0x77,0x01,0x7B,
  0x01,0x52,0x03,0x00,0x01,0x4E,0x01,0x7B,0x01,0x4E,0x07,0x00,0x01,0x2D,0x01,0x7B,
  0x04,0x00,0x01,0x52,0x01,0x2E,0x03,0x00,0x01,0x77,0x01,0x29,0x01,0x00,0x01,0x52,
  0x01,0x2E,0x03,0x00,0x01,0x77,0x01,0x29,0x01,0x00,0x02,0x77,0x01,0x52,0x01,0x04,
  0x08,0x00,0x01,0x4E,0x01,0x7B,0x01,0x4E,0x03,0x00,0x01,0x4E,0x01,0x7B,0x01,0x4E,
  0x02,0x00,0x03,0x29,0x01,0x2D,0x02,0x77,0x02,0x00,0x01,0x29,0x01,0x77,0x01,0x7B,
  0x01,0x52,0x02,0x00,0x01,0x52,0x01,0x7B,0x05,0x29,0x01,0x53,0x01,0x77,0x05,0x00,
  0x01,0x53,0x01,0x52,0x04,0x29,0x01,0x2E,0x01,0x7B,0x01,0x2D,0x02,0x00,0x01,0x29,
  0x01,0x7B,0x03,0x00,0x01,0x77,0x01,0x29,0x04,0x00,0x01,0x29,0x01,0x53,0x01,0x77,
  0x03,0x29,0x01,0x4E,0x01,0x7B,0x01,0x04,0x03,0x00,0x01,0x4E,0x01,0x7B,0x01,0x4E,
  0x03,0x00,0x01,0x2D,0x01,0x7B,0x01,0x53,0x02,0x00,0x01,0x04,0x01,0x7B,0x03,0x00,
  0x01,0x25,0x01,0x7B,0x01,0x4E,0x04,0x29,0x01,0x77,0x01,0x53,0x02,0x00,0x01,0x52,
  0x01,0x7B,0x05,0x29,0x01,0x53,0x01,0x77,0x02,0x00,0x01,0x29,0x01,0x7B,0x03,0x00,
  0x01,0x77,0x01,0x29,0x06,0x00,0x01,0x2D,0x01,0x7B,0x04,0x00,0x01,0x52,0x01,0x2E,
  0x03,0x00,0x01,0x77,0x01,0x29,0x55,0x00,0x01,0x7B,0x01,0x04,0x02,0x00,0x01,0x77,
  0x01,0x29,0x03,0x00,0x01,0x77,0x01,0x2E,0x01,0x00,0x01,0x77,0x01,0x29,0x03,0x00,
  0x01,0x77,0x01,0x2E,0x01,0x00,0x01,0x25,0x01,0x77,0x01,0x7B,0x01,0x77,0x01,0x25,
  0x0A,0x00,0x01,0x7B,0x04,0x00,0x01,0x77,0x01,0x29,0x02,0x00,0x01,0x52,0x01,0x29,
  0x03,0x00,0x01,0x77,0x01,0x7B,0x04,0x00,0x02,0x52,0x07,0x00,0x01,0x29,0x01,0x7B,
  0x04,0x00,0x01,0x77,0x01,0x29,0x03,0x00,0x01,0x77,0x01,0x2E,0x01,0x00,0x01,0x77,
  0x01,0x29,0x03,0x00,0x01,0x77,0x01,0x2E,0x01,0x00,0x01,0x25,0x01,0x77,0x01,0x7B,
  0x01,0x77,0x01,0x25,0x08,0x00,0x02,0x52,0x04,0x00,0x02,0x52,0x07,0x00,0x01,0x77,
  0x01,0x29,0x03,0x00,0x01,0x77,0x01,0x7B,0x03,0x00,0x01,0x7B,0x05,0x00,0x01,0x29,
  0x01,0x53,0x05,0x00,0x01,0x4E,0x01,0x2E,0x05,0x00,0x02,0x4E,0x03,0x00,0x01,0x77,
  0x01,0x29,0x02,0x00,0x01,0x52,0x01,0x29,0x05,0x00,0x01,0x29,0x01,0x77,0x04,0x00,
  0x01,0x77,0x01,0x25,0x04,0x00,0x02,0x52,0x03,0x00,0x01,0x25,0x01,0x52,0x02,0x77,
  0x01,0x00,0x01,0x04,0x01,0x77,0x04,0x00,0x01,0x7B,0x01,0x04,0x04,0x00,0x01,0x29,
  0x01,0x52,0x03,0x00,0x01,0x7B,0x05,0x00,0x01,0x29,0x01,0x53,0x03,0x00,0x01,0x77,
  0x01,0x29,0x02,0x00,0x01,0x52,0x01,0x29,0x06,0x00,0x01,0x29,0x01,0x7B,0x04,0x00,
  0x01,0x77,0x01,0x29,0x03,0x00,0x01,0x77,0x01,0x2E,0x54,0x00,0x01,0x53,0x01,0x2E,
  0x03,0x00,0x01,0x77,0x01,0x2D,0x03,0x00,0x01,0x77,0x01,0x2E,0x01,0x00,0x01,0x77,
  0x01,0x2D,0x03,0x00,0x01,0x77,0x01,0x2E,0x03,0x00,0x01,0x4E,0x02,0x7B,0x01,0x4E,
  0x09,0x00,0x01,0x7B,0x04,0x00,0x01,0x4E,0x01,0x52,0x02,0x00,0x01,0x4E,0x01,0x25,
  0x03,0x00,0x01,0x4E,0x01,0x52,0x04,0x00,0x01,0x2E,0x01,0x52,0x07,0x00,0x01,0x29,
  0x01,0x7B,0x04,0x00,0x01,0x77,0x01,0x2D,0x03,0x00,0x01,0x77,0x01,0x2E,0x01,0x00,
  0x01,0x77,0x01,0x2D,0x03,0x00,0x01,0x77,0x01,0x2E,0x03,0x00,0x01,0x4E,0x02,0x7B,
  0x01,0x4E,0x07,0x00,0x01,0x29,0x01,0x53,0x04,0x00,0x01,0x2E,0x01,0x52,0x07,0x00,
  0x01,0x52,0x01,0x2E,0x03,0x00,0x01,0x4E,0x01,0x52,0x03,0x00,0x01,0x77,0x01,0x29,
  0x04,0x00,0x01,0x2D,0x01,0x4E,0x05,0x00,0x01,0x4E,0x01,0x2E,0x05,0x00,0x01,0x29,
  0x01,0x52,0x03,0x00,0x01,0x4E,0x01,0x52,0x02,0x00,0x01,0x4E,0x01,0x25,0x06,0x00,
  0x01,0x7B,0x04,0x00,0x01,0x53,0x01,0x29,0x04,0x00,0x01,0x2E,0x01,0x52,0x03,0x00,
  0x01,0x77,0x01,0x00,0x01,0x04,0x02,0x77,0x01,0x52,0x01,0x25,0x04,0x00,0x01,0x7B,
  0x01,0x25,0x04,0x00,0x01,0x2E,0x01,0x29,0x03,0x00,0x01,0x77,0x01,0x29,0x04,0x00,
  0x01,0x2D,0x01,0x4E,0x03,0x00,0x01,0x4E,0x01,0x52,0x02,0x00,0x01,0x4E,0x01,0x25,
  0x06,0x00,0x01,0x29,0x01,0x7B,0x04,0x00,0x01,0x77,0x01,0x2D,0x03,0x00,0x01,0x77,
  0x01,0x2E,0x53,0x00,0x01,0x2E,0x01,0x53,0x04,0x00,0x01,0x53,0x01,0x4E,0x03,0x00,
  0x01,0x77,0x01,0x29,0x01,0x00,0x01,0x53,0x01,0x4E,0x03,0x00,0x01,0x77,0x01,0x29,
  0x03,0x00,0x01,0x29,0x01,0x25,0x01,0x52,0x01,0x7B,0x09,0x00,0x01,0x7B,0x04,0x00,
  0x01,0x05,0x01,0x77,0x02,0x00,0x01,0x52,0x04,0x00,0x01,0x77,0x01,0x04,0x04,0x00,
  0x01,0x29,0x01,0x52,0x07,0x00,0x01,0x29,0x01,0x7B,0x04,0x00,0x01,0x53,0x01,0x4E,
  0x03,0x00,0x01,0x77,0x01,0x29,0x01,0x00,0x01,0x53,0x01,0x4E,0x03,0x00,0x01,0x77,
  0x01,0x29,0x03,0x00,0x01,0x29,0x01,0x25,0x01,0x52,0x01,0x7B,0x07,0x00,0x01,0x29,
  0x01,0x53,0x04,0x00,0x01,0x29,0x01,0x52,0x07,0x00,0x01,0x4E,0x01,0x29,0x03,0x00,
  0x01,0x77,0x01,0x04,0x03,0x00,0x02,0x4E,0x04,0x00,0x01,0x53,0x06,0x00,0x02,0x4E,
  0x05,0x00,0x01,0x29,0x01,0x52,0x03,0x00,0x01,0x05,0x01,0x77,0x02,0x00,0x01,0x52,
  0x07,0x00,0x01,0x77,0x01,0x05,0x03,0x00,0x01,0x52,0x01,0x29,0x04,0x00,0x01,0x29,
  0x01,0x52,0x02,0x00,0x01,0x04,0x01,0x77,0x03,0x00,0x02,0x77,0x05,0x00,0x01,0x77,
  0x01,0x25,0x04,0x00,0x01,0x52,0x04,0x00,0x02,0x4E,0x04,0x00,0x01,0x53,0x04,0x00,
  0x01,0x05,0x01,0x77,0x02,0x00,0x01,0x52,0x07,0x00,0x01,0x29,0x01,0x7B,0x04,0x00,
  0x01,0x53,0x01,0x4E,0x03,0x00,0x01,0x77,0x01,0x29,0x52,0x00,0x01,0x25,0x01,0x7B,
  0x05,0x00,0x01,0x4E,0x01,0x53,0x03,0x00,0x01,0x77,0x02,0x00,0x01,0x4E,0x01,0x53,
  0x03,0x00,0x01,0x77,0x04,0x00,0x01,0x29,0x02,0x04,0x01,0x77,0x09,0x00,0x01,0x7B,
  0x05,0x00,0x01,0x77,0x01,0x29,0x01,0x77,0x01,0x29,0x03,0x00,0x02,0x29,0x05,0x00,
  0x01,0x29,0x01,0x52,0x07,0x00,0x01,0x29,0x01,0x7B,0x04,0x00,0x01,0x4E,0x01,0x53,
  0x03,0x00,0x01,0x77,0x02,0x00,0x01,0x4E,0x01,0x53,0x03,0x00,0x01,0x77,0x04,0x00,
  0x01,0x29,0x02,0x04,0x01,0x77,0x07,0x00,0x01,0x29,0x01,0x77,0x04,0x00,0x01,0x29,
  0x01,0x52,0x07,0x00,0x01,0x52,0x03,0x00,0x02,0x29,0x04,0x00,0x01,0x25,0x01,0x77,
  0x03,0x00,0x01,0x2D,0x01,0x29,0x06,0x00,0x02,0x4E,0x05,0x00,0x01,0x29,0x01,0x52,
  0x04,0x00,0x01,0x77,0x01,0x29,0x01,0x77,0x01,0x29,0x07,0x00,0x01,0x52,0x01,0x29,
  0x03,0x00,0x01,0x52,0x01,0x29,0x04,0x00,0x01,0x29,0x01,0x52,0x02,0x00,0x01,0x29,
  0x01,0x52,0x04,0x00,0x02,0x77,0x04,0x00,0x01,0x77,0x01,0x25,0x03,0x00,0x01,0x2D,
  0x01,0x29,0x04,0x00,0x01,0x25,0x01,0x77,0x03,0x00,0x01,0x2D,0x01,0x29,0x05,0x00,
  0x01,0x77,0x01,0x29,0x01,0x77,0x01,0x29,0x07,0x00,0x01,0x29,0x01,0x7B,0x04,0x00,
  0x01,0x4E,0x01,0x53,0x03,0x00,0x01,0x77,0x53,0x00,0x01,0x77,0x01,0x4E,0x05,0x00,
  0x01,0x04,0x01,0x7B,0x01,0x29,0x01,0x00,0x02,0x29,0x02,0x00,0x01,0x04,0x01,0x7B,
  0x01,0x29,0x01,0x00,0x02,0x29,0x04,0x00,0x01,0x29,0x01,0x05,0x01,0x2E,0x01,0x25,
  0x09,0x00,0x01,0x77,0x01,0x04,0x03,0x00,0x01,0x04,0x02,0x77,0x01,0x29,0x0B,0x00,
  0x01,0x29,0x01,0x52,0x07,0x00,0x01,0x29,0x01,0x7B,0x04,0x00,0x01,0x04,0x01,0x7B,
  0x01,0x29,0x01,0x00,0x02,0x29,0x02,0x00,0x01,0x04,0x01,0x7B,0x01,0x29,0x01,0x00,
  0x02,0x29,0x04,0x00,0x01,0x29,0x01,0x05,0x01,0x2E,0x01,0x25,0x07,0x00,0x01,0x25,
  0x01,0x77,0x04,0x00,0x01,0x29,0x01,0x52,0x02,0x00,0x01,0x05,0x03,0x29,0x01,0x2E,
  0x01,0x29,0x0A,0x00,0x01,0x7B,0x01,0x4E,0x01,0x2E,0x01,0x77,0x01,0x4E,0x07,0x00,
  0x01,0x29,0x01,0x77,0x05,0x29,0x01,0x52,0x01,0x29,0x03,0x00,0x01,0x04,0x02,0x77,
  0x01,0x29,0x06,0x00,0x01,0x04,0x01,0x29,0x01,0x52,0x01,0x04,0x03,0x00,0x01,0x4E,
  0x01,0x29,0x04,0x00,0x01,0x29,0x01,0x52,0x02,0x00,0x01,0x29,0x01,0x77,0x01,0x29,
  0x03,0x00,0x01,0x04,0x01,0x77,0x01,0x53,0x03,0x00,0x01,0x77,0x01,0x25,0x01,0x00,
  0x01,0x2E,0x01,0x77,0x01,0x4E,0x06,0x00,0x01,0x7B,0x01,0x4E,0x01,0x2E,0x01,0x77,
  0x01,0x4E,0x05,0x00,0x01,0x04,0x02,0x77,0x01,0x29,0x08,0x00,0x01,0x29,0x01,0x7B,
  0x04,0x00,0x01,0x04,0x01,0x7B,0x01,0x29,0x01,0x00,0x02,0x29,0x52,0x00,0x01,0x2D,
  0x01,0x7B,0x04,0x77,0x01,0x04,0x02,0x00,0x01,0x29,0x02,0x77,0x01,0x29,0x04,0x00,
  0x01,0x29,0x02,0x77,0x01,0x29,0x03,0x00,0x02,0x77,0x01,0x7B,0x01,0x77,0x01,0x25,
  0x0A,0x00,0x01,0x4E,0x03,0x00,0x01,0x52,0x01,0x7B,0x01,0x4E,0x0D,0x00,0x02,0x29,
  0x05,0x00,0x01,0x52,0x01,0x77,0x02,0x7B,0x01,0x77,0x01,0x53,0x03,0x00,0x01,0x29,
  0x02,0x77,0x01,0x29,0x04,0x00,0x01,0x29,0x02,0x77,0x01,0x29,0x03,0x00,0x02,0x77,
  0x01,0x7B,0x01,0x77,0x01,0x25,0x08,0x00,0x01,0x25,0x01,0x77,0x04,0x00,0x02,0x29,
  0x02,0x00,0x04,0x7B,0x01,0x52,0x0B,0x00,0x01,0x2E,0x01,0x7B,0x01,0x53,0x01,0x29,
  0x09,0x00,0x01,0x77,0x05,0x7B,0x01,0x77,0x03,0x00,0x01,0x52,0x01,0x7B,0x01,0x4E,
  0x08,0x00,0x02,0x7B,0x01,0x77,0x04,0x00,0x01,0x2D,0x05,0x00,0x02,0x29,0x02,0x00,
  0x01,0x4E,0x01,0x7B,0x01,0x4E,0x04,0x00,0x01,0x25,0x01,0x77,0x03,0x00,0x01,0x77,
  0x02,0x25,0x01,0x52,0x01,0x05,0x07,0x00,0x01,0x2E,0x01,0x7B,0x01,0x53,0x01,0x29,
  0x05,0x00,0x01,0x52,0x01,0x7B,0x01,0x4E,0x08,0x00,0x01,0x52,0x01,0x77,0x02,0x7B,
  0x01,0x77,0x01,0x53,0x03,0x00,0x01,0x29,0x02,0x77,0x01,0x29,0x6D,0x00,0x01,0x29,
  0x01,0x25,0x0E,0x00,0x01,0x25,0x01,0x52,0x01,0x04,0x2F,0x00,0x01,0x29,0x01,0x25,
  0x09,0x00,0x01,0x25,0x01,0x77,0x2E,0x00,0x01,0x25,0x01,0x52,0x01,0x04,0x26,0x00,
  0x01,0x73,0x01,0x25,0x12,0x00,0x01,0x25,0x01,0x52,0x01,0x04,0x83,0x00,0x01,0x29,
  0x01,0x25,0x40,0x00,0x01,0x29,0x01,0x25,0x09,0x00,0x01,0x25,0x01,0x77,0x57,0x00,
  0x01,0x53,0x01,0x25,0x98,0x00,0x01,0x29,0x41,0x00,0x01,0x29,0x0A,0x00,0x01,0x04,
  0x01,0x4E,0x57,0x00,0x01,0x52,0xFF,0x00,0xFF,0x00,0xFF,0x00,0xFF,0x00,0xFF,0x00,
  0xFF,0x00,0xFF,0x00,0xFF,0x00,0xFF,0x00,0xFF,0x00,0xFF,0x00,0x2E,0x00,0x01,0x28,
  0x01,0x04,0xFF,0x00,0x26,0x00,0x01,0x04,0x01,0x55,0x01,0x7D,0x01,0x55,0x04,0x00,
  0x01,0x04,0x01,0x55,0x01,0x5D,0x01,0x55,0x04,0x00,0x01,0x04,0x01,0x55,0x01,0x5D,
  0x01,0x55,0x04,0x00,0x01,0x28,0x01,0x59,0x01,0x7D,0x01,0x59,0x01,0x28,0x14,0x00,
  0x01,0x04,0x2D,0x00,0x01,0x04,0x01,0x55,0x01,0x2C,0xDE,0x00,0x01,0x59,0x02,0x00,
  0x01,0x59,0x01,0x55,0x03,0x00,0x01,0x59,0x02,0x00,0x01,0x55,0x01,0x59,0x03,0x00,
  0x01,0x59,0x02,0x00,0x01,0x55,0x01,0x59,0x02,0x00,0x01,0x28,0x01,0x08,0x01,0x2C,
  0x02,0x04,0x14,0x00,0x01,0x28,0x01,0x55,0x09,0x00,0x01,0x55,0x01,0x31,0x05,0x00,
  0x01,0x28,0x09,0x00,0x01,0x51,0x04,0x00,0x01,0x51,0x02,0x00,0x02,0x31,0x08,0x00,
  0x01,0x04,0x02,0x59,0x01,0x51,0xDD,0x00,0x01,0x2C,0x01,0x59,0x02,0x00,0x01,0x2C,
  0x01,0x55,0x02,0x00,0x01,0x2C,0x01,0x51,0x02,0x00,0x01,0x04,0x01,0x7D,0x01,0x08,
  0x01,0x00,0x01,0x2C,0x01,0x51,0x02,0x00,0x01,0x04,0x01,0x7D,0x01,0x08,0x01,0x00,
  0x01,0x59,0x01,0x04,0x01,0x2C,0x01,0x04,0x06,0x00,0x01,0x28,0x01,0x55,0x0D,0x00,
  0x01,0x59,0x06,0x7D,0x01,0x31,0x03,0x00,0x01,0x59,0x01,0x7D,0x01,0x59,0x03,0x00,
  0x01,0x28,0x04,0x7D,0x01,0x5D,0x01,0x31,0x03,0x00,0x01,0x08,0x01,0x7D,0x01,0x2C,
  0x02,0x00,0x01,0x28,0x01,0x7D,0x01,0x04,0x01,0x00,0x01,0x59,0x01,0x7D,0x01,0x59,
  0x01,0x04,0x06,0x00,0x01,0x55,0x01,0x00,0x01,0x31,0x01,0x55,0xDD,0x00,0x01,0x28,
  0x01,0x7D,0x01,0x31,0x01,0x08,0x01,0x59,0x01,0x08,0x02,0x00,0x01,0x55,0x01,0x2C,
  0x03,0x00,0x01,0x59,0x01,0x2C,0x01,0x00,0x01,0x55,0x01,0x2C,0x03,0x00,0x01,0x59,
  0x01,0x2C,0x01,0x00,0x02,0x59,0x01,0x55,0x01,0x04,0x06,0x00,0x01,0x28,0x01,0x55,
  0x0D,0x00,0x01,0x28,0x01,0x55,0x01,0x59,0x03,0x28,0x01,0x31,0x01,0x7D,0x01,0x04,
  0x03,0x00,0x01,0x31,0x01,0x7D,0x01,0x31,0x02,0x00,0x01,0x51,0x01,0x7D,0x03,0x2C,
  0x01,0x31,0x01,0x7D,0x01,0x55,0x03,0x00,0x01,0x55,0x01,0x7D,0x01,0x04,0x01,0x00,
  0x01,0x08,0x01,0x7D,0x01,0x04,0x02,0x00,0x01,0x2C,0x01,0x7D,0x01,0x51,0x05,0x00,
  0x01,0x51,0x01,0x04,0x01,0x00,0x01,0x2C,0x01,0x55,0xDE,0x00,0x01,0x51,0x02,0x7D,
  0x01,0x31,0x03,0x00,0x01,0x59,0x01,0x2C,0x03,0x00,0x01,0x59,0x01,0x2C,0x01,0x00,
  0x01,0x59,0x01,0x2C,0x03,0x00,0x01,0x59,0x01,0x2C,0x01,0x00,0x01,0x08,0x01,0x59,
  0x01,0x7D,0x01,0x59,0x01,0x08,0x03,0x00,0x02,0x59,0x01,0x5D,0x01,0x7D,0x02,0x59,
  0x01,0x28,0x0B,0x00,0x01,0x28,0x01,0x59,0x04,0x00,0x01,0x59,0x01,0x08,0x04,0x00,
  0x01,0x51,0x01,0x55,0x02,0x00,0x01,0x2C,0x01,0x59,0x04,0x00,0x01,0x28,0x01,0x7D,
  0x01,0x04,0x03,0x00,0x01,0x55,0x01,0x59,0x01,0x04,0x01,0x28,0x01,0x55,0x04,0x00,
  0x01,0x31,0x01,0x59,0x05,0x00,0x01,0x59,0x02,0x00,0x01,0x28,0x01,0x55,0xDD,0x00,
  0x01,0x04,0x01,0x59,0x01,0x2C,0x01,0x55,0x01,0x7D,0x01,0x51,0x02,0x00,0x01,0x59,
  0x01,0x2C,0x03,0x00,0x01,0x59,0x01,0x2C,0x01,0x00,0x01,0x59,0x01,0x2C,0x03,0x00,
  0x01,0x59,0x01,0x2C,0x03,0x00,0x01,0x31,0x02,0x7D,0x01,0x31,0x04,0x00,0x01,0x28,
  0x01,0x55,0x08,0x00,0x02,0x55,0x05,0x00,0x01,0x7D,0x04,0x00,0x01,0x55,0x01,0x28,
  0x04,0x00,0x01,0x2C,0x01,0x55,0x02,0x00,0x01,0x08,0x01,0x7D,0x05,0x00,0x01,0x59,
  0x01,0x2C,0x04,0x00,0x01,0x55,0x01,0x7D,0x01,0x59,0x01,0x04,0x04,0x00,0x01,0x04,
  0x01,0x59,0x04,0x00,0x01,0x04,0x01,0x5D,0x02,0x59,0x02,0x7D,0x01,0x59,0x01,0x28,
  0xDB,0x00,0x01,0x59,0x01,0x2C,0x02,0x00,0x01,0x2C,0x01,0x7D,0x01,0x04,0x01,0x00,
  0x01,0x55,0x01,0x31,0x03,0x00,0x01,0x59,0x01,0x28,0x01,0x00,0x01,0x55,0x01,0x31,
  0x03,0x00,0x01,0x59,0x01,0x28,0x03,0x00,0x01,0x28,0x01,0x08,0x01,0x55,0x01,0x7D,
  0x04,0x00,0x01,0x28,0x01,0x55,0x08,0x00,0x01,0x28,0x01,0x2C,0x05,0x00,0x01,0x59,
  0x01,0x04,0x03,0x00,0x01,0x55,0x01,0x28,0x04,0x00,0x01,0x2C,0x01,0x55,0x02,0x00,
  0x01,0x04,0x01,0x7D,0x05,0x00,0x01,0x55,0x01,0x31,0x05,0x00,0x01,0x51,0x01,0x7D,
  0x01,0x28,0x04,0x00,0x01,0x04,0x01,0x59,0x08,0x00,0x01,0x28,0x01,0x59,0xDD,0x00,
  0x01,0x7D,0x01,0x28,0x03,0x00,0x01,0x7D,0x01,0x04,0x01,0x00,0x01,0x31,0x01,0x55,
  0x03,0x00,0x01,0x5D,0x02,0x00,0x01,0x31,0x01,0x55,0x03,0x00,0x01,0x5D,0x04,0x00,
  0x01,0x28,0x02,0x04,0x01,0x59,0x04,0x00,0x01,0x28,0x01,0x55,0x0F,0x00,0x01,0x51,
  0x01,0x28,0x03,0x00,0x01,0x51,0x01,0x2C,0x04,0x00,0x01,0x2C,0x01,0x55,0x02,0x00,
  0x01,0x04,0x01,0x7D,0x05,0x00,0x01,0x2D,0x01,0x31,0x06,0x00,0x01,0x31,0x01,0x7D,
  0x01,0x04,0x03,0x00,0x01,0x04,0x01,0x59,0x08,0x00,0x01,0x08,0x01,0x59,0xDD,0x00,
  0x01,0x31,0x01,0x59,0x01,0x04,0x01,0x00,0x01,0x28,0x01,0x31,0x02,0x00,0x01,0x04,
  0x01,0x7D,0x01,0x28,0x01,0x00,0x01,0x28,0x01,0x2C,0x02,0x00,0x01,0x04,0x01,0x7D,
  0x01,0x28,0x01,0x00,0x01,0x28,0x01,0x2C,0x02,0x00,0x01,0x04,0x01,0x00,0x01,0x28,
  0x01,0x04,0x01,0x2C,0x01,0x08,0x0E,0x00,0x01,0x28,0x01,0x08,0x03,0x00,0x01,0x04,
  0x01,0x28,0x01,0x55,0x01,0x04,0x03,0x00,0x01,0x31,0x01,0x28,0x04,0x00,0x01,0x2C,
  0x01,0x55,0x03,0x00,0x01,0x7D,0x05,0x00,0x01,0x2C,0x01,0x31,0x02,0x00,0x01,0x08,
  0x04,0x2C,0x01,0x7D,0x01,0x08,0x01,0x00,0x01,0x28,0x01,0x2C,0x02,0x31,0x08,0x00,
  0x01,0x08,0x01,0x55,0xDE,0x00,0x01,0x31,0x02,0x59,0x01,0x2C,0x04,0x00,0x01,0x28,
  0x02,0x59,0x01,0x2C,0x04,0x00,0x01,0x28,0x02,0x59,0x01,0x2C,0x03,0x00,0x01,0x59,
  0x02,0x7D,0x01,0x59,0x01,0x08,0x0F,0x00,0x01,0x55,0x01,0x59,0x03,0x00,0x02,0x7D,
  0x01,0x59,0x04,0x00,0x01,0x2C,0x05,0x00,0x01,0x28,0x01,0x2C,0x03,0x00,0x01,0x55,
  0x05,0x00,0x01,0x28,0x01,0x2C,0x01,0x00,0x01,0x04,0x05,0x7D,0x01,0x55,0x01,0x00,
  0x01,0x04,0x02,0x7D,0x01,0x5D,0x09,0x00,0x02,0x08,0xF7,0x00,0x01,0x28,0x01,0x08,
  0x27,0x00,0x01,0x04,0x05,0x00,0x01,0x04,0xFF,0x00,0x11,0x00,0x01,0x2C,0x01,0x08,
  0xFF,0x00,0x3F,0x00,0x01,0x28,0xFF,0x00,0xFF,0x00,0xFF,0x00,0xFF,0x00,0xFF,0x00,
  0xFF,0x00,0xFF,0x00,0xFF,0x00,0xFF,0x00,0xFF,0x00,0xFF,0x00,0x3E,0x00,0x01,0x44,
  0x01,0x20,0xFF,0x00,0x29,0x00,0x01,0x84,0x01,0x20,0x03,0x00,0x01,0x20,0x01,0xA9,
  0x01,0xE9,0x01,0xA9,0x04,0x00,0x01,0x20,0x01,0xA9,0x01,0xE9,0x01,0xA9,0x04,0x00,
  0x01,0x44,0x01,0xC9,0x01,0xED,0x01,0xE9,0x01,0x44,0x12,0x00,0x01,0x20,0x3D,0x00,
  0x01,0x84,0x01,0x20,0xD3,0x00,0x01,0xA9,0x01,0x20,0x04,0x00,0x01,0xC9,0x02,0x00,
  0x01,0xA9,0x01,0xC9,0x03,0x00,0x01,0xC9,0x02,0x00,0x01,0xA9,0x01,0xC9,0x02,0x00,
  0x01,0x44,0x01,0x40,0x01,0x64,0x02,0x20,0x12,0x00,0x01,0x44,0x01,0xA9,0x09,0x00,
  0x01,0xA9,0x01,0x84,0x04,0x00,0x01,0x64,0x03,0x00,0x01,0x84,0x04,0x00,0x01,0x64,
  0x0A,0x00,0x01,0x20,0x01,0xC9,0x01,0x64,0x06,0x00,0x01,0x64,0x0F,0x00,0x01,0xA9,
  0x01,0x20,0xD3,0x00,0x01,0x84,0x01,0x40,0x04,0x00,0x01,0x64,0x01,0xA9,0x02,0x00,
  0x01,0x20,0x01,0xED,0x01,0x40,0x01,0x00,0x01,0x64,0x01,0xA9,0x02,0x00,0x01,0x20,
  0x01,0xED,0x01,0x40,0x01,0x00,0x01,0xC9,0x01,0x20,0x01,0x64,0x01,0x20,0x13,0x00,
  0x01,0xC9,0x06,0xED,0x01,0x84,0x03,0x00,0x01,0xC9,0x01,0xED,0x01,0xC9,0x02,0x00,
  0x01,0x20,0x06,0xED,0x01,0x20,0x01,0x00,0x01,0xC9,0x07,0xED,0x01,0x64,0x02,0x00,
  0x01,0x20,0x02,0xA9,0x01,0xED,0x01,0xE9,0x01,0x40,0x03,0x00,0x01,0xA9,0x05,0xED,
  0x01,0xE9,0x01,0x64,0x08,0x00,0x01,0x84,0x01,0x40,0xD3,0x00,0x01,0x44,0x03,0xC9,
  0x01,0x44,0x02,0x00,0x01,0xA9,0x01,0x64,0x03,0x00,0x01,0xE9,0x01,0x64,0x01,0x00,
  0x01,0xA9,0x01,0x64,0x03,0x00,0x01,0xE9,0x01,0x64,0x01,0x00,0x01,0xE9,0x01,0xC9,
  0x01,0xA9,0x01,0x20,0x13,0x00,0x01,0x44,0x01,0xA9,0x01,0xC9,0x03,0x44,0x01,0x84,
  0x01,0xED,0x01,0x20,0x03,0x00,0x01,0x84,0x01,0xED,0x01,0x84,0x01,0x00,0x01,0x20,
  0x03,0x64,0x01,0x84,0x01,0xED,0x01,0x64,0x02,0x00,0x01,0x89,0x01,0xED,0x05,0x64,
  0x02,0xC9,0x02,0x00,0x01,0xA9,0x01,0x20,0x01,0x00,0x01,0x20,0x01,0xC9,0x01,0xE9,
  0x03,0x00,0x06,0x64,0x01,0xA9,0x01,0xED,0x07,0x00,0x01,0x44,0x03,0xC9,0x01,0x44,
  0xD1,0x00,0x01,0xC9,0x01,0x20,0x01,0x00,0x01,0x84,0x01,0xED,0x01,0x20,0x01,0x00,
  0x01,0xC9,0x01,0x64,0x03,0x00,0x01,0xC9,0x01,0x84,0x01,0x00,0x01,0xC9,0x01,0x64,
  0x03,0x00,0x01,0xC9,0x01,0x84,0x01,0x00,0x01,0x40,0x01,0xE9,0x01,0xED,0x01,0xC9,
  0x01,0x40,0x13,0x00,0x01,0x44,0x01,0xE9,0x04,0x00,0x01,0xC9,0x01,0x40,0x04,0x00,
  0x02,0xA9,0x06,0x00,0x01,0xED,0x04,0x00,0x01,0xED,0x01,0x20,0x04,0x00,0x01,0x64,
  0x01,0xC9,0x02,0x00,0x01,0xED,0x01,0x40,0x03,0x00,0x01,0xED,0x01,0x20,0x03,0x00,
  0x01,0x44,0x05,0x00,0x01,0xED,0x01,0x20,0x06,0x00,0x01,0xC9,0x01,0x20,0x01,0x00,
  0x01,0x84,0x01,0xED,0x01,0x20,0xCF,0x00,0x01,0x84,0x01,0x64,0x03,0x00,0x01,0xC9,
  0x01,0x64,0x01,0x00,0x01,0xC9,0x01,0x64,0x03,0x00,0x01,0xC9,0x01,0x64,0x01,0x00,
  0x01,0xC9,0x01,0x64,0x03,0x00,0x01,0xC9,0x01,0x64,0x03,0x00,0x01,0x84,0x02,0xED,
  0x01,0x84,0x02,0x00,0x01,0xC9,0x02,0xE9,0x01,0xC9,0x01,0x20,0x05,0x00,0x02,0xA9,
  0x05,0x00,0x01,0xED,0x04,0x00,0x01,0xA9,0x01,0x44,0x04,0x00,0x01,0x64,0x01,0xA9,
  0x06,0x00,0x01,0xED,0x04,0x00,0x01,0xC9,0x01,0x44,0x04,0x00,0x01,0x64,0x01,0x84,
  0x02,0x00,0x01,0xA9,0x01,0xED,0x01,0x44,0x02,0x00,0x01,0xC9,0x01,0x40,0x03,0x00,
  0x01,0xED,0x05,0x00,0x01,0xE9,0x01,0x20,0x05,0x00,0x01,0x84,0x01,0x64,0x03,0x00,
  0x01,0xC9,0x01,0x64,0xCF,0x00,0x01,0xE9,0x01,0x40,0x03,0x00,0x01,0xA9,0x01,0x84,
  0x01,0x00,0x01,0xC9,0x01,0x84,0x03,0x00,0x01,0xE9,0x01,0x44,0x01,0x00,0x01,0xC9,
  0x01,0x84,0x03,0x00,0x01,0xE9,0x01,0x44,0x03,0x00,0x01,0x44,0x01,0x40,0x01,0xA9,
  0x01,0xED,0x0C,0x00,0x01,0x44,0x01,0x64,0x05,0x00,0x01,0xC9,0x01,0x40,0x03,0x00,
  0x01,0xA9,0x01,0x64,0x04,0x00,0x01,0x64,0x01,0xA9,0x06,0x00,0x01,0xED,0x04,0x00,
  0x02,0x84,0x04,0x00,0x01,0xA9,0x04,0x00,0x01,0x64,0x03,0x00,0x01,0xA9,0x01,0x40,
  0x03,0x00,0x01,0xED,0x05,0x00,0x01,0xC9,0x01,0x40,0x05,0x00,0x01,0xE9,0x01,0x40,
  0x03,0x00,0x01,0xA9,0x01,0x84,0xCF,0x00,0x01,0xED,0x01,0x64,0x03,0x00,0x01,0xC9,
  0x01,0x40,0x01,0x00,0x01,0x84,0x01,0xC9,0x03,0x00,0x01,0xE9,0x02,0x00,0x01,0x84,
  0x01,0xC9,0x03,0x00,0x01,0xE9,0x04,0x00,0x01,0x44,0x02,0x20,0x01,0xC9,0x13,0x00,
  0x01,0xA9,0x01,0x44,0x03,0x00,0x01,0xA9,0x01,0x64,0x04,0x00,0x01,0x64,0x01,0xA9,
  0x06,0x00,0x01,0xED,0x01,0x20,0x03,0x00,0x01,0x40,0x01,0xC9,0x03,0x00,0x02,0x64,
  0x08,0x00,0x01,0xA9,0x01,0x40,0x03,0x00,0x01,0xED,0x05,0x00,0x01,0xC9,0x01,0x40,
  0x05,0x00,0x01,0xED,0x01,0x64,0x03,0x00,0x01,0xC9,0x01,0x40,0xCF,0x00,0x01,0x84,
  0x01,0xED,0x01,0x20,0x01,0x00,0x01,0x44,0x01,0x84,0x02,0x00,0x01,0x20,0x01,0xED,
  0x01,0x44,0x01,0x00,0x01,0x44,0x01,0x64,0x02,0x00,0x01,0x20,0x01,0xED,0x01,0x44,
  0x01,0x00,0x01,0x44,0x01,0x64,0x02,0x00,0x01,0x20,0x01,0x00,0x01,0x44,0x01,0x40,
  0x01,0x84,0x01,0x40,0x0C,0x00,0x01,0x44,0x01,0x40,0x03,0x00,0x01,0x20,0x01,0x44,
  0x01,0xA9,0x01,0x20,0x03,0x00,0x01,0x84,0x01,0x44,0x04,0x00,0x01,0x64,0x01,0xA9,
  0x06,0x00,0x01,0xE9,0x01,0x20,0x04,0x00,0x01,0xED,0x01,0x84,0x01,0x64,0x01,0xC9,
  0x01,0x84,0x04,0x00,0x01,0x40,0x04,0x64,0x01,0xC9,0x04,0x00,0x01,0xED,0x05,0x00,
  0x01,0xA9,0x01,0x40,0x05,0x00,0x01,0x84,0x01,0xED,0x01,0x20,0x01,0x00,0x01,0x44,
  0x01,0x84,0xD1,0x00,0x01,0x84,0x01,0xE9,0x01,0xC9,0x01,0x64,0x04,0x00,0x01,0x64,
  0x01,0xE9,0x01,0xC9,0x01,0x64,0x04,0x00,0x01,0x64,0x01,0xE9,0x01,0xC9,0x01,0x64,
  0x03,0x00,0x01,0xC9,0x02,0xED,0x01,0xC9,0x01,0x40,0x0D,0x00,0x02,0xC9,0x03,0x00,
  0x02,0xED,0x01,0xC9,0x04,0x00,0x01,0x64,0x05,0x00,0x02,0x64,0x06,0x00,0x01,0x84,
  0x05,0x00,0x01,0x64,0x01,0xED,0x01,0xC9,0x01,0x44,0x04,0x00,0x01,0x20,0x05,0xED,
  0x01,0x84,0x04,0x00,0x01,0x84,0x05,0x00,0x01,0x84,0x07,0x00,0x01,0x84,0x01,0xE9,
  0x01,0xC9,0x01,0x64,0xEB,0x00,0x01,0x64,0x01,0x40,0x0F,0x00,0x01,0x20,0xFF,0x00,
  0x2F,0x00,0x01,0x64,0x01,0x40,0xFF,0x00,0x3F,0x00,0x01,0x44,0xFF,0x00,0xFF,0x00,
  0xFF,0x00,0xFF,0x00,0xFF,0x00,0xFF,0x00,0xFF,0x00,0xFF,0x00,0xFF,0x00,0xFF,0x00,
  0xFF,0x00,0x65,0x00,0x01,0x68,0x01,0x24,0xFF,0x00,0x26,0x00,0x01,0xB1,0x01,0xFA,
  0x01,0xD5,0x01,0x68,0x04,0x00,0x01,0x20,0x01,0xD5,0x01,0xFA,0x01,0xB1,0x04,0x00,
  0x01,0x20,0x01,0xD5,0x01,0xFA,0x01,0xB1,0x04,0x00,0x01,0x48,0x01,0xD5,0x02,0xFA,
  0x01,0x68,0x1C,0x00,0x01,0x24,0x03,0x00,0x01,0x44,0xC5,0x00,0x01,0x44,0x01,0x24,
  0x05,0x00,0x01,0xB5,0x09,0x00,0x01,0xB1,0x01,0x91,0x08,0x00,0x01,0x48,0x09,0x00,
  0x01,0xB1,0x01,0x91,0x04,0x00,0x01,0xB1,0x01,0x91,0x04,0x00,0x01,0x48,0x01,0x24,
  0x0A,0x00,0x01,0x8D,0x01,0xB1,0x02,0xFA,0x01,0x68,0x03,0x00,0x01,0xD5,0x02,0x00,
  0x01,0xB1,0x01,0xD5,0x03,0x00,0x01,0xD5,0x02,0x00,0x01,0xB1,0x01,0xD5,0x02,0x00,
  0x02,0x48,0x01,0x6D,0x02,0x24,0x14,0x00,0x01,0x44,0x01,0x24,0x07,0x00,0x01,0xF9,
  0x01,0x44,0x01,0x00,0x01,0x6D,0x01,0xB5,0x03,0x00,0x01,0x68,0x0A,0x00,0x01,0x6D,
  0xB6,0x00,0x02,0xFA,0x01,0x6D,0x03,0x00,0x01,0xB5,0x07,0xFA,0x01,0x68,0x02,0x00,
  0x01,0xD5,0x01,0xFA,0x01,0xF9,0x01,0x24,0x05,0x00,0x01,0x48,0x05,0xFA,0x01,0x91,
  0x04,0x00,0x01,0xD5,0x01,0xFA,0x01,0xD5,0x03,0x00,0x01,0xD5,0x01,0xFA,0x01,0xD5,
  0x03,0x00,0x04,0xFA,0x01,0xB1,0x09,0x00,0x01,0x24,0x01,0xFA,0x01,0xD5,0x02,0x00,
  0x01,0x6D,0x01,0xB1,0x02,0x00,0x01,0x20,0x01,0xFA,0x01,0x44,0x01,0x00,0x01,0x6D,
  0x01,0xB1,0x02,0x00,0x01,0x20,0x01,0xFA,0x01,0x44,0x01,0x00,0x01,0xD9,0x01,0x24,
  0x01,0x6C,0x01,0x24,0x06,0x00,0x01,0x48,0x01,0xB1,0x0D,0x00,0x04,0xFA,0x01,0xB5,
  0x01,0x24,0x03,0x00,0x01,0xFA,0x01,0x24,0x01,0x00,0x01,0x91,0x01,0xB5,0x02,0x00,
  0x01,0xB5,0x06,0xFA,0x01,0x68,0x03,0x00,0x01,0xD5,0x07,0xFA,0x01,0x6D,0xAF,0x00,
  0x01,0x68,0x02,0xFA,0x01,0xB1,0x02,0x00,0x01,0x44,0x01,0xFA,0x01,0x8D,0x04,0x68,
  0x02,0xD5,0x03,0x00,0x01,0x6D,0x01,0xFA,0x01,0xB1,0x05,0x00,0x01,0xB1,0x01,0xFA,
  0x03,0x68,0x01,0x91,0x01,0xFA,0x01,0xB1,0x04,0x00,0x01,0x8D,0x01,0xFA,0x01,0x8D,
  0x03,0x00,0x01,0x8D,0x01,0xFA,0x01,0x8D,0x01,0x00,0x01,0x24,0x03,0x68,0x01,0x8D,
  0x01,0xFA,0x01,0xB1,0x09,0x00,0x01,0xD5,0x01,0xB1,0x02,0x00,0x01,0xB5,0x01,0x6D,
  0x03,0x00,0x01,0xFA,0x01,0x6C,0x01,0x00,0x01,0xB5,0x01,0x6D,0x03,0x00,0x01,0xFA,
  0x01,0x6C,0x01,0x00,0x01,0xFA,0x01,0xD9,0x01,0xB1,0x01,0x24,0x06,0x00,0x01,0x48,
  0x01,0xB1,0x0C,0x00,0x01,0x20,0x03,0x68,0x01,0x6D,0x01,0xF9,0x01,0xFA,0x03,0x00,
  0x01,0xFA,0x02,0x00,0x01,0x6D,0x01,0x91,0x02,0x00,0x06,0x68,0x01,0xB1,0x01,0xFA,
  0x03,0x00,0x01,0xB1,0x01,0xFA,0x05,0x68,0x02,0xD5,0xB1,0x00,0x01,0xD5,0x01,0xFA,
  0x03,0x00,0x01,0xFA,0x01,0x24,0x04,0x00,0x01,0x6D,0x01,0xB1,0x04,0x00,0x01,0x8D,
  0x01,0xD5,0x05,0x00,0x01,0x6C,0x01,0xFA,0x04,0x00,0x01,0x48,0x01,0xFA,0x01,0x24,
  0x04,0x00,0x02,0xB1,0x04,0x00,0x02,0xB1,0x06,0x00,0x01,0x48,0x01,0xFA,0x08,0x00,
  0x01,0x24,0x01,0xFA,0x01,0x24,0x02,0x00,0x01,0xD5,0x01,0x6C,0x03,0x00,0x01,0xD5,
  0x01,0x8D,0x01,0x00,0x01,0xD5,0x01,0x6C,0x03,0x00,0x01,0xD5,0x01,0x8D,0x01,0x00,
  0x01,0x48,0x02,0xFA,0x01,0xD5,0x01,0x44,0x03,0x00,0x02,0xF9,0x02,0xFA,0x02,0xF9,
  0x01,0x68,0x0E,0x00,0x01,0x24,0x01,0xFA,0x01,0x68,0x02,0x00,0x01,0xD5,0x02,0x00,
  0x01,0x48,0x01,0x6C,0x03,0x00,0x01,0x48,0x05,0x00,0x01,0xFA,0x01,0x24,0x03,0x00,
  0x01,0xFA,0x01,0x24,0x04,0x00,0x01,0x68,0x01,0xD5,0xB1,0x00,0x01,0x8D,0x01,0xB5,
  0x03,0x00,0x01,0xFA,0x01,0x44,0x04,0x00,0x01,0x8D,0x01,0x68,0x04,0x00,0x01,0x44,
  0x01,0xF9,0x05,0x00,0x01,0x48,0x01,0xFA,0x05,0x00,0x01,0xD5,0x01,0x68,0x04,0x00,
  0x01,0x6D,0x01,0xB1,0x04,0x00,0x01,0x6D,0x01,0xB1,0x07,0x00,0x01,0xFA,0x01,0x24,
  0x07,0x00,0x01,0xD5,0x01,0x8D,0x03,0x00,0x01,0xD5,0x01,0x6D,0x03,0x00,0x01,0xD5,
  0x01,0x6D,0x01,0x00,0x01,0xD5,0x01,0x6D,0x03,0x00,0x01,0xD5,0x01,0x6D,0x03,0x00,
  0x01,0x91,0x02,0xFA,0x01,0x8D,0x04,0x00,0x01,0x48,0x01,0xB1,0x08,0x00,0x01,0xB5,
  0x01,0xD5,0x08,0x00,0x01,0xB1,0x01,0x8D,0x02,0x00,0x01,0x6C,0x02,0x00,0x01,0x24,
  0x01,0x44,0x03,0x00,0x01,0xFA,0x05,0x00,0x01,0xF9,0x01,0x24,0x03,0x00,0x01,0xD5,
  0x01,0x48,0x04,0x00,0x01,0x6D,0x01,0x8D,0xB1,0x00,0x01,0xD9,0x01,0x24,0x03,0x00,
  0x01,0xF9,0x01,0x44,0x04,0x00,0x01,0xB1,0x05,0x00,0x01,0x24,0x01,0xFA,0x05,0x00,
  0x01,0x24,0x01,0xFA,0x05,0x00,0x01,0xB1,0x01,0x8D,0x04,0x00,0x01,0x6D,0x01,0xB1,
  0x04,0x00,0x01,0x6D,0x01,0xB1,0x07,0x00,0x01,0xF9,0x01,0x44,0x06,0x00,0x01,0x8D,
  0x01,0xD5,0x04,0x00,0x01,0xD5,0x01,0x91,0x03,0x00,0x01,0xF9,0x01,0x48,0x01,0x00,
  0x01,0xD5,0x01,0x91,0x03,0x00,0x01,0xF9,0x01,0x48,0x03,0x00,0x02,0x48,0x01,0xB5,
  0x01,0xFA,0x04,0x00,0x01,0x48,0x01,0xB1,0x08,0x00,0x01,0x48,0x01,0x6D,0x08,0x00,
  0x01,0x91,0x01,0x68,0x0A,0x00,0x01,0xFA,0x05,0x00,0x01,0xD5,0x01,0x44,0x03,0x00,
  0x02,0x91,0x04,0x00,0x01,0xD5,0xB1,0x00,0x02,0x48,0x04,0x00,0x01,0xD5,0x01,0x44,
  0x03,0x00,0x01,0x6D,0x01,0x48,0x05,0x00,0x01,0x24,0x01,0xF9,0x05,0x00,0x01,0x24,
  0x01,0xFA,0x05,0x00,0x01,0x8D,0x01,0x91,0x04,0x00,0x01,0x68,0x01,0xB1,0x04,0x00,
  0x01,0x68,0x01,0xB1,0x07,0x00,0x01,0xD5,0x01,0x48,0x05,0x00,0x01,0x44,0x01,0xFA,
  0x01,0x24,0x04,0x00,0x01,0x91,0x01,0xD5,0x03,0x00,0x01,0xFA,0x02,0x00,0x01,0x91,
  0x01,0xD5,0x03,0x00,0x01,0xFA,0x04,0x00,0x01,0x48,0x02,0x24,0x01,0xF9,0x04,0x00,
  0x01,0x48,0x01,0xB1,0x12,0x00,0x01,0xB1,0x0B,0x00,0x01,0xFA,0x05,0x00,0x01,0xD5,
  0x01,0x48,0x03,0x00,0x01,0x48,0x01,0xD9,0x03,0x00,0x02,0x6D,0xB7,0x00,0x01,0xD5,
  0x01,0x44,0x01,0x00,0x01,0x8D,0x01,0xD9,0x01,0x8D,0x04,0x00,0x01,0x48,0x01,0x68,
  0x01,0x8D,0x01,0x91,0x06,0x00,0x01,0xFA,0x05,0x00,0x01,0x6C,0x01,0x91,0x04,0x00,
  0x01,0x68,0x01,0xB1,0x04,0x00,0x01,0x68,0x01,0xB1,0x07,0x00,0x01,0xD5,0x01,0x48,
  0x05,0x00,0x01,0xF9,0x01,0x91,0x05,0x00,0x01,0x24,0x01,0xFA,0x01,0x48,0x01,0x00,
  0x01,0x68,0x01,0x6C,0x02,0x00,0x01,0x24,0x01,0xFA,0x01,0x48,0x01,0x00,0x01,0x68,
  0x01,0x6C,0x02,0x00,0x01,0x24,0x01,0x00,0x01,0x48,0x01,0x44,0x01,0x8D,0x01,0x48,
  0x0E,0x00,0x01,0x48,0x01,0x44,0x03,0x00,0x01,0x44,0x03,0x68,0x01,0x8D,0x01,0x6D,
  0x0B,0x00,0x01,0xFA,0x05,0x00,0x01,0xB5,0x01,0x48,0x04,0x00,0x01,0xFA,0x01,0x91,
  0x01,0x8D,0x01,0xD5,0x01,0x8D,0xB8,0x00,0x01,0xD5,0x01,0x44,0x01,0x48,0x01,0xB5,
  0x01,0x44,0x04,0x00,0x01,0x44,0x03,0xFA,0x01,0x20,0x06,0x00,0x01,0xD5,0x05,0x00,
  0x01,0x48,0x01,0x6D,0x04,0x00,0x01,0x68,0x01,0x6D,0x04,0x00,0x01,0x68,0x01,0x6D,
  0x07,0x00,0x01,0x8D,0x05,0x00,0x01,0x6D,0x02,0xFA,0x02,0xF9,0x01,0xD5,0x01,0x24,
  0x02,0x00,0x01,0x68,0x02,0xF9,0x01,0x6D,0x04,0x00,0x01,0x68,0x02,0xF9,0x01,0x6D,
  0x03,0x00,0x01,0xD5,0x02,0xFA,0x01,0xD5,0x01,0x48,0x0F,0x00,0x02,0xD5,0x02,0x00,
  0x01,0x24,0x04,0xFA,0x01,0xB1,0x0C,0x00,0x01,0x91,0x05,0x00,0x01,0x8D,0x05,0x00,
  0x01,0x8D,0x01,0xFA,0x01,0xD5,0x01,0x48,0xB9,0x00,0x01,0xD5,0x01,0x44,0x12,0x00,
  0x01,0x24,0x05,0x00,0x01,0x24,0x34,0x00,0x01,0x68,0x01,0x48,0x11,0x00,0x01,0x20,
  0xDD,0x00,0x01,0xD5,0x01,0x44,0x4D,0x00,0x01,0x68,0x01,0x48,0xEF,0x00,0x01,0xB1,
  0x4E,0x00,0x01,0x48,0xFF,0x00,0xFF,0x00,0xFF,0x00,0xFF,0x00,0xFF,0x00,0xFF,0x00,
  0xFF,0x00,0xFF,0x00,0xFF,0x00,0xFF,0x00,0xFF,0x00,0x3C,0x00,0x01,0x04,0x01,0x55,
  0xFF,0x00,0x3F,0x00,0x01,0x28,0x01,0x5D,0x1F,0x00,0x01,0x24,0x01,0x55,0x01,0x31,
  0x04,0x00,0x01,0x04,0x01,0x55,0x01,0x7D,0x01,0x55,0x01,0x04,0x02,0x00,0x01,0x04,
  0x01,0x55,0x01,0x5D,0x01,0x28,0x01,0x00,0x02,0x2C,0xC9,0x00,0x01,0x2C,0x09,0x00,
  0x01,0x55,0x01,0x51,0x04,0x00,0x01,0x55,0x01,0x51,0x04,0x00,0x01,0x28,0x01,0x24,
  0x14,0x00,0x01,0x04,0x01,0x2D,0x0A,0x00,0x01,0x2C,0x08,0x00,0x01,0x24,0x01,0x7D,
  0x07,0x00,0x01,0x55,0x04,0x00,0x01,0x55,0x02,0x00,0x01,0x04,0x01,0x2D,0x0D,0x00,
  0x01,0x28,0x02,0x59,0x01,0x55,0x03,0x00,0x01,0x04,0x01,0x59,0x02,0x04,0x01,0x55,
  0x01,0x59,0x02,0x00,0x01,0x59,0x01,0x00,0x01,0x2D,0x01,0x55,0x01,0x04,0x01,0x59,
  0x05,0x00,0x01,0x28,0x01,0x51,0x09,0x00,0x01,0x59,0x01,0x55,0x01,0x04,0xB6,0x00,
  0x01,0x28,0x04,0x7D,0x01,0x5D,0x01,0x51,0x03,0x00,0x01,0x04,0x01,0x59,0x01,0x7D,
  0x01,0x59,0x01,0x04,0x01,0x00,0x01,0x04,0x01,0x59,0x01,0x7D,0x01,0x59,0x01,0x04,
  0x01,0x00,0x01,0x04,0x01,0x5D,0x03,0x7D,0x01,0x55,0x01,0x04,0x10,0x00,0x01,0x55,
  0x05,0x7D,0x01,0x5D,0x01,0x2D,0x03,0x00,0x01,0x28,0x04,0x7D,0x01,0x5D,0x01,0x51,
  0x03,0x00,0x01,0x04,0x05,0x7D,0x01,0x59,0x01,0x04,0x01,0x28,0x01,0x7D,0x01,0x2D,
  0x02,0x00,0x01,0x2C,0x01,0x7D,0x01,0x28,0x01,0x00,0x01,0x55,0x05,0x7D,0x01,0x5D,
  0x01,0x2D,0x06,0x00,0x01,0x04,0x01,0x55,0x01,0x04,0x01,0x51,0x01,0x55,0x03,0x00,
  0x01,0x2D,0x01,0x55,0x02,0x00,0x01,0x04,0x01,0x7D,0x01,0x28,0x01,0x00,0x01,0x7D,
  0x01,0x24,0x02,0x2D,0x01,0x51,0x01,0x28,0x04,0x00,0x01,0x04,0x01,0x5D,0x06,0x7D,
  0x01,0x55,0x01,0x04,0x01,0x00,0x01,0x04,0x01,0x55,0x01,0x7D,0x01,0x59,0xB6,0x00,
  0x01,0x55,0x01,0x7D,0x03,0x2D,0x01,0x51,0x01,0x7D,0x01,0x55,0x04,0x00,0x01,0x31,
  0x01,0x7D,0x01,0x51,0x03,0x00,0x01,0x31,0x01,0x7D,0x01,0x51,0x01,0x00,0x01,0x24,
  0x03,0x2D,0x01,0x31,0x01,0x7D,0x01,0x55,0x05,0x00,0x06,0x59,0x01,0x2D,0x04,0x00,
  0x06,0x2D,0x01,0x55,0x01,0x7D,0x03,0x00,0x01,0x55,0x01,0x7D,0x03,0x2D,0x01,0x51,
  0x01,0x7D,0x01,0x55,0x03,0x00,0x01,0x28,0x04,0x2D,0x01,0x7D,0x01,0x2C,0x01,0x00,
  0x01,0x55,0x01,0x7D,0x01,0x28,0x01,0x00,0x01,0x28,0x01,0x7D,0x01,0x24,0x01,0x00,
  0x06,0x2D,0x01,0x55,0x01,0x7D,0x06,0x00,0x01,0x55,0x01,0x28,0x01,0x00,0x01,0x2D,
  0x01,0x55,0x03,0x00,0x01,0x55,0x01,0x31,0x03,0x00,0x01,0x59,0x01,0x2D,0x01,0x00,
  0x01,0x2D,0x01,0x59,0x01,0x51,0x01,0x24,0x01,0x51,0x06,0x00,0x02,0x55,0x04,0x2D,
  0x01,0x31,0x01,0x7D,0x01,0x31,0x03,0x00,0x01,0x28,0x01,0x7D,0x01,0x28,0xB5,0x00,
  0x01,0x2D,0x01,0x5D,0x04,0x00,0x01,0x2C,0x01,0x7D,0x01,0x24,0x04,0x00,0x02,0x55,
  0x04,0x00,0x02,0x55,0x06,0x00,0x01,0x28,0x01,0x7D,0x01,0x04,0x10,0x00,0x01,0x2C,
  0x05,0x00,0x01,0x7D,0x01,0x24,0x02,0x00,0x01,0x2D,0x01,0x5D,0x04,0x00,0x01,0x2C,
  0x01,0x7D,0x01,0x24,0x07,0x00,0x01,0x59,0x01,0x28,0x01,0x00,0x01,0x04,0x01,0x59,
  0x01,0x5D,0x01,0x28,0x01,0x2D,0x01,0x55,0x03,0x00,0x01,0x2C,0x05,0x00,0x01,0x7D,
  0x01,0x24,0x04,0x00,0x01,0x04,0x01,0x59,0x02,0x00,0x01,0x2D,0x01,0x55,0x03,0x00,
  0x01,0x59,0x01,0x2D,0x03,0x00,0x01,0x59,0x01,0x31,0x04,0x00,0x01,0x55,0x01,0x2D,
  0x01,0x51,0x05,0x00,0x01,0x51,0x01,0x31,0x05,0x00,0x02,0x51,0x04,0x00,0x01,0x55,
  0x01,0x31,0xB5,0x00,0x01,0x28,0x01,0x7D,0x05,0x00,0x01,0x59,0x01,0x2D,0x04,0x00,
  0x01,0x31,0x01,0x55,0x04,0x00,0x01,0x31,0x01,0x55,0x07,0x00,0x01,0x7D,0x01,0x28,
  0x0F,0x00,0x01,0x04,0x01,0x7D,0x05,0x00,0x01,0x59,0x01,0x28,0x02,0x00,0x01,0x28,
  0x01,0x7D,0x05,0x00,0x01,0x59,0x01,0x2D,0x07,0x00,0x01,0x59,0x01,0x04,0x03,0x00,
  0x01,0x55,0x01,0x7D,0x01,0x59,0x01,0x04,0x02,0x00,0x01,0x04,0x01,0x7D,0x05,0x00,
  0x01,0x59,0x01,0x28,0x04,0x00,0x01,0x04,0x01,0x5D,0x02,0x59,0x02,0x7D,0x01,0x59,
  0x01,0x2D,0x01,0x00,0x01,0x59,0x01,0x31,0x03,0x00,0x01,0x59,0x01,0x31,0x03,0x00,
  0x01,0x2D,0x01,0x59,0x01,0x55,0x01,0x7D,0x01,0x2D,0x04,0x00,0x01,0x51,0x01,0x31,
  0x05,0x00,0x01,0x2D,0x01,0x55,0x04,0x00,0x01,0x31,0x01,0x51,0xB5,0x00,0x01,0x28,
  0x01,0x7D,0x05,0x00,0x01,0x55,0x01,0x51,0x04,0x00,0x01,0x2D,0x01,0x55,0x04,0x00,
  0x01,0x2D,0x01,0x55,0x07,0x00,0x01,0x59,0x01,0x28,0x04,0x00,0x06,0x59,0x01,0x2D,
  0x04,0x00,0x01,0x04,0x01,0x7D,0x05,0x00,0x01,0x59,0x01,0x28,0x02,0x00,0x01,0x28,
  0x01,0x7D,0x05,0x00,0x01,0x55,0x01,0x51,0x06,0x00,0x01,0x28,0x01,0x51,0x05,0x00,
  0x01,0x55,0x01,0x7D,0x01,0x28,0x02,0x00,0x01,0x04,0x01,0x7D,0x05,0x00,0x01,0x59,
  0x01,0x28,0x08,0x00,0x01,0x28,0x01,0x59,0x03,0x00,0x01,0x55,0x01,0x51,0x03,0x00,
  0x01,0x59,0x01,0x2C,0x02,0x00,0x01,0x6D,0x01,0x79,0x01,0x7D,0x01,0x00,0x02,0x51,
  0x01,0x00,0x01,0x49,0x01,0x24,0x01,0x00,0x01,0x51,0x01,0x55,0x01,0x6D,0x04,0x00,
  0x01,0x51,0x01,0x79,0x04,0x00,0x01,0x2D,0x01,0x55,0x15,0x00,0x01,0x04,0x01,0x55,
  0x01,0x24,0x02,0x00,0x01,0x04,0x01,0x55,0x01,0x24,0x02,0x00,0x01,0x04,0x01,0x55,
  0x01,0x28,0x03,0x00,0x01,0x28,0x05,0x00,0x01,0x51,0x01,0x04,0x88,0x00,0x01,0x24,
  0x01,0x7D,0x05,0x00,0x01,0x31,0x01,0x51,0x04,0x00,0x01,0x2D,0x01,0x55,0x04,0x00,
  0x01,0x2D,0x01,0x55,0x07,0x00,0x01,0x59,0x01,0x28,0x10,0x00,0x01,0x7D,0x01,0x04,
  0x04,0x00,0x01,0x59,0x01,0x28,0x02,0x00,0x01,0x24,0x01,0x7D,0x05,0x00,0x01,0x31,
  0x01,0x51,0x05,0x00,0x01,0x24,0x01,0x55,0x01,0x04,0x06,0x00,0x01,0x51,0x01,0x7D,
  0x01,0x28,0x02,0x00,0x01,0x7D,0x01,0x04,0x04,0x00,0x01,0x59,0x01,0x28,0x08,0x00,
  0x01,0x28,0x01,0x59,0x03,0x00,0x01,0x51,0x01,0x55,0x03,0x00,0x01,0x5D,0x01,0x04,
  0x01,0x00,0x01,0x6D,0x01,0x55,0x01,0x28,0x01,0x7D,0x01,0x24,0x02,0x2D,0x01,0x00,
  0x01,0x6D,0x02,0x00,0x01,0x55,0x01,0x7A,0x01,0x6D,0x03,0x00,0x01,0x49,0x01,0x76,
  0x01,0x79,0x03,0x00,0x01,0x28,0x02,0x59,0x15,0x00,0x01,0x24,0x01,0x59,0x01,0x7D,
  0x01,0x28,0x01,0x00,0x01,0x24,0x01,0x55,0x01,0x7D,0x01,0x28,0x01,0x00,0x01,0x04,
  0x01,0x55,0x01,0x7D,0x01,0x28,0x01,0x00,0x01,0x28,0x03,0x7D,0x01,0x55,0x01,0x04,
  0x01,0x24,0x05,0x7D,0x01,0x55,0x84,0x00,0x01,0x04,0x01,0x7D,0x05,0x00,0x01,0x2D,
  0x01,0x51,0x04,0x00,0x01,0x2D,0x01,0x55,0x04,0x00,0x01,0x2D,0x01,0x55,0x07,0x00,
  0x01,0x55,0x01,0x28,0x10,0x00,0x01,0x7D,0x01,0x04,0x04,0x00,0x01,0x55,0x01,0x28,
  0x02,0x00,0x01,0x04,0x01,0x7D,0x05,0x00,0x01,0x2D,0x01,0x51,0x03,0x00,0x01,0x2D,
  0x01,0x55,0x01,0x5D,0x01,0x28,0x03,0x00,0x01,0x28,0x04,0x2D,0x01,0x7D,0x01,0x28,
  0x02,0x00,0x01,0x7D,0x01,0x04,0x04,0x00,0x01,0x55,0x01,0x28,0x08,0x00,0x01,0x28,
  0x01,0x55,0x03,0x00,0x01,0x28,0x01,0x7D,0x01,0x2C,0x01,0x00,0x02,0x2D,0x02,0x00,
  0x01,0x71,0x01,0x75,0x01,0x24,0x01,0x7D,0x01,0x24,0x01,0x31,0x01,0x04,0x01,0x24,
  0x01,0x49,0x02,0x00,0x01,0x2D,0x01,0x79,0x01,0x75,0x04,0x2D,0x01,0x55,0x01,0x75,
  0x02,0x00,0x01,0x51,0x01,0x59,0x01,0x24,0x01,0x7D,0x17,0x00,0x01,0x55,0x01,0x51,
  0x03,0x00,0x02,0x51,0x03,0x00,0x01,0x51,0x01,0x55,0x02,0x00,0x02,0x04,0x01,0x24,
  0x01,0x59,0x01,0x31,0x01,0x00,0x01,0x24,0x01,0x59,0x02,0x00,0x01,0x04,0x01,0x59,
  0x01,0x04,0x83,0x00,0x01,0x04,0x01,0x59,0x05,0x00,0x01,0x2C,0x01,0x31,0x04,0x00,
  0x02,0x2D,0x04,0x00,0x02,0x2D,0x07,0x00,0x01,0x51,0x11,0x00,0x01,0x51,0x05,0x00,
  0x01,0x51,0x03,0x00,0x01,0x04,0x01,0x59,0x05,0x00,0x01,0x2C,0x01,0x31,0x02,0x00,
  0x01,0x28,0x01,0x59,0x01,0x2D,0x01,0x04,0x03,0x00,0x01,0x28,0x05,0x7D,0x01,0x55,
  0x03,0x00,0x01,0x51,0x05,0x00,0x01,0x51,0x09,0x00,0x02,0x28,0x04,0x00,0x01,0x2D,
  0x02,0x59,0x01,0x2D,0x03,0x00,0x01,0x55,0x02,0x92,0x01,0x51,0x01,0x59,0x01,0x2D,
  0x01,0x00,0x01,0x49,0x03,0x00,0x01,0x04,0x01,0x59,0x05,0x7D,0x01,0x59,0x01,0x72,
  0x01,0x00,0x01,0x28,0x01,0x55,0x01,0x24,0x01,0x00,0x01,0x51,0x17,0x00,0x01,0x28,
  0x01,0x55,0x03,0x00,0x01,0x28,0x01,0x51,0x03,0x00,0x01,0x24,0x01,0x55,0x05,0x00,
  0x01,0x28,0x01,0x55,0x02,0x00,0x01,0x59,0x01,0x04,0x02,0x00,0x01,0x55,0x01,0x24,
  0x84,0x00,0x01,0x24,0x05,0x00,0x01,0x24,0x01,0x04,0x04,0x00,0x01,0x04,0x05,0x00,
  0x01,0x04,0x25,0x00,0x01,0x24,0x05,0x00,0x01,0x24,0x01,0x04,0x30,0x00,0x01,0x6D,
  0x01,0x49,0x01,0x6D,0x01,0x92,0x01,0x24,0x01,0x00,0x01,0x24,0x01,0x49,0x04,0x00,
  0x01,0x24,0x01,0x92,0x04,0x00,0x01,0x24,0x01,0x92,0x1D,0x00,0x01,0x28,0x01,0x55,
  0x03,0x00,0x01,0x28,0x01,0x51,0x03,0x00,0x01,0x04,0x01,0x55,0x05,0x00,0x01,0x04,
  0x01,0x51,0x02,0x00,0x01,0x51,0x01,0x28,0x02,0x00,0x01,0x55,0x01,0x24,0xF3,0x00,
  0x01,0x24,0x01,0x92,0x02,0x00,0x01,0x6D,0x01,0x49,0x01,0x00,0x01,0x49,0x01,0x24,
  0x04,0x00,0x01,0x24,0x01,0x92,0x04,0x00,0x01,0x24,0x01,0x92,0x1D,0x00,0x01,0x28,
  0x01,0x55,0x03,0x00,0x01,0x28,0x01,0x51,0x02,0x00,0x01,0x04,0x01,0x24,0x01,0x55,
  0x02,0x00,0x03,0x04,0x01,0x2D,0x01,0x24,0x02,0x00,0x01,0x2D,0x01,0x28,0x02,0x00,
  0x01,0x51,0x01,0x24,0xF3,0x00,0x01,0x24,0x01,0x92,0x01,0x24,0x01,0x00,0x01,0x49,
  0x01,0x24,0x01,0x00,0x01,0x6D,0x05,0x00,0x01,0x24,0x01,0x92,0x04,0x00,0x01,0x24,
  0x01,0x92,0x1D,0x00,0x01,0x24,0x01,0x55,0x03,0x00,0x01,0x28,0x01,0x2D,0x01,0x00,
  0x01,0x2C,0x02,0x7D,0x01,0x28,0x01,0x00,0x01,0x28,0x03,0x7D,0x01,0x2D,0x01,0x00,
  0x01,0x28,0x01,0x7D,0x01,0x5D,0x03,0x00,0x01,0x2D,0xF5,0x00,0x01,0x25,0x01,0x92,
  0x01,0x6D,0x01,0x49,0x01,0x00,0x01,0x49,0x01,0x24,0x03,0x00,0x01,0x24,0x01,0x6D,
  0x02,0x92,0x01,0x6D,0x02,0x24,0x01,0x6D,0x02,0x92,0x01,0x6D,0x01,0x24,0x1B,0x00,
  0x01,0x24,0x01,0x55,0x03,0x00,0x01,0x04,0xFF,0x00,0x0F,0x00,0x01,0x24,0x2B,0x00,
  0x01,0x04,0x01,0x55,0xFF,0x00,0x3F,0x00,0x01,0x04,0x01,0x24,0xFF,0x00,0xFF,0x00,
  0x76,0x00,
};

const uint8_t LESSON_PAGE_8[12028] PROGMEM = {
  0xFF,0x00,0xFF,0x00,0xFF,0x00,0xFF,0x00,0xFF,0x00,0xFF,0x00,0xC1,0x00,0x01,0x48,
  0x01,0x8D,0x50,0x00,0x01,0x48,0x01,0x8D,0xEC,0x00,0x01,0xFA,0x01,0xD5,0x50,0x00,
  0x01,0xFA,0x01,0xD5,0xEC,0x00,0x02,0xFA,0x50,0x00,0x02,0xFA,0xEC,0x00,0x01,0xD5,
  0x01,0xFA,0x50,0x00,0x01,0xD5,0x01,0xFA,0xAE,0x00,0x01,0x24,0x01,0xFA,0x01,0x24,
  0x0E,0x00,0x01,0xB1,0x01,0x6D,0x0E,0x00,0x01,0x24,0x01,0xFA,0x01,0x24,0x0E,0x00,
  0x01,0x69,0x01,0x24,0x05,0x00,0x01,0x24,0x01,0x6D,0x03,0x00,0x01,0xB1,0x01,0xFA,
  0x01,0x24,0x10,0x00,0x01,0x24,0x01,0xFA,0x01,0x24,0x0E,0x00,0x01,0x6D,0x01,0x69,
  0x07,0x00,0x02,0x91,0x0B,0x00,0x01,0xD5,0x01,0x91,0x01,0x24,0x06,0x00,0x01,0x24,
  0x01,0xFA,0x01,0x24,0x0C,0x00,0x01,0xB1,0x01,0xFA,0x01,0x24,0x10,0x00,0x01,0xB1,
  0x01,0x6D,0x0B,0x00,0x01,0xD5,0x01,0x91,0x01,0x24,0x06,0x00,0x01,0x49,0x01,0x20,
  0x08,0x00,0x01,0x24,0x01,0x44,0x7B,0x00,0x01,0xD5,0x09,0xFA,0x01,0x8D,0x05,0x00,
  0x01,0x8D,0x0A,0xFA,0x01,0xF9,0x01,0x48,0x04,0x00,0x01,0xD5,0x0A,0xFA,0x01,0xF9,
  0x01,0x69,0x03,0x00,0x01,0x48,0x01,0xFA,0x01,0xB1,0x05,0x00,0x01,0xD5,0x01,0xFA,
  0x03,0x00,0x01,0xB1,0x08,0xFA,0x01,0x91,0x09,0x00,0x01,0xD5,0x0A,0xFA,0x01,0xF9,
  0x01,0x69,0x03,0x00,0x01,0x49,0x02,0xFA,0x01,0xB5,0x01,0x24,0x04,0x00,0x01,0x49,
  0x06,0xFA,0x01,0xB1,0x01,0x24,0x04,0x00,0x01,0x8D,0x03,0xFA,0x01,0x48,0x05,0x00,
  0x01,0xD5,0x09,0xFA,0x01,0x8D,0x04,0x00,0x01,0xB1,0x08,0xFA,0x01,0x91,0x08,0x00,
  0x01,0x48,0x09,0xFA,0x01,0x69,0x02,0x00,0x01,0x8D,0x03,0xFA,0x01,0x48,0x04,0x00,
  0x01,0x24,0x01,0xFA,0x01,0xD5,0x01,0x24,0x06,0x00,0x01,0x24,0x02,0xD5,0x7A,0x00,
  0x01,0x8D,0x0B,0xFA,0x01,0x8D,0x03,0x00,0x01,0x48,0x0C,0xFA,0x01,0xD5,0x03,0x00,
  0x01,0x91,0x0D,0xFA,0x03,0x00,0x01,0x91,0x02,0xFA,0x01,0x24,0x03,0x00,0x01,0x24,
  0x02,0xFA,0x01,0x24,0x02,0x00,0x01,0x6D,0x09,0xFA,0x01,0x24,0x07,0x00,0x01,0x91,
  0x0D,0xFA,0x03,0x00,0x01,0x8D,0x04,0xFA,0x01,0x48,0x03,0x00,0x09,0xFA,0x01,0x24,
  0x03,0x00,0x01,0x6D,0x04,0xFA,0x01,0x91,0x03,0x00,0x01,0x8D,0x0B,0xFA,0x01,0x8D,
  0x03,0x00,0x01,0x6D,0x09,0xFA,0x01,0x24,0x07,0x00,0x01,0xD5,0x09,0xFA,0x03,0x00,
  0x01,0x6D,0x04,0xFA,0x01,0x91,0x03,0x00,0x01,0x48,0x03,0xFA,0x01,0x69,0x05,0x00,
  0x01,0x8D,0x02,0xFA,0x01,0x24,0x7A,0x00,0x09,0x24,0x01,0x91,0x01,0xFA,0x01,0xD5,
  0x03,0x00,0x01,0x24,0x01,0x91,0x02,0xFA,0x07,0x24,0x01,0x6D,0x02,0xFA,0x03,0x00,
  0x01,0x24,0x01,0xD5,0x01,0xFA,0x01,0xB1,0x07,0x24,0x01,0x6D,0x02,0xFA,0x03,0x00,
  0x01,0x24,0x02,0xFA,0x01,0x6D,0x04,0x00,0x01,0xF9,0x01,0xFA,0x01,0x48,0x03,0x00,
  0x07,0x24,0x01,0xD9,0x01,0xFA,0x01,0x48,0x07,0x00,0x01,0x24,0x01,0xD5,0x01,0xFA,
  0x01,0xB1,0x07,0x24,0x01,0x6D,0x02,0xFA,0x04,0x00,0x01,0x44,0x01,0xD5,0x03,0xFA,
  0x03,0x00,0x05,0x24,0x01,0x44,0x01,0x6D,0x02,0xFA,0x01,0xD5,0x04,0x00,0x01,0x24,
  0x01,0xB1,0x03,0xFA,0x01,0x8D,0x03,0x00,0x09,0x24,0x01,0x91,0x01,0xFA,0x01,0xD5,
  0x04,0x00,0x07,0x24,0x01,0xD9,0x01,0xFA,0x01,0x48,0x07,0x00,0x06,0x24,0x01,0xB5,
  0x01,0xFA,0x01,0xB1,0x01,0x24,0x04,0x00,0x01,0x24,0x01,0xB1,0x03,0xFA,0x01,0x8D,
  0x03,0x00,0x01,0x48,0x03,0xFA,0x01,0x6D,0x04,0x00,0x01,0x44,0x02,0xFA,0x01,0x24,
  0x84,0x00,0x02,0xFA,0x04,0x00,0x01,0x24,0x02,0xFA,0x08,0x00,0x02,0xFA,0x04,0x00,
  0x01,0x48,0x01,0xFA,0x01,0xB5,0x08,0x00,0x01,0xF9,0x01,0xFA,0x04,0x00,0x01,0x8D,
  0x01,0xFA,0x01,0xB1,0x04,0x00,0x01,0xB1,0x01,0xFA,0x01,0x48,0x0A,0x00,0x01,0x91,
  0x01,0xFA,0x01,0x48,0x08,0x00,0x01,0x48,0x01,0xFA,0x01,0xB5,0x08,0x00,0x01,0xF9,
  0x01,0xFA,0x06,0x00,0x01,0x8D,0x02,0xFA,0x01,0x48,0x09,0x00,0x01,0x44,0x02,0xFA,
  0x01,0x48,0x05,0x00,0x01,0x6D,0x02,0xFA,0x01,0xD5,0x0D,0x00,0x02,0xFA,0x0B,0x00,
  0x01,0x91,0x01,0xFA,0x01,0x48,0x0D,0x00,0x01,0x8D,0x01,0xFA,0x01,0x6D,0x07,0x00,
  0x01,0x6D,0x02,0xFA,0x01,0xD5,0x04,0x00,0x01,0x24,0x01,0xD5,0x02,0xFA,0x01,0x91,
  0x04,0x00,0x02,0xFA,0x7C,0x00,0x01,0x24,0x01,0x69,0x07,0x00,0x01,0xB5,0x01,0xFA,
  0x01,0x24,0x04,0x00,0x02,0xFA,0x08,0x00,0x01,0xFA,0x01,0xD5,0x05,0x00,0x02,0xFA,
  0x08,0x00,0x01,0xF9,0x01,0xFA,0x04,0x00,0x01,0x24,0x02,0xFA,0x04,0x00,0x01,0x8D,
  0x01,0xFA,0x01,0x69,0x0A,0x00,0x01,0x8D,0x01,0xFA,0x01,0x24,0x09,0x00,0x02,0xFA,
  0x08,0x00,0x01,0xF9,0x01,0xFA,0x07,0x00,0x01,0xD5,0x01,0xFA,0x01,0x6D,0x0A,0x00,
  0x01,0xB1,0x01,0xFA,0x01,0x6D,0x06,0x00,0x01,0xB1,0x01,0xFA,0x01,0x91,0x04,0x00,
  0x01,0x24,0x01,0x69,0x07,0x00,0x01,0xB5,0x01,0xFA,0x01,0x24,0x0A,0x00,0x01,0x8D,
  0x01,0xFA,0x01,0x24,0x0D,0x00,0x01,0x6D,0x01,0xFA,0x01,0x6D,0x08,0x00,0x01,0xB1,
  0x01,0xFA,0x01,0x91,0x05,0x00,0x01,0xB5,0x03,0xFA,0x01,0xB1,0x02,0x00,0x01,0x24,
  0x01,0xFA,0x01,0xB1,0x7C,0x00,0x01,0xD5,0x01,0x91,0x07,0x00,0x01,0xB1,0x01,0xFA,
  0x01,0x24,0x04,0x00,0x02,0xFA,0x08,0x00,0x01,0xFA,0x01,0x8D,0x05,0x00,0x01,0xD5,
  0x01,0xFA,0x01,0x24,0x07,0x00,0x01,0xFA,0x01,0xB1,0x05,0x00,0x01,0xB5,0x01,0xFA,
  0x01,0x48,0x03,0x00,0x01,0x69,0x01,0xFA,0x01,0x69,0x0A,0x00,0x01,0xB1,0x01,0xF9,
  0x0A,0x00,0x01,0xD5,0x01,0xFA,0x01,0x24,0x07,0x00,0x01,0xFA,0x01,0xB1,0x07,0x00,
  0x01,0x6D,0x01,0xFA,0x01,0x8D,0x0A,0x00,0x01,0x69,0x01,0xFA,0x01,0x8D,0x06,0x00,
  0x01,0xD5,0x01,0xFA,0x01,0x24,0x04,0x00,0x01,0xD5,0x01,0x91,0x07,0x00,0x01,0xB1,
  0x01,0xFA,0x01,0x24,0x0A,0x00,0x01,0xB1,0x01,0xF9,0x0E,0x00,0x01,0x6D,0x01,0xFA,
  0x01,0x6D,0x08,0x00,0x01,0xD5,0x01,0xFA,0x01,0x24,0x04,0x00,0x01,0x69,0x01,0xFA,
  0x01,0x24,0x01,0x8D,0x02,0xFA,0x01,0xB5,0x01,0x00,0x01,0x48,0x01,0xFA,0x01,0x24,
  0x7B,0x00,0x01,0x24,0x01,0xFA,0x01,0xB1,0x07,0x00,0x01,0x91,0x01,0xFA,0x01,0x24,
  0x04,0x00,0x01,0xD5,0x01,0xFA,0x07,0x00,0x01,0x44,0x01,0xFA,0x01,0x24,0x05,0x00,
  0x01,0x8D,0x01,0xFA,0x01,0x49,0x06,0x00,0x01,0x24,0x01,0xFA,0x01,0x49,0x05,0x00,
  0x01,0x69,0x01,0xFA,0x01,0x8D,0x03,0x00,0x01,0x48,0x01,0xFA,0x01,0x44,0x0A,0x00,
  0x01,0xD5,0x01,0x8D,0x0A,0x00,0x01,0x8D,0x01,0xFA,0x01,0x49,0x06,0x00,0x01,0x24,
  0x01,0xFA,0x01,0x49,0x07,0x00,0x01,0x48,0x01,0xFA,0x01,0x8D,0x0A,0x00,0x01,0x44,
  0x01,0xFA,0x01,0x8D,0x05,0x00,0x01,0x44,0x01,0xFA,0x01,0x6D,0x04,0x00,0x01,0x24,
  0x01,0xFA,0x01,0xB1,0x07,0x00,0x01,0x91,0x01,0xFA,0x01,0x24,0x0A,0x00,0x01,0xD5,
  0x01,0x8D,0x0E,0x00,0x01,0x69,0x01,0xFA,0x01,0x6D,0x07,0x00,0x01,0x44,0x01,0xFA,
  0x01,0x6D,0x05,0x00,0x01,0xD5,0x01,0xB1,0x02,0x00,0x01,0x6D,0x02,0xFA,0x01,0xB5,
  0x02,0xB1,0x7C,0x00,0x01,0x24,0x01,0xFA,0x01,0xB1,0x07,0x00,0x01,0x8D,0x01,0xFA,
  0x01,0x44,0x04,0x00,0x01,0xD5,0x01,0xFA,0x07,0x00,0x01,0x8D,0x01,0xB1,0x06,0x00,
  0x01,0x48,0x01,0xFA,0x01,0x8D,0x06,0x00,0x01,0x8D,0x01,0xD5,0x07,0x00,0x01,0xFA,
  0x01,0xD5,0x03,0x00,0x01,0x48,0x01,0xFA,0x0A,0x00,0x01,0x44,0x01,0xFA,0x01,0x24,
  0x0A,0x00,0x01,0x48,0x01,0xFA,0x01,0x8D,0x06,0x00,0x01,0x8D,0x01,0xD5,0x08,0x00,
  0x01,0x24,0x01,0xFA,0x01,0x8D,0x0A,0x00,0x01,0x48,0x01,0xFA,0x01,0x49,0x05,0x00,
  0x01,0xB1,0x01,0xD5,0x05,0x00,0x01,0x24,0x01,0xFA,0x01,0xB1,0x07,0x00,0x01,0x8D,
  0x01,0xFA,0x01,0x44,0x09,0x00,0x01,0x44,0x01,0xFA,0x01,0x24,0x0E,0x00,0x01,0x48,
  0x01,0xFA,0x01,0x8D,0x07,0x00,0x01,0xB1,0x01,0xD5,0x05,0x00,0x01,0x44,0x01,0xFA,
  0x01,0x69,0x03,0x00,0x01,0x49,0x03,0xFA,0x01,0x24,0x7D,0x00,0x01,0xFA,0x01,0xB1,
  0x07,0x00,0x01,0x6D,0x01,0xFA,0x01,0x48,0x04,0x00,0x01,0xB5,0x01,0xFA,0x06,0x00,
  0x01,0x24,0x01,0xFA,0x01,0x24,0x06,0x00,0x01,0x20,0x01,0xFA,0x01,0xD5,0x05,0x00,
  0x01,0x24,0x01,0xFA,0x01,0x48,0x07,0x00,0x01,0xB1,0x01,0xFA,0x01,0x24,0x01,0x00,
  0x01,0x20,0x01,0xD5,0x01,0x8D,0x09,0x00,0x01,0x24,0x01,0xD5,0x01,0x8D,0x0B,0x00,
  0x01,0x20,0x01,0xFA,0x01,0xD5,0x05,0x00,0x01,0x24,0x01,0xFA,0x01,0x48,0x08,0x00,
  0x01,0x24,0x01,0xFA,0x01,0x8D,0x0A,0x00,0x01,0x49,0x01,0xFA,0x05,0x00,0x01,0x44,
  0x01,0xB1,0x07,0x00,0x01,0xFA,0x01,0xB1,0x07,0x00,0x01,0x6D,0x01,0xFA,0x01,0x48,
  0x08,0x00,0x01,0x24,0x01,0xD5,0x01,0x8D,0x0F,0x00,0x01,0x48,0x01,0xFA,0x01,0x8D,
  0x06,0x00,0x01,0x44,0x01,0xB1,0x06,0x00,0x01,0x8D,0x01,0xFA,0x01,0x24,0x04,0x00,
  0x01,0x48,0x02,0xFA,0x01,0xB1,0x7D,0x00,0x01,0xFA,0x01,0xB5,0x07,0x00,0x01,0x6D,
  0x01,0xFA,0x01,0x48,0x04,0x00,0x01,0xB5,0x01,0xFA,0x05,0x00,0x01,0x6D,0x01,0xFA,
  0x01,0x8D,0x08,0x00,0x01,0xD5,0x01,0xFA,0x01,0x24,0x03,0x00,0x01,0x24,0x01,0xD9,
  0x01,0x91,0x08,0x00,0x01,0x6D,0x01,0xFA,0x01,0x69,0x01,0x48,0x01,0xF9,0x01,0xD9,
  0x01,0x20,0x08,0x00,0x01,0x69,0x01,0xFA,0x01,0xD5,0x0D,0x00,0x01,0xD5,0x01,0xFA,
  0x01,0x24,0x03,0x00,0x01,0x24,0x01,0xD9,0x01,0x91,0x09,0x00,0x01,0x24,0x01,0xFA,
  0x01,0x6D,0x0A,0x00,0x02,0x8D,0x0E,0x00,0x01,0xFA,0x01,0xB5,0x07,0x00,0x01,0x6D,
  0x01,0xFA,0x01,0x48,0x07,0x00,0x01,0x69,0x01,0xFA,0x01,0xD5,0x10,0x00,0x01,0x44,
  0x01,0xFA,0x01,0x91,0x0E,0x00,0x01,0x91,0x01,0xFA,0x01,0x24,0x05,0x00,0x01,0x49,
  0x02,0xFA,0x01,0xB1,0x7C,0x00,0x01,0xFA,0x01,0xD5,0x07,0x00,0x01,0x69,0x01,0xFA,
  0x01,0x48,0x04,0x00,0x01,0xB1,0x01,0xFA,0x02,0x00,0x01,0x24,0x01,0xB1,0x02,0xFA,
  0x01,0xB1,0x09,0x00,0x01,0x8D,0x01,0xFA,0x01,0xB1,0x01,0x24,0x01,0x48,0x01,0x91,
  0x01,0xFA,0x01,0xB1,0x09,0x00,0x01,0x24,0x03,0xFA,0x01,0xD9,0x01,0x24,0x06,0x00,
  0x01,0x44,0x01,0x91,0x03,0xFA,0x01,0x24,0x0D,0x00,0x01,0x8D,0x01,0xFA,0x01,0xB1,
  0x01,0x24,0x01,0x48,0x01,0x91,0x01,0xFA,0x01,0xB1,0x07,0x00,0x03,0x24,0x01,0x69,
  0x01,0xFA,0x01,0x24,0x03,0x00,0x06,0x24,0x01,0x48,0x01,0xD5,0x01,0x20,0x0E,0x00,
  0x01,0xFA,0x01,0xD5,0x07,0x00,0x01,0x69,0x01,0xFA,0x01,0x48,0x04,0x00,0x01,0x44,
  0x01,0x91,0x03,0xFA,0x01,0x24,0x10,0x00,0x01,0x24,0x01,0xFA,0x01,0x91,0x0E,0x00,
  0x01,0x91,0x01,0xFA,0x01,0x6D,0x06,0x00,0x01,0x69,0x02,0xFA,0x01,0x8D,0x7B,0x00,
  0x01,0xD5,0x01,0x91,0x07,0x00,0x01,0x69,0x01,0xFA,0x01,0x24,0x04,0x00,0x01,0xB1,
  0x01,0xFA,0x02,0x00,0x01,0x8D,0x02,0xFA,0x01,0x6D,0x0A,0x00,0x01,0x24,0x05,0xFA,
  0x01,0x91,0x09,0x00,0x01,0x44,0x01,0xB5,0x02,0xFA,0x01,0xB1,0x01,0x20,0x06,0x00,
  0x01,0x24,0x03,0xFA,0x01,0xB1,0x01,0x24,0x0E,0x00,0x01,0x24,0x05,0xFA,0x01,0x91,
  0x07,0x00,0x01,0x8D,0x04,0xFA,0x01,0xB5,0x03,0x00,0x01,0x44,0x07,0xFA,0x01,0x48,
  0x0F,0x00,0x01,0xD5,0x01,0x91,0x07,0x00,0x01,0x69,0x01,0xFA,0x01,0x24,0x03,0x00,
  0x01,0x24,0x03,0xFA,0x01,0xB1,0x01,0x24,0x11,0x00,0x01,0x24,0x01,0xFA,0x01,0xB1,
  0x0E,0x00,0x01,0x91,0x03,0xFA,0x06,0x00,0x01,0x6D,0x02,0xFA,0x01,0x69,0x7A,0x00,
  0x01,0xB1,0x01,0x24,0x07,0x00,0x01,0x48,0x01,0x6D,0x05,0x00,0x01,0xB1,0x01,0xFA,
  0x02,0x00,0x01,0xD9,0x01,0x8D,0x01,0x24,0x0C,0x00,0x01,0x6D,0x02,0xFA,0x01,0xB1,
  0x01,0x48,0x08,0x00,0x01,0x24,0x01,0xD5,0x02,0xFA,0x01,0xD5,0x01,0x48,0x08,0x00,
  0x01,0x91,0x01,0xD5,0x01,0x8D,0x01,0x24,0x11,0x00,0x01,0x6D,0x02,0xFA,0x01,0xB1,
  0x01,0x48,0x07,0x00,0x01,0x20,0x05,0xFA,0x01,0x24,0x03,0x00,0x01,0xD5,0x06,0xFA,
  0x01,0x6D,0x10,0x00,0x01,0xB1,0x01,0x24,0x07,0x00,0x01,0x48,0x01,0x6D,0x04,0x00,
  0x01,0x91,0x01,0xD5,0x01,0x8D,0x01,0x24,0x13,0x00,0x01,0x24,0x01,0xFA,0x01,0xB1,
  0x0E,0x00,0x01,0xD9,0x02,0xFA,0x01,0x69,0x07,0x00,0x01,0xB1,0x01,0xFA,0x01,0x44,
  0x8A,0x00,0x01,0xB1,0x01,0xFA,0x1E,0x00,0x01,0xB1,0x01,0xFA,0x01,0xF9,0x01,0x69,
  0x73,0x00,0x01,0x24,0x01,0xFA,0x01,0xB1,0x1A,0x00,0x01,0x8D,0x8B,0x00,0x01,0xB1,
  0x01,0xFA,0x1D,0x00,0x01,0x24,0x01,0xD5,0x01,0x69,0x76,0x00,0x01,0xFA,0x01,0xB1,
  0xA6,0x00,0x01,0xB1,0x01,0xFA,0x96,0x00,0x01,0xFA,0x01,0x91,0xA6,0x00,0x01,0x91,
  0x01,0xB1,0x96,0x00,0x01,0xFA,0x01,0x48,0xA6,0x00,0x01,0x6D,0x01,0x24,0x96,0x00,
  0x01,0x8D,0xFF,0x00,0xFF,0x00,0xFF,0x00,0xFF,0x00,0xFF,0x00,0xFF,0x00,0xFF,0x00,
  0xE0,0x00,0xFF,0xFA,0xFF,0xFA,0x82,0xFA,0xFF,0x00,0xFF,0x00,0xFF,0x00,0xFF,0x00,
  0xFF,0x00,0xFF,0x00,0xFF,0x00,0xFF,0x00,0xFF,0x00,0xFF,0x00,0xFF,0x00,0xFF,0x00,
  0xFF,0x00,0xFF,0x00,0xFF,0x00,0xFF,0x00,0xFF,0x00,0x4B,0x00,0x01,0x24,0x01,0xDB,
  0xFF,0x00,0x3F,0x00,0x01,0x49,0x01,0xFF,0x11,0x00,0x01,0x24,0xB1,0x00,0x01,0x49,
  0x09,0x00,0x01,0xB6,0x01,0x92,0x04,0x00,0x01,0xB6,0x01,0x92,0x10,0x00,0x01,0x6D,
  0x0D,0x00,0x01,0x6D,0x09,0x00,0x01,0xB6,0x04,0x00,0x01,0xB6,0x03,0x00,0x01,0xB6,
  0x09,0x00,0x01,0x49,0x01,0x24,0x09,0x00,0x01,0x49,0x01,0x24,0x06,0x00,0x01,0x49,
  0x01,0x24,0x05,0x00,0x01,0x49,0x0A,0x00,0x01,0x24,0x08,0x00,0x01,0x24,0x01,0xFF,
  0x0A,0x00,0x01,0xB6,0x01,0x92,0x04,0x00,0x01,0x49,0x01,0xB6,0x0A,0x00,0x01,0x24,
  0x0A,0x00,0x01,0x6D,0x9A,0x00,0x01,0x49,0x05,0xFF,0x01,0x92,0x04,0x00,0x01,0xDB,
  0x01,0xFF,0x01,0xDB,0x03,0x00,0x01,0xDB,0x01,0xFF,0x01,0xDB,0x03,0x00,0x01,0xDB,
  0x01,0x6D,0x02,0x00,0x01,0x6D,0x01,0xDB,0x01,0xFF,0x01,0xB6,0x03,0x00,0x01,0xB6,
  0x06,0xFF,0x01,0x6D,0x06,0x00,0x01,0xB6,0x06,0xFF,0x01,0x6D,0x02,0x00,0x01,0x49,
  0x01,0xFF,0x01,0x6D,0x02,0x00,0x01,0x49,0x01,0xFF,0x01,0x24,0x01,0x00,0x01,0xDB,
  0x07,0xFF,0x01,0x6D,0x01,0x00,0x01,0x24,0x04,0xFF,0x01,0xDB,0x01,0x24,0x05,0x00,
  0x04,0xFF,0x01,0xB6,0x03,0x00,0x02,0xFF,0x01,0x6D,0x03,0x00,0x01,0x49,0x05,0xFF,
  0x01,0x92,0x04,0x00,0x02,0xDB,0x02,0x00,0x01,0x92,0x01,0xFF,0x01,0xDB,0x01,0x24,
  0x03,0x00,0x06,0xFF,0x04,0x00,0x01,0x24,0x02,0xFF,0x01,0xDB,0x03,0x00,0x07,0xFF,
  0x01,0x92,0x03,0x00,0x02,0xDB,0x02,0x00,0x01,0x92,0x01,0xFF,0x01,0xDB,0x01,0x24,
  0x03,0x00,0x01,0xB6,0x06,0xFF,0x01,0x6D,0x94,0x00,0x01,0xB6,0x01,0xFF,0x03,0x6D,
  0x01,0xB6,0x01,0xFF,0x01,0xB6,0x04,0x00,0x01,0x92,0x01,0xFF,0x01,0x92,0x03,0x00,
  0x01,0x92,0x01,0xFF,0x01,0x92,0x02,0x00,0x02,0xDB,0x01,0x00,0x01,0x49,0x01,0xDB,
  0x01,0x6D,0x01,0x92,0x01,0xFF,0x01,0xB6,0x02,0x00,0x06,0x6D,0x01,0xB6,0x01,0xFF,
  0x06,0x00,0x06,0x6D,0x01,0xB6,0x01,0xFF,0x03,0x00,0x01,0xDB,0x01,0xFF,0x01,0x24,
  0x01,0x00,0x01,0x49,0x01,0xFF,0x01,0x24,0x01,0x00,0x01,0x49,0x01,0xFF,0x01,0x92,
  0x04,0x6D,0x02,0xDB,0x01,0x00,0x01,0x24,0x04,0x6D,0x01,0xFF,0x01,0x92,0x04,0x00,
  0x01,0x24,0x03,0x6D,0x01,0x92,0x01,0xFF,0x01,0xB6,0x02,0x00,0x01,0x6D,0x02,0xFF,
  0x01,0xB6,0x02,0x00,0x01,0xB6,0x01,0xFF,0x03,0x6D,0x01,0xB6,0x01,0xFF,0x01,0xB6,
  0x03,0x00,0x01,0x92,0x01,0xFF,0x01,0x49,0x02,0x92,0x01,0x6D,0x01,0xDB,0x01,0xFF,
  0x03,0x00,0x01,0x49,0x04,0x6D,0x01,0xFF,0x01,0x49,0x05,0x00,0x01,0x92,0x01,0xFF,
  0x01,0x92,0x02,0x00,0x01,0x49,0x02,0xDB,0x03,0x6D,0x01,0x92,0x01,0xFF,0x01,0x24,
  0x02,0x00,0x01,0x92,0x01,0xFF,0x01,0x49,0x02,0x92,0x01,0x6D,0x01,0xDB,0x01,0xFF,
  0x03,0x00,0x06,0x6D,0x01,0xB6,0x01,0xFF,0x0C,0x00,0x03,0xFF,0x85,0x00,0x01,0x6D,
  0x01,0xFF,0x04,0x00,0x01,0x49,0x01,0xFF,0x01,0x24,0x04,0x00,0x02,0xB6,0x04,0x00,
  0x02,0xB6,0x02,0x00,0x01,0x49,0x01,0xFF,0x05,0x00,0x01,0x6D,0x01,0xFF,0x03,0x00,
  0x01,0x49,0x05,0x00,0x01,0xFF,0x01,0x24,0x06,0x00,0x01,0x49,0x05,0x00,0x01,0xFF,
  0x01,0x24,0x03,0x00,0x01,0xDB,0x01,0xFF,0x01,0x24,0x01,0x6D,0x01,0xB6,0x03,0x00,
  0x01,0xFF,0x01,0x24,0x04,0x00,0x01,0x6D,0x01,0xB6,0x06,0x00,0x01,0x6D,0x01,0x92,
  0x09,0x00,0x01,0x49,0x01,0xFF,0x04,0x00,0x01,0xDB,0x01,0xFF,0x02,0x00,0x01,0x6D,
  0x01,0xFF,0x04,0x00,0x01,0x49,0x01,0xFF,0x01,0x24,0x03,0x00,0x01,0xFF,0x01,0xB6,
  0x01,0x6D,0x03,0x00,0x01,0xFF,0x01,0x49,0x07,0x00,0x01,0xDB,0x01,0x49,0x06,0x00,
  0x02,0xB6,0x03,0x00,0x01,0x49,0x01,0xFF,0x04,0x00,0x01,0xDB,0x01,0x49,0x03,0x00,
  0x01,0xFF,0x01,0xB6,0x01,0x6D,0x03,0x00,0x01,0xFF,0x01,0x49,0x03,0x00,0x01,0x49,
  0x05,0x00,0x01,0xFF,0x01,0x24,0x0A,0x00,0x05,0xFF,0x84,0x00,0x01,0x49,0x01,0xFF,
  0x05,0x00,0x01,0xDB,0x01,0x6D,0x04,0x00,0x01,0x92,0x01,0xB6,0x04,0x00,0x01,0x92,
  0x01,0xB6,0x03,0x00,0x01,0xFF,0x01,0x49,0x05,0x00,0x01,0xFF,0x03,0x00,0x01,0xFF,
  0x05,0x00,0x01,0xFF,0x01,0x24,0x06,0x00,0x01,0xFF,0x05,0x00,0x01,0xFF,0x01,0x24,
  0x04,0x00,0x01,0xB6,0x01,0xFF,0x01,0xDB,0x01,0x24,0x03,0x00,0x01,0xFF,0x01,0x49,
  0x04,0x00,0x01,0x92,0x01,0x6D,0x06,0x00,0x01,0x6D,0x01,0xB6,0x0A,0x00,0x01,0xFF,
  0x01,0x24,0x03,0x00,0x01,0x92,0x01,0xB6,0x02,0x00,0x01,0x49,0x01,0xFF,0x05,0x00,
  0x01,0xDB,0x01,0x6D,0x03,0x00,0x01,0xB6,0x01,0xDB,0x04,0x00,0x01,0xB6,0x01,0x92,
  0x07,0x00,0x01,0xDB,0x07,0x00,0x01,0x6D,0x01,0xDB,0x04,0x00,0x01,0xFF,0x04,0x00,
  0x01,0xDB,0x01,0x49,0x03,0x00,0x01,0xB6,0x01,0xDB,0x04,0x00,0x01,0xB6,0x01,0x92,
  0x03,0x00,0x01,0xFF,0x05,0x00,0x01,0xFF,0x01,0x24,0x09,0x00,0x07,0xFF,0x83,0x00,
  0x01,0x24,0x01,0xFF,0x05,0x00,0x01,0xB6,0x01,0x92,0x04,0x00,0x01,0x6D,0x01,0xB6,
  0x04,0x00,0x01,0x6D,0x01,0xB6,0x03,0x00,0x01,0xB6,0x01,0x6D,0x04,0x00,0x01,0x24,
  0x01,0xB6,0x03,0x00,0x01,0xFF,0x05,0x00,0x01,0xDB,0x01,0x49,0x06,0x00,0x01,0xFF,
  0x05,0x00,0x01,0xDB,0x01,0x49,0x05,0x00,0x01,0xB6,0x01,0xFF,0x01,0x49,0x03,0x00,
  0x01,0xFF,0x01,0x49,0x04,0x00,0x01,0xB6,0x07,0x00,0x01,0x6D,0x01,0xB6,0x0A,0x00,
  0x01,0xFF,0x01,0x49,0x03,0x00,0x01,0xDB,0x01,0x24,0x02,0x00,0x01,0x24,0x01,0xFF,
  0x05,0x00,0x01,0xB6,0x01,0x92,0x03,0x00,0x01,0xB6,0x01,0x6D,0x04,0x00,0x01,0x6D,
  0x01,0xB6,0x06,0x00,0x01,0x24,0x01,0x92,0x07,0x00,0x01,0x6D,0x01,0xDB,0x04,0x00,
  0x01,0xDB,0x01,0x49,0x03,0x00,0x01,0xB6,0x01,0x6D,0x03,0x00,0x01,0xB6,0x01,0x6D,
  0x04,0x00,0x01,0x6D,0x01,0xB6,0x03,0x00,0x01,0xFF,0x05,0x00,0x01,0xDB,0x01,0x49,
  0x09,0x00,0x07,0xFF,0x83,0x00,0x01,0x24,0x01,0xFF,0x05,0x00,0x02,0x92,0x04,0x00,
  0x01,0x6D,0x01,0xB6,0x04,0x00,0x01,0x6D,0x01,0xB6,0x03,0x00,0x01,0x6D,0x01,0xB6,
  0x04,0x00,0x01,0xB6,0x04,0x00,0x01,0xFF,0x05,0x00,0x01,0xDB,0x01,0x49,0x06,0x00,
  0x01,0xFF,0x05,0x00,0x01,0xDB,0x01,0x49,0x06,0x00,0x01,0x92,0x01,0xFF,0x01,0x49,
  0x02,0x00,0x01,0xDB,0x01,0x49,0x03,0x00,0x01,0x6D,0x01,0x49,0x07,0x00,0x01,0x6D,
  0x01,0xB6,0x0A,0x00,0x01,0xDB,0x01,0x49,0x02,0x00,0x02,0x49,0x03,0x00,0x01,0x24,
  0x01,0xFF,0x05,0x00,0x02,0x92,0x03,0x00,0x01,0xDB,0x01,0x24,0x04,0x00,0x01,0x49,
  0x01,0xB6,0x05,0x00,0x01,0x24,0x01,0xDB,0x08,0x00,0x01,0x49,0x01,0xDB,0x04,0x00,
  0x01,0xB6,0x01,0x49,0x03,0x00,0x01,0xB6,0x01,0x6D,0x03,0x00,0x01,0xDB,0x01,0x24,
  0x04,0x00,0x01,0x49,0x01,0xB6,0x03,0x00,0x01,0xFF,0x05,0x00,0x01,0xDB,0x01,0x49,
  0x09,0x00,0x07,0xFF,0x84,0x00,0x01,0xFF,0x05,0x00,0x01,0x6D,0x01,0x92,0x04,0x00,
  0x01,0x6D,0x01,0xB6,0x04,0x00,0x01,0x6D,0x01,0xB6,0x03,0x00,0x01,0x24,0x01,0xFF,
  0x01,0x92,0x01,0x6D,0x01,0x92,0x01,0xDB,0x01,0x49,0x04,0x00,0x01,0xFF,0x05,0x00,
  0x01,0xDB,0x01,0x49,0x06,0x00,0x01,0xFF,0x05,0x00,0x01,0xDB,0x01,0x49,0x02,0x00,
  0x01,0x49,0x04,0x6D,0x01,0xFF,0x01,0x49,0x02,0x00,0x01,0xDB,0x01,0x49,0x01,0x00,
  0x01,0x92,0x01,0xFF,0x01,0x92,0x04,0x00,0x01,0x49,0x03,0x6D,0x01,0xB6,0x01,0xFF,
  0x01,0x49,0x09,0x00,0x01,0xDB,0x01,0x49,0x08,0x00,0x01,0xFF,0x05,0x00,0x01,0x6D,
  0x01,0x92,0x03,0x00,0x01,0xFF,0x01,0x00,0x01,0x24,0x03,0x6D,0x01,0x92,0x01,0x6D,
  0x03,0x00,0x01,0x6D,0x01,0xDB,0x01,0xFF,0x01,0x24,0x08,0x00,0x01,0x49,0x01,0xDB,
  0x02,0x00,0x01,0x24,0x01,0x6D,0x01,0xB6,0x01,0x24,0x03,0x00,0x01,0x92,0x01,0x6D,
  0x03,0x00,0x01,0xFF,0x01,0x00,0x01,0x24,0x03,0x6D,0x01,0x92,0x01,0x6D,0x03,0x00,
  0x01,0xFF,0x05,0x00,0x01,0xDB,0x01,0x49,0x0A,0x00,0x05,0xFF,0x85,0x00,0x01,0xDB,
  0x05,0x00,0x01,0x49,0x01,0x92,0x04,0x00,0x02,0x6D,0x04,0x00,0x02,0x6D,0x04,0x00,
  0x01,0x92,0x02,0xFF,0x01,0x92,0x01,0x24,0x05,0x00,0x01,0x92,0x05,0x00,0x01,0x92,
  0x07,0x00,0x01,0x92,0x05,0x00,0x01,0x92,0x02,0x00,0x01,0x24,0x05,0xFF,0x01,0xB6,
  0x03,0x00,0x01,0xDB,0x02,0x49,0x01,0xB6,0x01,0x49,0x04,0x00,0x01,0x24,0x06,0xFF,
  0x01,0x6D,0x09,0x00,0x01,0x92,0x09,0x00,0x01,0xDB,0x05,0x00,0x01,0x49,0x01,0x92,
  0x02,0x00,0x02,0x6D,0x01,0x00,0x05,0xFF,0x03,0x00,0x01,0x49,0x01,0xDB,0x01,0x6D,
  0x0A,0x00,0x01,0x49,0x01,0xDB,0x01,0x00,0x01,0x24,0x02,0xFF,0x01,0xDB,0x04,0x00,
  0x01,0x6D,0x03,0x00,0x02,0x6D,0x01,0x00,0x05,0xFF,0x04,0x00,0x01,0x92,0x05,0x00,
  0x01,0x92,0x0C,0x00,0x03,0xFF,0x86,0x00,0x01,0x24,0x05,0x00,0x01,0x24,0x3C,0x00,
  0x01,0xDB,0x01,0x49,0x22,0x00,0x01,0x24,0x05,0x00,0x01,0x24,0x03,0x00,0x01,0x49,
  0x17,0x00,0x01,0x49,0x01,0xDB,0x0D,0x00,0x01,0x49,0xEA,0x00,0x01,0xDB,0x01,0x49,
  0x44,0x00,0x01,0x49,0x01,0xDB,0xF8,0x00,0x01,0xB6,0x45,0x00,0x01,0x24,0x01,0xB6,
  0xFF,0x00,0xFF,0x00,0xFF,0x00,0xFF,0x00,0xFF,0x00,0xFF,0x00,0xFF,0x00,0xFF,0x00,
  0xFF,0x00,0xFF,0x00,0xBE,0x00,0x01,0x20,0x01,0xC9,0x8E,0x00,0x01,0x20,0x01,0xC9,
  0x14,0x00,0x01,0x20,0x01,0xC9,0x98,0x00,0x01,0x40,0x01,0xE9,0x8E,0x00,0x01,0x40,
  0x01,0xE9,0x14,0x00,0x01,0x40,0x01,0xE9,0x8F,0x00,0x01,0x64,0x08,0x00,0x01,0x20,
  0x01,0xED,0x07,0x00,0x01,0xA9,0x01,0x84,0x04,0x00,0x01,0xC9,0x01,0x44,0x03,0x00,
  0x01,0xC9,0x02,0x00,0x01,0xC9,0x01,0x20,0x02,0x00,0x01,0xC9,0x02,0x00,0x01,0x64,
  0x01,0x44,0x05,0x00,0x01,0x40,0x01,0x20,0x06,0x00,0x01,0x40,0x01,0x20,0x05,0x00,
  0x01,0x44,0x0A,0x00,0x01,0x20,0x0C,0x00,0x01,0x40,0x01,0x20,0x04,0x00,0x01,0x40,
  0x01,0x20,0x07,0x00,0x01,0x44,0x09,0x00,0x01,0xA9,0x01,0x64,0x05,0x00,0x01,0xC9,
  0x07,0x00,0x01,0x89,0x01,0xA9,0x01,0x44,0x04,0x00,0x01,0xA9,0x01,0x84,0x04,0x00,
  0x01,0x64,0x03,0x00,0x01,0x84,0x03,0x00,0x01,0x40,0x01,0x20,0x05,0x00,0x01,0x20,
  0x01,0xED,0x0A,0x00,0x01,0xA9,0x01,0x64,0x05,0x00,0x01,0xC9,0x02,0x00,0x01,0x20,
  0x01,0xED,0x8E,0x00,0x01,0xA9,0x05,0xED,0x01,0xE9,0x01,0x64,0x03,0x00,0x05,0xED,
  0x01,0xE9,0x02,0x00,0x01,0xC9,0x01,0xED,0x01,0xC9,0x03,0x00,0x01,0xC9,0x01,0xA9,
  0x03,0x00,0x01,0xED,0x01,0x40,0x01,0x00,0x01,0xE9,0x01,0x84,0x01,0x00,0x01,0x44,
  0x01,0xED,0x01,0x20,0x01,0x00,0x01,0xE9,0x01,0x84,0x05,0x00,0x01,0xE9,0x03,0xED,
  0x01,0xA9,0x03,0x00,0x01,0xE9,0x01,0xED,0x01,0x64,0x03,0x00,0x01,0x44,0x04,0xED,
  0x01,0xE9,0x01,0x84,0x04,0x00,0x01,0xA9,0x01,0xC9,0x02,0x00,0x01,0x84,0x01,0xED,
  0x01,0xC9,0x01,0x20,0x06,0x00,0x01,0xE9,0x01,0xED,0x01,0x64,0x03,0x00,0x01,0xE9,
  0x03,0xED,0x01,0xA9,0x03,0x00,0x01,0x44,0x04,0xED,0x01,0xE9,0x01,0x84,0x04,0x00,
  0x01,0xA9,0x01,0xED,0x01,0xA9,0x03,0x00,0x01,0x64,0x01,0xED,0x01,0x20,0x05,0x00,
  0x01,0x64,0x01,0xA9,0x01,0xC9,0x01,0xED,0x01,0xC9,0x01,0x20,0x02,0x00,0x01,0xC9,
  0x01,0xED,0x01,0xC9,0x02,0x00,0x01,0x20,0x06,0xED,0x01,0x20,0x01,0x00,0x01,0xE9,
  0x03,0xED,0x01,0xA9,0x03,0x00,0x05,0xED,0x01,0xE9,0x05,0x00,0x01,0xA9,0x01,0xED,
  0x01,0xA9,0x03,0x00,0x01,0x64,0x01,0xED,0x01,0x20,0x02,0x00,0x05,0xED,0x01,0xE9,
  0x89,0x00,0x06,0x64,0x01,0xA9,0x01,0xED,0x03,0x00,0x01,0x44,0x04,0x64,0x01,0xED,
  0x01,0x44,0x02,0x00,0x01,0x84,0x01,0xED,0x01,0x84,0x02,0x00,0x01,0x64,0x01,0xED,
  0x03,0x00,0x01,0xC9,0x01,0x64,0x01,0x00,0x01,0x84,0x01,0xC9,0x02,0x00,0x01,0xED,
  0x01,0x20,0x01,0x00,0x02,0xA9,0x04,0x00,0x01,0x20,0x03,0x64,0x01,0x84,0x01,0xE9,
  0x01,0xA9,0x02,0x00,0x01,0x64,0x01,0xE9,0x01,0xED,0x01,0xA9,0x02,0x00,0x01,0xA9,
  0x01,0xED,0x03,0x64,0x01,0x84,0x01,0xED,0x01,0xA9,0x03,0x00,0x01,0x84,0x01,0xED,
  0x01,0x40,0x02,0x84,0x01,0x64,0x01,0xC9,0x01,0xE9,0x06,0x00,0x01,0x64,0x01,0xE9,
  0x01,0xED,0x01,0xA9,0x01,0x00,0x01,0x20,0x03,0x64,0x01,0x84,0x01,0xE9,0x01,0xA9,
  0x02,0x00,0x01,0xA9,0x01,0xED,0x03,0x64,0x01,0x84,0x01,0xED,0x01,0xA9,0x04,0x00,
  0x01,0x64,0x01,0xED,0x01,0xC9,0x02,0x00,0x01,0x20,0x01,0xED,0x06,0x00,0x01,0xE9,
  0x02,0x00,0x01,0x44,0x01,0xE9,0x01,0xA9,0x03,0x00,0x01,0x84,0x01,0xED,0x01,0x84,
  0x01,0x00,0x01,0x20,0x03,0x64,0x01,0x84,0x01,0xED,0x01,0x64,0x01,0x00,0x01,0x20,
  0x03,0x64,0x01,0x84,0x01,0xE9,0x01,0xA9,0x02,0x00,0x01,0x44,0x04,0x64,0x01,0xED,
  0x01,0x44,0x05,0x00,0x01,0x64,0x01,0xED,0x01,0xC9,0x02,0x00,0x01,0x20,0x01,0xED,
  0x03,0x00,0x01,0x44,0x04,0x64,0x01,0xED,0x01,0x44,0x0A,0x00,0x03,0xED,0x7C,0x00,
  0x01,0x44,0x05,0x00,0x01,0xED,0x01,0x20,0x07,0x00,0x01,0xC9,0x01,0x44,0x03,0x00,
  0x02,0xA9,0x03,0x00,0x01,0xE9,0x01,0x44,0x02,0x00,0x01,0xA9,0x01,0x64,0x01,0x00,
  0x01,0x20,0x01,0xED,0x02,0x00,0x01,0xE9,0x02,0x00,0x01,0x84,0x01,0x89,0x09,0x00,
  0x01,0x44,0x01,0xED,0x04,0x00,0x01,0xC9,0x01,0xED,0x02,0x00,0x01,0x64,0x01,0xE9,
  0x04,0x00,0x01,0x44,0x01,0xED,0x01,0x20,0x03,0x00,0x01,0xED,0x01,0xA9,0x01,0x64,
  0x03,0x00,0x01,0xE9,0x01,0x44,0x07,0x00,0x01,0xC9,0x01,0xED,0x06,0x00,0x01,0x44,
  0x01,0xED,0x02,0x00,0x01,0x64,0x01,0xE9,0x04,0x00,0x01,0x44,0x01,0xED,0x01,0x20,
  0x03,0x00,0x01,0x40,0x01,0xA9,0x01,0xE9,0x01,0xC9,0x01,0x00,0x01,0x20,0x01,0xC9,
  0x05,0x00,0x01,0x40,0x01,0xE9,0x03,0x00,0x01,0x64,0x01,0xED,0x04,0x00,0x02,0xA9,
  0x06,0x00,0x01,0xED,0x07,0x00,0x01,0x44,0x01,0xED,0x07,0x00,0x01,0xC9,0x01,0x44,
  0x05,0x00,0x01,0x40,0x01,0xA9,0x01,0xE9,0x01,0xC9,0x01,0x00,0x01,0x20,0x01,0xC9,
  0x08,0x00,0x01,0xC9,0x01,0x44,0x09,0x00,0x05,0xED,0x7B,0x00,0x01,0xED,0x05,0x00,
  0x01,0xE9,0x01,0x20,0x07,0x00,0x01,0xC9,0x04,0x00,0x01,0x64,0x01,0xA9,0x03,0x00,
  0x01,0x84,0x01,0x89,0x02,0x00,0x01,0x89,0x01,0x40,0x02,0x00,0x01,0xED,0x01,0x44,
  0x01,0xA9,0x01,0x44,0x02,0x00,0x01,0x84,0x01,0x64,0x0A,0x00,0x01,0xED,0x01,0x20,
  0x03,0x00,0x01,0x84,0x01,0xA9,0x02,0x00,0x01,0x40,0x01,0xED,0x05,0x00,0x01,0xC9,
  0x01,0x64,0x03,0x00,0x01,0xA9,0x01,0xC9,0x04,0x00,0x01,0xA9,0x01,0x84,0x07,0x00,
  0x01,0x84,0x01,0xA9,0x07,0x00,0x01,0xED,0x01,0x20,0x01,0x00,0x01,0x40,0x01,0xED,
  0x05,0x00,0x01,0xC9,0x01,0x64,0x03,0x00,0x01,0xC9,0x01,0x00,0x01,0x20,0x01,0xE9,
  0x01,0xC9,0x01,0xA9,0x01,0x40,0x05,0x00,0x01,0x20,0x01,0xED,0x01,0xA9,0x02,0x00,
  0x01,0x20,0x01,0xED,0x04,0x00,0x01,0x64,0x01,0xA9,0x06,0x00,0x01,0xED,0x08,0x00,
  0x01,0xED,0x01,0x20,0x06,0x00,0x01,0xC9,0x06,0x00,0x01,0xC9,0x01,0x00,0x01,0x20,
  0x01,0xE9,0x01,0xC9,0x01,0xA9,0x01,0x40,0x08,0x00,0x01,0xC9,0x09,0x00,0x07,0xED,
  0x7A,0x00,0x01,0xED,0x05,0x00,0x01,0xC9,0x01,0x40,0x06,0x00,0x01,0x20,0x01,0x84,
  0x04,0x00,0x01,0x64,0x01,0xA9,0x03,0x00,0x01,0x40,0x01,0xE9,0x02,0x00,0x01,0xA9,
  0x03,0x00,0x01,0xA9,0x01,0xE9,0x01,0x44,0x03,0x00,0x01,0xC9,0x0B,0x00,0x01,0xC9,
  0x01,0x40,0x03,0x00,0x01,0xC9,0x01,0x20,0x02,0x00,0x01,0x20,0x01,0xED,0x05,0x00,
  0x01,0xA9,0x01,0x84,0x03,0x00,0x01,0xA9,0x01,0x64,0x04,0x00,0x01,0x64,0x01,0x89,
  0x07,0x00,0x01,0xC9,0x01,0x20,0x07,0x00,0x01,0xC9,0x01,0x40,0x01,0x00,0x01,0x20,
  0x01,0xED,0x05,0x00,0x01,0xA9,0x01,0x84,0x02,0x00,0x01,0x20,0x01,0xC9,0x02,0x00,
  0x01,0x20,0x01,0xC9,0x01,0xE9,0x07,0x00,0x01,0x44,0x01,0xC9,0x03,0x00,0x01,0xED,
  0x04,0x00,0x01,0x64,0x01,0xA9,0x06,0x00,0x01,0xED,0x08,0x00,0x01,0xC9,0x01,0x40,
  0x05,0x00,0x01,0x20,0x01,0x84,0x05,0x00,0x01,0x20,0x01,0xC9,0x02,0x00,0x01,0x20,
  0x01,0xC9,0x01,0xE9,0x08,0x00,0x01,0x20,0x01,0x84,0x09,0x00,0x07,0xED,0x7A,0x00,
  0x01,0xED,0x05,0x00,0x01,0xC9,0x01,0x40,0x05,0x00,0x01,0x20,0x01,0xC9,0x05,0x00,
  0x01,0x64,0x01,0xA9,0x04,0x00,0x01,0xE9,0x01,0x44,0x01,0xC9,0x01,0x64,0x03,0x00,
  0x01,0x84,0x01,0xA9,0x03,0x00,0x01,0x89,0x01,0x64,0x0B,0x00,0x01,0xC9,0x01,0x40,
  0x02,0x00,0x02,0x44,0x03,0x00,0x01,0x20,0x01,0xED,0x05,0x00,0x02,0x84,0x03,0x00,
  0x01,0xC9,0x01,0x20,0x04,0x00,0x01,0x44,0x01,0xA9,0x06,0x00,0x02,0x44,0x08,0x00,
  0x01,0xC9,0x01,0x40,0x01,0x00,0x01,0x20,0x01,0xED,0x05,0x00,0x02,0x84,0x02,0x00,
  0x01,0x64,0x01,0xA9,0x04,0x00,0x02,0xC9,0x0B,0x00,0x01,0xED,0x04,0x00,0x01,0x64,
  0x01,0xA9,0x06,0x00,0x01,0xED,0x01,0x20,0x07,0x00,0x01,0xC9,0x01,0x40,0x04,0x00,
  0x01,0x20,0x01,0xC9,0x06,0x00,0x01,0x64,0x01,0xA9,0x04,0x00,0x02,0xC9,0x06,0x00,
  0x01,0x20,0x01,0xC9,0x0A,0x00,0x07,0xED,0x7A,0x00,0x01,0xED,0x05,0x00,0x01,0xA9,
  0x01,0x40,0x03,0x00,0x01,0x64,0x01,0xA9,0x01,0xE9,0x01,0x20,0x05,0x00,0x01,0x64,
  0x01,0xA9,0x03,0x00,0x01,0x20,0x01,0xC9,0x01,0xE9,0x01,0x44,0x04,0x00,0x01,0x40,
  0x01,0xED,0x01,0x64,0x01,0x84,0x01,0xE9,0x01,0x84,0x0C,0x00,0x01,0xA9,0x01,0x40,
  0x08,0x00,0x01,0xED,0x05,0x00,0x01,0x64,0x01,0x84,0x03,0x00,0x01,0xC9,0x01,0x00,
  0x01,0x20,0x03,0x64,0x01,0x84,0x01,0x64,0x10,0x00,0x01,0xA9,0x01,0x40,0x02,0x00,
  0x01,0xED,0x05,0x00,0x01,0x64,0x01,0x84,0x02,0x00,0x01,0x64,0x01,0xED,0x01,0x64,
  0x03,0x00,0x01,0x20,0x01,0xE9,0x01,0xA9,0x0A,0x00,0x01,0xED,0x04,0x00,0x01,0x64,
  0x01,0xA9,0x06,0x00,0x01,0xE9,0x01,0x20,0x07,0x00,0x01,0xA9,0x01,0x40,0x02,0x00,
  0x01,0x64,0x01,0xA9,0x01,0xE9,0x01,0x20,0x06,0x00,0x01,0x64,0x01,0xED,0x01,0x64,
  0x03,0x00,0x01,0x20,0x01,0xE9,0x01,0xA9,0x03,0x00,0x01,0x64,0x01,0xA9,0x01,0xE9,
  0x01,0x20,0x0B,0x00,0x05,0xED,0x7B,0x00,0x01,0x84,0x05,0x00,0x01,0x84,0x03,0x00,
  0x01,0x40,0x01,0xC9,0x01,0x64,0x07,0x00,0x02,0x64,0x02,0x00,0x01,0xA9,0x01,0xED,
  0x01,0x84,0x07,0x00,0x01,0xA9,0x01,0xE9,0x01,0xA9,0x01,0x44,0x0D,0x00,0x01,0x84,
  0x09,0x00,0x01,0xC9,0x05,0x00,0x01,0x44,0x01,0x64,0x02,0x00,0x02,0x64,0x01,0x00,
  0x01,0xE9,0x03,0xED,0x01,0xE9,0x11,0x00,0x01,0x84,0x03,0x00,0x01,0xC9,0x05,0x00,
  0x01,0x44,0x01,0x64,0x02,0x00,0x01,0x84,0x01,0xED,0x01,0x84,0x04,0x00,0x01,0x40,
  0x01,0xC9,0x0A,0x00,0x01,0xED,0x04,0x00,0x02,0x64,0x06,0x00,0x01,0x84,0x08,0x00,
  0x01,0x84,0x02,0x00,0x01,0x40,0x01,0xC9,0x01,0x64,0x08,0x00,0x01,0x84,0x01,0xED,
  0x01,0x84,0x04,0x00,0x01,0x40,0x01,0xC9,0x02,0x00,0x01,0x40,0x01,0xC9,0x01,0x64,
  0x0E,0x00,0x03,0xED,0x93,0x00,0x01,0x40,0x01,0xA9,0x01,0x20,0x23,0x00,0x01,0x20,
  0x05,0x00,0x01,0x20,0x03,0x00,0x01,0x44,0x1C,0x00,0x01,0x20,0x05,0x00,0x01,0x20,
  0x16,0x00,0x01,0xED,0xFF,0x00,0x40,0x00,0x01,0xE9,0xFF,0x00,0x40,0x00,0x01,0xA9,
  0xFF,0x00,0xFF,0x00,0xFF,0x00,0xFF,0x00,0xFF,0x00,0xFF,0x00,0xFF,0x00,0xFF,0x00,
  0xFF,0x00,0xFF,0x00,0xF8,0x00,0x01,0x24,0x01,0xDB,0x20,0x00,0x01,0x24,0x01,0xDB,
  0xFF,0x00,0x1D,0x00,0x01,0x49,0x01,0xFF,0x20,0x00,0x01,0x49,0x01,0xFF,0xE0,0x00,
  0x01,0x49,0x01,0xDB,0x01,0x6D,0x06,0x00,0x01,0x24,0x09,0x00,0x01,0xB6,0x01,0x6D,
  0x05,0x00,0x01,0xDB,0x04,0x00,0x01,0x49,0x01,0xDB,0x01,0x6D,0x05,0x00,0x01,0x49,
  0x01,0x24,0x09,0x00,0x01,0xB6,0x01,0x6D,0x05,0x00,0x01,0xDB,0x02,0x00,0x01,0x24,
  0x01,0xFF,0x11,0x00,0x01,0x6D,0x09,0x00,0x01,0xB6,0x01,0x92,0x03,0x00,0x01,0x24,
  0x01,0xFF,0x0B,0x00,0x01,0x49,0x01,0xDB,0x01,0x6D,0x05,0x00,0x01,0xB6,0x01,0x92,
  0x10,0x00,0x01,0x6D,0x09,0x00,0x01,0x49,0x01,0x24,0x0A,0x00,0x01,0x6D,0x0A,0x00,
  0x01,0x6D,0x09,0x00,0x01,0x49,0x01,0x24,0x04,0x00,0x01,0xB6,0x01,0x92,0x04,0x00,
  0x01,0x49,0x01,0x24,0x81,0x00,0x01,0x24,0x02,0xB6,0x02,0xFF,0x01,0x49,0x03,0x00,
  0x02,0xDB,0x02,0x00,0x01,0x92,0x01,0xFF,0x01,0xDB,0x01,0x24,0x03,0x00,0x01,0xB6,
  0x01,0xFF,0x01,0xB6,0x03,0x00,0x01,0x6D,0x01,0xFF,0x01,0x24,0x02,0x00,0x01,0x24,
  0x02,0xB6,0x02,0xFF,0x01,0x49,0x02,0x00,0x01,0x24,0x04,0xFF,0x01,0xDB,0x01,0x24,
  0x05,0x00,0x01,0xB6,0x01,0xFF,0x01,0xB6,0x03,0x00,0x01,0x6D,0x01,0xFF,0x01,0x24,
  0x02,0x00,0x06,0xFF,0x0B,0x00,0x01,0xDB,0x07,0xFF,0x01,0x6D,0x02,0x00,0x01,0xDB,
  0x01,0xFF,0x01,0xDB,0x03,0x00,0x06,0xFF,0x05,0x00,0x01,0x24,0x02,0xB6,0x02,0xFF,
  0x01,0x49,0x03,0x00,0x01,0xDB,0x01,0xFF,0x01,0xDB,0x03,0x00,0x01,0xDB,0x01,0x6D,
  0x02,0x00,0x01,0x6D,0x01,0xDB,0x01,0xFF,0x01,0xB6,0x03,0x00,0x01,0xDB,0x07,0xFF,
  0x01,0x6D,0x01,0x00,0x01,0x24,0x04,0xFF,0x01,0xDB,0x01,0x24,0x05,0x00,0x01,0xB6,
  0x06,0xFF,0x01,0x6D,0x03,0x00,0x01,0xDB,0x07,0xFF,0x01,0x6D,0x02,0x00,0x02,0xFF,
  0x01,0x6D,0x03,0x00,0x01,0xDB,0x02,0xFF,0x01,0x24,0x02,0x00,0x04,0xFF,0x01,0xDB,
  0x01,0x24,0x7D,0x00,0x01,0xB6,0x01,0x24,0x01,0x00,0x01,0x24,0x01,0xDB,0x01,0xFF,
  0x03,0x00,0x01,0x92,0x01,0xFF,0x01,0x49,0x02,0x92,0x01,0x6D,0x01,0xDB,0x01,0xFF,
  0x04,0x00,0x01,0x6D,0x01,0xFF,0x01,0xDB,0x02,0x00,0x01,0x24,0x01,0xFF,0x01,0x24,
  0x02,0x00,0x01,0xB6,0x01,0x24,0x01,0x00,0x01,0x24,0x01,0xDB,0x01,0xFF,0x02,0x00,
  0x01,0x24,0x04,0x6D,0x01,0xFF,0x01,0x92,0x06,0x00,0x01,0x6D,0x01,0xFF,0x01,0xDB,
  0x02,0x00,0x01,0x24,0x01,0xFF,0x01,0x24,0x02,0x00,0x01,0x49,0x04,0x6D,0x01,0xFF,
  0x01,0x49,0x0A,0x00,0x01,0xB6,0x01,0xFF,0x05,0x6D,0x02,0xDB,0x03,0x00,0x01,0x92,
  0x01,0xFF,0x01,0x92,0x02,0x00,0x01,0x49,0x04,0x6D,0x01,0xFF,0x01,0x49,0x04,0x00,
  0x01,0xB6,0x01,0x24,0x01,0x00,0x01,0x24,0x01,0xDB,0x01,0xFF,0x04,0x00,0x01,0x92,
  0x01,0xFF,0x01,0x92,0x02,0x00,0x02,0xDB,0x01,0x00,0x01,0x49,0x01,0xDB,0x01,0x6D,
  0x01,0x92,0x01,0xFF,0x01,0xB6,0x02,0x00,0x01,0xB6,0x01,0xFF,0x05,0x6D,0x02,0xDB,
  0x01,0x00,0x01,0x24,0x04,0x6D,0x01,0xFF,0x01,0x92,0x05,0x00,0x06,0x6D,0x01,0xB6,
  0x01,0xFF,0x03,0x00,0x01,0xB6,0x01,0xFF,0x05,0x6D,0x02,0xDB,0x02,0x00,0x01,0x6D,
  0x02,0xFF,0x01,0xB6,0x03,0x00,0x01,0x6D,0x01,0xFF,0x01,0xB6,0x01,0x00,0x01,0x24,
  0x04,0x6D,0x02,0xFF,0x0B,0x00,0x03,0xFF,0x6F,0x00,0x01,0xFF,0x01,0x49,0x03,0x00,
  0x01,0xFF,0x01,0x24,0x03,0x00,0x01,0xFF,0x01,0xB6,0x01,0x6D,0x03,0x00,0x01,0xFF,
  0x01,0x49,0x03,0x00,0x01,0x49,0x01,0xB6,0x01,0xFF,0x01,0xDB,0x01,0x00,0x01,0x24,
  0x01,0xDB,0x03,0x00,0x01,0xFF,0x01,0x49,0x03,0x00,0x01,0xFF,0x01,0x24,0x06,0x00,
  0x01,0x6D,0x01,0x92,0x06,0x00,0x01,0x49,0x01,0xB6,0x01,0xFF,0x01,0xDB,0x01,0x00,
  0x01,0x24,0x01,0xDB,0x08,0x00,0x01,0xDB,0x01,0x49,0x0B,0x00,0x01,0xFF,0x01,0x24,
  0x04,0x00,0x01,0x6D,0x01,0xDB,0x04,0x00,0x02,0xB6,0x07,0x00,0x01,0xDB,0x01,0x49,
  0x04,0x00,0x01,0xFF,0x01,0x49,0x03,0x00,0x01,0xFF,0x01,0x24,0x04,0x00,0x02,0xB6,
  0x02,0x00,0x01,0x49,0x01,0xFF,0x05,0x00,0x01,0x6D,0x01,0xFF,0x03,0x00,0x01,0xFF,
  0x01,0x24,0x04,0x00,0x01,0x6D,0x01,0xDB,0x06,0x00,0x01,0x6D,0x01,0x92,0x06,0x00,
  0x01,0x49,0x05,0x00,0x01,0xFF,0x01,0x24,0x03,0x00,0x01,0xFF,0x01,0x24,0x04,0x00,
  0x01,0x6D,0x01,0xDB,0x04,0x00,0x01,0xDB,0x01,0xFF,0x04,0x00,0x01,0x92,0x01,0xDB,
  0x06,0x00,0x01,0x24,0x01,0xFF,0x01,0x6D,0x09,0x00,0x05,0xFF,0x6E,0x00,0x01,0xB6,
  0x01,0xFF,0x01,0x49,0x02,0x00,0x01,0xDB,0x01,0x49,0x03,0x00,0x01,0xB6,0x01,0xDB,
  0x04,0x00,0x01,0xB6,0x01,0x92,0x03,0x00,0x01,0xDB,0x01,0x00,0x01,0x24,0x01,0xFF,
  0x01,0xDB,0x01,0xB6,0x01,0x49,0x03,0x00,0x01,0xB6,0x01,0xFF,0x01,0x49,0x02,0x00,
  0x01,0xDB,0x01,0x49,0x06,0x00,0x01,0x6D,0x01,0xB6,0x06,0x00,0x01,0xDB,0x01,0x00,
  0x01,0x24,0x01,0xFF,0x01,0xDB,0x01,0xB6,0x01,0x49,0x08,0x00,0x01,0xDB,0x0C,0x00,
  0x01,0xDB,0x01,0x49,0x04,0x00,0x01,0x6D,0x01,0x92,0x04,0x00,0x01,0x92,0x01,0xB6,
  0x07,0x00,0x01,0xDB,0x05,0x00,0x01,0xB6,0x01,0xFF,0x01,0x49,0x02,0x00,0x01,0xDB,
  0x01,0x49,0x04,0x00,0x01,0x92,0x01,0xB6,0x03,0x00,0x01,0xFF,0x01,0x49,0x05,0x00,
  0x01,0xFF,0x03,0x00,0x01,0xDB,0x01,0x49,0x04,0x00,0x01,0x6D,0x01,0x92,0x06,0x00,
  0x01,0x6D,0x01,0xB6,0x06,0x00,0x01,0xFF,0x05,0x00,0x01,0xFF,0x01,0x24,0x03,0x00,
  0x01,0xDB,0x01,0x49,0x04,0x00,0x01,0x6D,0x01,0x92,0x04,0x00,0x01,0x92,0x01,0xB6,
  0x04,0x00,0x01,0x49,0x01,0xFF,0x07,0x00,0x01,0xB6,0x01,0x92,0x08,0x00,0x07,0xFF,
  0x6E,0x00,0x01,0x92,0x03,0x00,0x01,0xB6,0x01,0x49,0x03,0x00,0x01,0xB6,0x01,0x6D,
  0x04,0x00,0x01,0x6D,0x01,0xB6,0x02,0x00,0x01,0x24,0x01,0xDB,0x02,0x00,0x01,0x24,
  0x02,0xFF,0x05,0x00,0x01,0x92,0x03,0x00,0x01,0xB6,0x01,0x49,0x06,0x00,0x01,0x6D,
  0x01,0xB6,0x05,0x00,0x01,0x24,0x01,0xDB,0x02,0x00,0x01,0x24,0x02,0xFF,0x08,0x00,
  0x01,0x24,0x01,0x92,0x0C,0x00,0x02,0x92,0x04,0x00,0x01,0xDB,0x05,0x00,0x01,0x6D,
  0x01,0xB6,0x06,0x00,0x01,0x24,0x01,0x92,0x06,0x00,0x01,0x92,0x03,0x00,0x01,0xB6,
  0x01,0x49,0x04,0x00,0x01,0x6D,0x01,0xB6,0x03,0x00,0x01,0xB6,0x01,0x6D,0x04,0x00,
  0x01,0x24,0x01,0xB6,0x03,0x00,0x02,0x92,0x04,0x00,0x01,0xDB,0x07,0x00,0x01,0x6D,
  0x01,0xB6,0x06,0x00,0x01,0xFF,0x05,0x00,0x01,0xDB,0x01,0x49,0x03,0x00,0x02,0x92,
  0x04,0x00,0x01,0xDB,0x05,0x00,0x01,0xDB,0x01,0x24,0x04,0x00,0x01,0x24,0x01,0xFF,
  0x07,0x00,0x01,0x92,0x01,0x6D,0x08,0x00,0x07,0xFF,0x72,0x00,0x01,0xB6,0x01,0x49,
  0x03,0x00,0x01,0xDB,0x01,0x24,0x04,0x00,0x01,0x49,0x01,0xB6,0x02,0x00,0x01,0x6D,
  0x01,0xB6,0x03,0x00,0x01,0x24,0x01,0xFF,0x01,0xDB,0x08,0x00,0x01,0xB6,0x01,0x49,
  0x06,0x00,0x01,0x6D,0x01,0xB6,0x05,0x00,0x01,0x6D,0x01,0xB6,0x03,0x00,0x01,0x24,
  0x01,0xFF,0x01,0xDB,0x06,0x00,0x01,0x24,0x01,0xDB,0x0D,0x00,0x01,0x49,0x01,0xDB,
  0x03,0x00,0x02,0x6D,0x05,0x00,0x01,0x6D,0x01,0xB6,0x05,0x00,0x01,0x24,0x01,0xDB,
  0x0B,0x00,0x01,0xB6,0x01,0x49,0x04,0x00,0x01,0x6D,0x01,0xB6,0x03,0x00,0x01,0x6D,
  0x01,0xB6,0x04,0x00,0x01,0xB6,0x04,0x00,0x01,0x49,0x01,0xDB,0x03,0x00,0x02,0x6D,
  0x07,0x00,0x01,0x6D,0x01,0xB6,0x06,0x00,0x01,0xFF,0x05,0x00,0x01,0xDB,0x01,0x49,
  0x03,0x00,0x01,0x49,0x01,0xDB,0x03,0x00,0x02,0x6D,0x04,0x00,0x02,0x49,0x05,0x00,
  0x01,0x24,0x01,0xFF,0x07,0x00,0x01,0xB6,0x09,0x00,0x07,0xFF,0x6D,0x00,0x01,0x49,
  0x04,0x6D,0x01,0xDB,0x04,0x00,0x01,0xFF,0x01,0x00,0x01,0x24,0x03,0x6D,0x01,0x92,
  0x01,0x6D,0x02,0x00,0x01,0x6D,0x01,0xFF,0x01,0x6D,0x03,0x00,0x01,0x24,0x01,0xFF,
  0x01,0xDB,0x02,0x00,0x01,0x49,0x04,0x6D,0x01,0xDB,0x03,0x00,0x01,0x49,0x03,0x6D,
  0x01,0xB6,0x01,0xFF,0x01,0x49,0x04,0x00,0x01,0x6D,0x01,0xFF,0x01,0x6D,0x03,0x00,
  0x01,0x24,0x01,0xFF,0x01,0xDB,0x03,0x00,0x01,0x6D,0x01,0xDB,0x01,0xFF,0x01,0x24,
  0x07,0x00,0x01,0x49,0x01,0xB6,0x05,0x00,0x01,0xFF,0x02,0x92,0x01,0xDB,0x01,0x92,
  0x06,0x00,0x01,0x6D,0x01,0xB6,0x03,0x00,0x01,0x6D,0x01,0xDB,0x01,0xFF,0x01,0x24,
  0x06,0x00,0x01,0x49,0x04,0x6D,0x01,0xDB,0x05,0x00,0x01,0x6D,0x01,0xB6,0x03,0x00,
  0x01,0x24,0x01,0xFF,0x01,0x92,0x01,0x6D,0x01,0x92,0x01,0xDB,0x01,0x49,0x05,0x00,
  0x01,0xFF,0x02,0x92,0x01,0xDB,0x01,0x92,0x04,0x00,0x01,0x49,0x03,0x6D,0x01,0xB6,
  0x01,0xFF,0x01,0x49,0x05,0x00,0x01,0xFF,0x05,0x00,0x01,0xDB,0x01,0x49,0x04,0x00,
  0x01,0xFF,0x02,0x92,0x01,0xDB,0x01,0x92,0x0A,0x00,0x01,0x49,0x01,0x6D,0x02,0x92,
  0x02,0x00,0x01,0x49,0x03,0x6D,0x01,0x92,0x01,0x6D,0x0A,0x00,0x05,0xFF,0x6D,0x00,
  0x01,0x24,0x05,0xFF,0x01,0x92,0x03,0x00,0x02,0x6D,0x01,0x00,0x05,0xFF,0x03,0x00,
  0x01,0x92,0x01,0xFF,0x01,0x92,0x04,0x00,0x01,0x49,0x01,0xFF,0x01,0x00,0x01,0x24,
  0x05,0xFF,0x01,0x92,0x02,0x00,0x01,0x24,0x06,0xFF,0x01,0x6D,0x04,0x00,0x01,0x92,
  0x01,0xFF,0x01,0x92,0x04,0x00,0x01,0x49,0x01,0xFF,0x02,0x00,0x01,0x49,0x01,0xDB,
  0x01,0x6D,0x09,0x00,0x01,0x92,0x01,0xFF,0x05,0x00,0x01,0x92,0x01,0xFF,0x01,0xDB,
  0x01,0x49,0x07,0x00,0x02,0x6D,0x02,0x00,0x01,0x49,0x01,0xDB,0x01,0x6D,0x07,0x00,
  0x01,0x24,0x05,0xFF,0x01,0x92,0x05,0x00,0x02,0x6D,0x04,0x00,0x01,0x92,0x02,0xFF,
  0x01,0x92,0x01,0x24,0x06,0x00,0x01,0x92,0x01,0xFF,0x01,0xDB,0x01,0x49,0x04,0x00,
  0x01,0x24,0x06,0xFF,0x01,0x6D,0x05,0x00,0x01,0x92,0x05,0x00,0x01,0x92,0x05,0x00,
  0x01,0x92,0x01,0xFF,0x01,0xDB,0x01,0x49,0x0A,0x00,0x01,0x49,0x03,0xFF,0x01,0x24,
  0x01,0x00,0x01,0x24,0x04,0xFF,0x01,0xB6,0x0C,0x00,0x03,0xFF,0x78,0x00,0x01,0x49,
  0x40,0x00,0x01,0x6D,0x01,0xB6,0xFF,0x00,0x3F,0x00,0x01,0xB6,0x01,0x24,0xFF,0x00,
  0x3F,0x00,0x01,0x92,0xFF,0x00,0xFF,0x00,0xFF,0x00,0xFF,0x00,0xFF,0x00,0xFF,0x00,
  0xFF,0x00,0xFF,0x00,0xFF,0x00,0xFF,0x00,0xFF,0x00,0xFF,0x00,0x49,0x00,0x01,0x49,
  0x01,0x6D,0x06,0x00,0x01,0x6D,0x01,0x92,0x01,0x6D,0x05,0x00,0x01,0x6D,0x01,0x92,
  0x01,0x6D,0x33,0x00,0x01,0x49,0x01,0x92,0x01,0x6D,0xB8,0x00,0x01,0x24,0x01,0x6D,
  0x09,0x00,0x01,0x6D,0x01,0x49,0x04,0x00,0x01,0x6D,0x01,0x49,0x05,0x00,0x01,0x6D,
  0x04,0x00,0x01,0x6D,0x0A,0x00,0x01,0x49,0x09,0x00,0x01,0x6D,0x01,0x24,0x03,0x00,
  0x01,0x92,0x06,0x00,0x01,0x6D,0x02,0x92,0x05,0x00,0x01,0x6D,0x02,0x00,0x02,0x6D,
  0x03,0x00,0x01,0x6D,0x02,0x00,0x02,0x6D,0x05,0x00,0x01,0x24,0x03,0x00,0x01,0x49,
  0x03,0x00,0x01,0x6D,0x01,0x49,0x04,0x00,0x01,0x6D,0x01,0x24,0x03,0x00,0x01,0x92,
  0x05,0x00,0x01,0x6D,0x03,0x00,0x01,0x6D,0x02,0x00,0x02,0x24,0x02,0x00,0x01,0x24,
  0x08,0x00,0x01,0x24,0x01,0x49,0x01,0x92,0x01,0x6D,0x03,0x00,0x01,0x24,0x0A,0x00,
  0x01,0x49,0x09,0x00,0x01,0x24,0x05,0x00,0x02,0x49,0x04,0x00,0x02,0x24,0x07,0x00,
  0x01,0x24,0x0C,0x00,0x01,0x24,0x01,0x6D,0x0A,0x00,0x01,0x49,0x0A,0x00,0x01,0x24,
  0x01,0x6D,0x01,0x49,0x06,0x00,0x01,0x49,0x09,0x00,0x01,0x24,0x06,0x00,0x01,0x24,
  0x01,0x6D,0x01,0x49,0x49,0x00,0x07,0x92,0x01,0x49,0x03,0x00,0x02,0x92,0x01,0x6D,
  0x03,0x00,0x01,0x6D,0x01,0x92,0x01,0x6D,0x03,0x00,0x01,0x24,0x01,0x92,0x03,0x00,
  0x01,0x6D,0x07,0x92,0x01,0x49,0x02,0x00,0x01,0x6D,0x07,0x92,0x01,0x49,0x02,0x00,
  0x01,0x92,0x01,0x6D,0x03,0x00,0x01,0x92,0x01,0x24,0x06,0x00,0x01,0x6D,0x01,0x92,
  0x04,0x00,0x01,0x49,0x01,0x6D,0x03,0x00,0x01,0x92,0x01,0x24,0x01,0x00,0x01,0x49,
  0x01,0x6D,0x03,0x00,0x01,0x92,0x01,0x24,0x04,0x00,0x06,0x92,0x01,0x24,0x01,0x00,
  0x02,0x92,0x01,0x6D,0x03,0x00,0x01,0x92,0x01,0x6D,0x03,0x00,0x01,0x92,0x01,0x24,
  0x04,0x00,0x01,0x92,0x01,0x49,0x01,0x00,0x01,0x24,0x01,0x92,0x02,0x00,0x01,0x92,
  0x01,0x49,0x02,0x00,0x02,0x92,0x01,0x49,0x08,0x00,0x01,0x24,0x01,0x92,0x02,0x00,
  0x01,0x6D,0x06,0x92,0x01,0x24,0x03,0x00,0x01,0x6D,0x07,0x92,0x01,0x49,0x02,0x00,
  0x02,0x92,0x01,0x49,0x03,0x00,0x01,0x6D,0x02,0x92,0x03,0x00,0x04,0x92,0x01,0x6D,
  0x03,0x00,0x01,0x6D,0x06,0x92,0x01,0x24,0x06,0x00,0x07,0x92,0x01,0x49,0x03,0x00,
  0x01,0x6D,0x07,0x92,0x01,0x49,0x03,0x00,0x02,0x6D,0x02,0x92,0x01,0x24,0x03,0x00,
  0x01,0x6D,0x07,0x92,0x01,0x49,0x02,0x00,0x02,0x92,0x01,0x49,0x04,0x00,0x02,0x6D,
  0x02,0x92,0x01,0x24,0x47,0x00,0x01,0x24,0x01,0x6D,0x01,0x92,0x03,0x24,0x01,0x49,
  0x01,0x92,0x04,0x00,0x01,0x49,0x01,0x92,0x01,0x49,0x03,0x00,0x01,0x49,0x01,0x92,
  0x01,0x6D,0x03,0x00,0x01,0x92,0x03,0x00,0x01,0x24,0x01,0x92,0x01,0x49,0x04,0x24,
  0x02,0x6D,0x02,0x00,0x01,0x6D,0x01,0x92,0x05,0x24,0x02,0x6D,0x02,0x00,0x01,0x24,
  0x01,0x92,0x03,0x00,0x01,0x92,0x01,0x24,0x06,0x00,0x01,0x49,0x01,0x92,0x04,0x00,
  0x01,0x6D,0x01,0x49,0x03,0x00,0x01,0x92,0x01,0x49,0x01,0x00,0x01,0x6D,0x01,0x49,
  0x03,0x00,0x01,0x92,0x01,0x49,0x04,0x00,0x03,0x24,0x01,0x49,0x01,0x92,0x01,0x49,
  0x03,0x00,0x01,0x49,0x01,0x92,0x01,0x49,0x02,0x00,0x01,0x24,0x01,0x92,0x03,0x00,
  0x01,0x92,0x01,0x24,0x04,0x00,0x01,0x49,0x01,0x6D,0x02,0x00,0x01,0x92,0x02,0x00,
  0x02,0x6D,0x02,0x00,0x01,0x24,0x02,0x92,0x01,0x6D,0x07,0x00,0x01,0x24,0x01,0x6D,
  0x02,0x00,0x06,0x24,0x01,0x6D,0x01,0x92,0x03,0x00,0x01,0x6D,0x01,0x92,0x05,0x24,
  0x02,0x6D,0x02,0x00,0x01,0x24,0x02,0x92,0x01,0x6D,0x03,0x00,0x01,0x49,0x01,0x92,
  0x01,0x6D,0x02,0x00,0x03,0x24,0x01,0x49,0x02,0x92,0x02,0x00,0x06,0x24,0x01,0x6D,
  0x01,0x92,0x06,0x00,0x01,0x24,0x01,0x6D,0x01,0x92,0x03,0x24,0x01,0x49,0x01,0x92,
  0x03,0x00,0x01,0x6D,0x01,0x92,0x05,0x24,0x02,0x6D,0x02,0x00,0x01,0x6D,0x03,0x00,
  0x01,0x6D,0x01,0x92,0x03,0x00,0x01,0x6D,0x01,0x92,0x05,0x24,0x02,0x6D,0x02,0x00,
  0x01,0x24,0x02,0x92,0x01,0x6D,0x02,0x00,0x01,0x6D,0x03,0x00,0x01,0x6D,0x01,0x92,
  0x0C,0x00,0x03,0x92,0x39,0x00,0x01,0x24,0x01,0x92,0x04,0x00,0x01,0x92,0x01,0x24,
  0x04,0x00,0x02,0x6D,0x03,0x00,0x01,0x24,0x01,0x6D,0x01,0x92,0x01,0x6D,0x01,0x00,
  0x01,0x24,0x01,0x6D,0x04,0x00,0x01,0x92,0x01,0x24,0x04,0x00,0x01,0x49,0x01,0x6D,
  0x03,0x00,0x01,0x92,0x05,0x00,0x01,0x24,0x01,0x6D,0x03,0x00,0x01,0x92,0x01,0x24,
  0x02,0x00,0x01,0x6D,0x01,0x24,0x06,0x00,0x01,0x24,0x01,0x92,0x04,0x00,0x01,0x6D,
  0x01,0x49,0x03,0x00,0x01,0x6D,0x01,0x49,0x01,0x00,0x01,0x6D,0x01,0x49,0x03,0x00,
  0x01,0x6D,0x01,0x49,0x08,0x00,0x01,0x92,0x05,0x00,0x02,0x6D,0x03,0x00,0x01,0x92,
  0x01,0x24,0x02,0x00,0x01,0x6D,0x01,0x24,0x04,0x00,0x01,0x24,0x01,0x92,0x02,0x00,
  0x01,0x92,0x02,0x00,0x02,0x49,0x04,0x00,0x01,0x6D,0x01,0x92,0x07,0x00,0x01,0x6D,
  0x04,0x00,0x01,0x24,0x05,0x00,0x01,0x92,0x04,0x00,0x01,0x92,0x05,0x00,0x01,0x24,
  0x01,0x6D,0x04,0x00,0x01,0x6D,0x01,0x92,0x04,0x00,0x01,0x49,0x01,0x6D,0x07,0x00,
  0x01,0x92,0x01,0x24,0x02,0x00,0x01,0x24,0x05,0x00,0x01,0x92,0x07,0x00,0x01,0x24,
  0x01,0x92,0x04,0x00,0x01,0x92,0x01,0x24,0x03,0x00,0x01,0x92,0x05,0x00,0x01,0x24,
  0x01,0x6D,0x02,0x00,0x01,0x92,0x01,0x24,0x03,0x00,0x01,0x92,0x04,0x00,0x01,0x92,
  0x05,0x00,0x01,0x24,0x01,0x6D,0x04,0x00,0x01,0x6D,0x01,0x92,0x02,0x00,0x01,0x92,
  0x01,0x24,0x03,0x00,0x01,0x92,0x0B,0x00,0x05,0x92,0x39,0x00,0x01,0x92,0x04,0x00,
  0x01,0x6D,0x01,0x24,0x04,0x00,0x01,0x49,0x01,0x6D,0x03,0x00,0x01,0x6D,0x02,0x00,
  0x02,0x92,0x01,0x6D,0x01,0x24,0x04,0x00,0x01,0x92,0x01,0x24,0x04,0x00,0x01,0x49,
  0x01,0x24,0x03,0x00,0x01,0x6D,0x01,0x24,0x04,0x00,0x02,0x49,0x03,0x00,0x01,0x49,
  0x01,0x6D,0x02,0x00,0x01,0x49,0x01,0x24,0x06,0x00,0x01,0x24,0x01,0x92,0x04,0x00,
  0x01,0x92,0x01,0x49,0x03,0x00,0x01,0x6D,0x01,0x49,0x01,0x00,0x01,0x92,0x01,0x49,
  0x03,0x00,0x01,0x6D,0x01,0x49,0x08,0x00,0x01,0x92,0x05,0x00,0x01,0x49,0x01,0x6D,
  0x03,0x00,0x01,0x49,0x01,0x6D,0x02,0x00,0x01,0x49,0x01,0x24,0x05,0x00,0x01,0x92,
  0x01,0x24,0x01,0x6D,0x01,0x24,0x02,0x00,0x02,0x49,0x04,0x00,0x01,0x49,0x01,0x6D,
  0x06,0x00,0x01,0x6D,0x01,0x24,0x04,0x00,0x01,0x92,0x05,0x00,0x01,0x92,0x01,0x24,
  0x03,0x00,0x01,0x6D,0x01,0x24,0x04,0x00,0x02,0x49,0x04,0x00,0x01,0x49,0x01,0x6D,
  0x04,0x00,0x01,0x24,0x01,0x92,0x07,0x00,0x01,0x6D,0x01,0x49,0x02,0x00,0x01,0x92,
  0x05,0x00,0x01,0x92,0x01,0x24,0x07,0x00,0x01,0x92,0x04,0x00,0x01,0x6D,0x01,0x24,
  0x03,0x00,0x01,0x6D,0x01,0x24,0x04,0x00,0x02,0x49,0x02,0x00,0x01,0x6D,0x01,0x92,
  0x01,0x24,0x02,0x00,0x01,0x6D,0x01,0x24,0x03,0x00,0x01,0x6D,0x01,0x24,0x04,0x00,
  0x02,0x49,0x04,0x00,0x01,0x49,0x01,0x6D,0x02,0x00,0x01,0x6D,0x01,0x92,0x01,0x24,
  0x02,0x00,0x01,0x6D,0x01,0x24,0x09,0x00,0x07,0x92,0x38,0x00,0x01,0x92,0x01,0x24,
  0x03,0x00,0x01,0x6D,0x01,0x24,0x04,0x00,0x01,0x49,0x01,0x6D,0x02,0x00,0x01,0x24,
  0x01,0x6D,0x03,0x00,0x02,0x92,0x05,0x00,0x01,0x92,0x01,0x24,0x04,0x00,0x01,0x6D,
  0x04,0x00,0x02,0x49,0x04,0x00,0x01,0x6D,0x04,0x00,0x01,0x24,0x01,0x92,0x02,0x00,
  0x01,0x6D,0x07,0x00,0x01,0x24,0x01,0x92,0x04,0x00,0x01,0x6D,0x01,0x49,0x03,0x00,
  0x01,0x92,0x01,0x24,0x01,0x00,0x01,0x6D,0x01,0x49,0x03,0x00,0x01,0x92,0x01,0x24,
  0x08,0x00,0x01,0x92,0x05,0x00,0x01,0x49,0x01,0x6D,0x03,0x00,0x01,0x24,0x01,0x92,
  0x02,0x00,0x01,0x6D,0x06,0x00,0x01,0x6D,0x01,0x92,0x01,0x24,0x03,0x00,0x01,0x6D,
  0x05,0x00,0x01,0x92,0x07,0x00,0x01,0x92,0x01,0x24,0x04,0x00,0x01,0x92,0x05,0x00,
  0x01,0x6D,0x01,0x24,0x03,0x00,0x02,0x49,0x04,0x00,0x01,0x6D,0x05,0x00,0x01,0x92,
  0x06,0x00,0x01,0x92,0x07,0x00,0x01,0x49,0x01,0x24,0x02,0x00,0x01,0x92,0x05,0x00,
  0x01,0x6D,0x01,0x24,0x07,0x00,0x01,0x92,0x01,0x24,0x03,0x00,0x01,0x6D,0x01,0x24,
  0x03,0x00,0x02,0x49,0x04,0x00,0x01,0x6D,0x04,0x00,0x01,0x49,0x03,0x00,0x01,0x6D,
  0x01,0x24,0x03,0x00,0x02,0x49,0x04,0x00,0x01,0x6D,0x05,0x00,0x01,0x92,0x04,0x00,
  0x01,0x49,0x03,0x00,0x01,0x6D,0x01,0x24,0x09,0x00,0x07,0x92,0x38,0x00,0x01,0x6D,
  0x01,0x24,0x03,0x00,0x01,0x6D,0x01,0x24,0x04,0x00,0x01,0x49,0x01,0x6D,0x02,0x00,
  0x01,0x24,0x01,0x6D,0x04,0x00,0x01,0x92,0x01,0x6D,0x04,0x00,0x01,0x92,0x01,0x24,
  0x03,0x00,0x01,0x49,0x01,0x24,0x04,0x00,0x01,0x24,0x01,0x92,0x03,0x00,0x02,0x49,
  0x05,0x00,0x01,0x92,0x01,0x24,0x01,0x6D,0x01,0x24,0x07,0x00,0x01,0x24,0x01,0x92,
  0x04,0x00,0x01,0x49,0x01,0x6D,0x03,0x00,0x01,0x92,0x02,0x00,0x01,0x49,0x01,0x6D,
  0x03,0x00,0x01,0x92,0x09,0x00,0x01,0x92,0x05,0x00,0x01,0x49,0x01,0x6D,0x04,0x00,
  0x01,0x92,0x01,0x24,0x01,0x6D,0x01,0x24,0x06,0x00,0x01,0x49,0x01,0x6D,0x03,0x00,
  0x02,0x49,0x04,0x00,0x02,0x24,0x07,0x00,0x01,0x49,0x01,0x24,0x04,0x00,0x01,0x92,
  0x05,0x00,0x01,0x6D,0x01,0x24,0x03,0x00,0x01,0x24,0x01,0x92,0x03,0x00,0x02,0x49,
  0x04,0x00,0x02,0x24,0x06,0x00,0x01,0x92,0x07,0x00,0x01,0x6D,0x03,0x00,0x01,0x92,
  0x05,0x00,0x01,0x6D,0x01,0x24,0x07,0x00,0x01,0x6D,0x01,0x24,0x03,0x00,0x01,0x6D,
  0x01,0x24,0x03,0x00,0x01,0x24,0x01,0x92,0x03,0x00,0x02,0x49,0x08,0x00,0x01,0x6D,
  0x01,0x24,0x03,0x00,0x01,0x24,0x01,0x92,0x03,0x00,0x02,0x49,0x04,0x00,0x02,0x24,
  0x08,0x00,0x01,0x6D,0x01,0x24,0x09,0x00,0x07,0x92,0x36,0x00,0x02,0x24,0x01,0x6D,
  0x04,0x00,0x01,0x49,0x01,0x24,0x04,0x00,0x01,0x24,0x01,0x6D,0x02,0x00,0x01,0x24,
  0x01,0x92,0x01,0x49,0x04,0x00,0x01,0x92,0x01,0x6D,0x03,0x00,0x01,0x6D,0x01,0x24,
  0x01,0x00,0x01,0x49,0x01,0x92,0x01,0x49,0x06,0x00,0x01,0x92,0x02,0x49,0x01,0x6D,
  0x01,0x49,0x06,0x00,0x02,0x92,0x01,0x24,0x08,0x00,0x01,0x24,0x01,0x92,0x04,0x00,
  0x01,0x24,0x01,0x92,0x01,0x24,0x01,0x00,0x01,0x24,0x01,0x49,0x02,0x00,0x01,0x24,
  0x01,0x92,0x01,0x24,0x01,0x00,0x01,0x24,0x01,0x49,0x09,0x00,0x01,0x92,0x05,0x00,
  0x01,0x24,0x01,0x6D,0x04,0x00,0x02,0x92,0x01,0x24,0x07,0x00,0x01,0x24,0x01,0x92,
  0x02,0x49,0x01,0x92,0x01,0x49,0x14,0x00,0x01,0x92,0x05,0x00,0x01,0x6D,0x01,0x24,
  0x04,0x00,0x01,0x92,0x02,0x49,0x01,0x6D,0x01,0x49,0x0A,0x00,0x02,0x24,0x02,0x49,
  0x02,0x00,0x04,0x24,0x02,0x49,0x03,0x00,0x01,0x92,0x05,0x00,0x01,0x6D,0x01,0x24,
  0x05,0x00,0x02,0x24,0x01,0x6D,0x04,0x00,0x01,0x49,0x01,0x24,0x04,0x00,0x01,0x92,
  0x02,0x49,0x01,0x6D,0x01,0x49,0x04,0x00,0x05,0x24,0x01,0x6D,0x05,0x00,0x01,0x92,
  0x02,0x49,0x01,0x6D,0x01,0x49,0x0A,0x00,0x05,0x24,0x01,0x6D,0x0B,0x00,0x05,0x92,
  0x37,0x00,0x02,0x92,0x01,0x6D,0x04,0x00,0x01,0x49,0x05,0x00,0x01,0x24,0x01,0x49,
  0x02,0x00,0x01,0x49,0x01,0x92,0x01,0x49,0x04,0x00,0x01,0x24,0x01,0x92,0x03,0x00,
  0x01,0x6D,0x02,0x24,0x01,0x6D,0x01,0x24,0x07,0x00,0x01,0x49,0x01,0x92,0x01,0x6D,
  0x01,0x24,0x05,0x00,0x01,0x6D,0x01,0x92,0x01,0x49,0x08,0x00,0x01,0x6D,0x04,0x92,
  0x01,0x6D,0x03,0x00,0x01,0x24,0x02,0x92,0x01,0x49,0x04,0x00,0x01,0x24,0x02,0x92,
  0x01,0x49,0x0A,0x00,0x01,0x49,0x05,0x00,0x01,0x24,0x01,0x49,0x02,0x00,0x01,0x6D,
  0x01,0x92,0x01,0x49,0x0A,0x00,0x01,0x6D,0x01,0x92,0x01,0x6D,0x01,0x24,0x0F,0x00,
  0x01,0x6D,0x01,0x49,0x04,0x00,0x01,0x49,0x05,0x00,0x01,0x49,0x05,0x00,0x01,0x49,
  0x01,0x92,0x01,0x6D,0x01,0x24,0x0A,0x00,0x01,0x24,0x03,0x92,0x03,0x00,0x04,0x92,
  0x01,0x6D,0x04,0x00,0x01,0x49,0x05,0x00,0x01,0x49,0x06,0x00,0x02,0x92,0x01,0x6D,
  0x04,0x00,0x01,0x49,0x05,0x00,0x01,0x49,0x01,0x92,0x01,0x6D,0x01,0x24,0x05,0x00,
  0x05,0x92,0x01,0x49,0x05,0x00,0x01,0x49,0x01,0x92,0x01,0x6D,0x01,0x24,0x0B,0x00,
  0x05,0x92,0x01,0x49,0x0C,0x00,0x03,0x92,0x55,0x00,0x01,0x6D,0x01,0x24,0x12,0x00,
  0x01,0x24,0x01,0x6D,0x32,0x00,0x01,0x24,0x01,0x6D,0x1F,0x00,0x01,0x6D,0x01,0x49,
  0xD5,0x00,0x01,0x6D,0x01,0x24,0xFF,0x00,0x3F,0x00,0x01,0x6D,0xFF,0x00,0xFF,0x00,
  0xFF,0x00,0xFF,0x00,0xFF,0x00,0xFF,0x00,0xFF,0x00,0xFF,0x00,0xFF,0x00,0xFF,0x00,
  0xFF,0x00,0xFF,0x00,0x0A,0x00,0x01,0x24,0x01,0xD5,0x64,0x00,0x01,0x48,0x01,0xD5,
  0x01,0xFA,0x03,0xF9,0x01,0xFA,0x01,0x68,0x03,0x00,0x01,0x91,0x01,0xD9,0x01,0xFA,
  0x01,0xD5,0x01,0x48,0x02,0x00,0x01,0x68,0x02,0xFA,0x01,0x68,0x06,0x00,0x01,0xF9,
  0x01,0xFA,0x01,0xD5,0x04,0x00,0x01,0x91,0x01,0xD9,0x01,0xFA,0x01,0xD5,0x01,0x48,
  0x4A,0x00,0x01,0x24,0x67,0x00,0x01,0x48,0x01,0xFA,0x65,0x00,0x01,0x68,0x01,0xFA,
  0x03,0x00,0x01,0x68,0x01,0x44,0x02,0x00,0x01,0xD5,0x01,0x48,0x02,0x00,0x01,0x6D,
  0x01,0xFA,0x01,0x48,0x02,0x00,0x01,0x48,0x01,0xFA,0x01,0xD5,0x05,0x00,0x01,0x68,
  0x01,0xFA,0x01,0xD5,0x04,0x00,0x01,0xD5,0x01,0x48,0x02,0x00,0x01,0x6D,0x01,0xFA,
  0x01,0x48,0x11,0x00,0x01,0x68,0x0A,0x00,0x01,0x48,0x09,0x00,0x01,0xB1,0x01,0x91,
  0x04,0x00,0x01,0xB1,0x01,0x91,0x04,0x00,0x01,0x48,0x01,0x24,0x07,0x00,0x01,0x68,
  0x0C,0x00,0x01,0x48,0x01,0xB5,0x0A,0x00,0x01,0x24,0x09,0x00,0x01,0x44,0x01,0x24,
  0x04,0x00,0x01,0xD5,0x01,0x24,0x02,0x00,0x01,0xD5,0x02,0x00,0x01,0x68,0x01,0x48,
  0x02,0x00,0x01,0x48,0x01,0x24,0x14,0x00,0x01,0x68,0x03,0x00,0x01,0x8D,0x03,0x00,
  0x01,0x44,0x01,0x24,0x05,0x00,0x01,0x6D,0x0A,0x00,0x01,0x44,0x01,0xD5,0x01,0x6D,
  0x06,0x00,0x01,0x68,0x08,0x00,0x01,0x24,0x01,0xFA,0x0A,0x00,0x01,0x68,0x03,0x00,
  0x01,0x8D,0x04,0x00,0x01,0x48,0x0A,0x00,0x01,0x44,0x01,0xD5,0x01,0x6D,0x44,0x00,
  0x01,0x68,0x01,0xFA,0x06,0x00,0x01,0xB1,0x01,0x6D,0x04,0x00,0x01,0x8D,0x01,0xF9,
  0x02,0x00,0x01,0x24,0x01,0xF9,0x01,0xFA,0x01,0x48,0x04,0x00,0x01,0xD5,0x01,0xD9,
  0x01,0xD5,0x03,0x00,0x01,0xB1,0x01,0x6D,0x04,0x00,0x01,0x8D,0x01,0xF9,0x10,0x00,
  0x01,0xB5,0x06,0xFA,0x01,0x68,0x03,0x00,0x01,0x48,0x05,0xFA,0x01,0x91,0x04,0x00,
  0x01,0xD5,0x01,0xFA,0x01,0xD5,0x03,0x00,0x01,0xD5,0x01,0xFA,0x01,0xD5,0x03,0x00,
  0x04,0xFA,0x01,0xB1,0x03,0x00,0x01,0xB5,0x06,0xFA,0x01,0x68,0x06,0x00,0x01,0xF9,
  0x06,0xFA,0x01,0x91,0x03,0x00,0x02,0xD5,0x02,0x00,0x01,0x91,0x01,0xFA,0x01,0xD5,
  0x01,0x24,0x03,0x00,0x02,0xFA,0x01,0x6D,0x03,0x00,0x01,0xFA,0x01,0x8D,0x01,0x00,
  0x01,0x48,0x01,0xFA,0x01,0x24,0x01,0x00,0x01,0xFA,0x01,0x91,0x02,0x00,0x04,0xFA,
  0x01,0xB1,0x10,0x00,0x01,0x24,0x06,0xFA,0x01,0x24,0x01,0x00,0x02,0xFA,0x01,0x6D,
  0x03,0x00,0x01,0xD5,0x07,0xFA,0x01,0x6D,0x02,0x00,0x01,0x20,0x01,0xB1,0x01,0xB5,
  0x02,0xFA,0x01,0x44,0x03,0x00,0x01,0xB5,0x06,0xFA,0x01,0x68,0x03,0x00,0x05,0xFA,
  0x01,0xF9,0x04,0x00,0x01,0x24,0x06,0xFA,0x01,0x24,0x01,0x00,0x01,0x48,0x05,0xFA,
  0x01,0x91,0x04,0x00,0x01,0x20,0x01,0xB1,0x01,0xB5,0x02,0xFA,0x01,0x44,0x42,0x00,
  0x01,0x68,0x01,0xFA,0x05,0x00,0x01,0x24,0x01,0xFA,0x06,0x00,0x01,0xFA,0x01,0x44,
  0x01,0x00,0x01,0x24,0x02,0xB1,0x01,0xD5,0x03,0x00,0x01,0x44,0x01,0xD9,0x01,0x8D,
  0x01,0xD5,0x02,0x00,0x01,0x24,0x01,0xFA,0x06,0x00,0x01,0xFA,0x01,0x44,0x04,0x00,
  0x06,0xF9,0x01,0x68,0x04,0x00,0x06,0x68,0x01,0xB1,0x01,0xFA,0x03,0x00,0x01,0xB1,
  0x01,0xFA,0x03,0x68,0x01,0x91,0x01,0xFA,0x01,0xB1,0x04,0x00,0x01,0x8D,0x01,0xFA,
  0x01,0x8D,0x03,0x00,0x01,0x8D,0x01,0xFA,0x01,0x8D,0x01,0x00,0x01,0x24,0x03,0x68,
  0x01,0x8D,0x01,0xFA,0x01,0xB1,0x02,0x00,0x06,0x68,0x01,0xB1,0x01,0xFA,0x06,0x00,
  0x01,0x48,0x02,0xD5,0x03,0x68,0x01,0x8D,0x01,0xFA,0x01,0x24,0x02,0x00,0x01,0x91,
  0x01,0xFA,0x01,0x44,0x02,0x91,0x01,0x6D,0x01,0xD5,0x01,0xFA,0x03,0x00,0x01,0x68,
  0x02,0xFA,0x01,0xB1,0x02,0x00,0x01,0x8D,0x01,0xD5,0x02,0x00,0x01,0xFA,0x01,0x20,
  0x01,0x00,0x01,0xB5,0x01,0xB1,0x01,0x00,0x01,0x24,0x03,0x68,0x01,0x8D,0x01,0xFA,
  0x01,0xB1,0x05,0x00,0x06,0xF9,0x01,0x68,0x03,0x00,0x01,0x24,0x03,0x68,0x01,0x8D,
  0x01,0xFA,0x01,0x6D,0x02,0x00,0x01,0x68,0x02,0xFA,0x01,0xB1,0x02,0x00,0x01,0xB1,
  0x01,0xFA,0x05,0x68,0x02,0xD5,0x02,0x00,0x01,0xB5,0x01,0x24,0x01,0x00,0x01,0x24,
  0x01,0xD5,0x01,0xF9,0x03,0x00,0x06,0x68,0x01,0xB1,0x01,0xFA,0x03,0x00,0x01,0x48,
  0x03,0x68,0x01,0x6D,0x01,0xFA,0x01,0x48,0x03,0x00,0x01,0x24,0x03,0x68,0x01,0x8D,
  0x01,0xFA,0x01,0x6D,0x02,0x00,0x01,0xB1,0x01,0xFA,0x03,0x68,0x01,0x91,0x01,0xFA,
  0x01,0xB1,0x03,0x00,0x01,0xB5,0x01,0x24,0x01,0x00,0x01,0x24,0x01,0xD5,0x01,0xF9,
  0x42,0x00,0x01,0x68,0x01,0xFA,0x01,0xF9,0x02,0xFA,0x02,0x00,0x01,0x48,0x01,0xFA,
  0x06,0x00,0x01,0xFA,0x01,0x68,0x01,0x00,0x01,0x44,0x01,0xB1,0x01,0x24,0x01,0xFA,
  0x01,0x24,0x02,0x00,0x01,0xB1,0x01,0x68,0x01,0x8D,0x01,0xD5,0x02,0x00,0x01,0x48,
  0x01,0xFA,0x06,0x00,0x01,0xFA,0x01,0x68,0x10,0x00,0x01,0x48,0x05,0x00,0x01,0xFA,
  0x01,0x24,0x02,0x00,0x01,0x6C,0x01,0xFA,0x04,0x00,0x01,0x48,0x01,0xFA,0x01,0x24,
  0x04,0x00,0x02,0xB1,0x04,0x00,0x02,0xB1,0x06,0x00,0x01,0x48,0x01,0xFA,0x03,0x00,
  0x01,0x48,0x05,0x00,0x01,0xFA,0x01,0x24,0x06,0x00,0x01,0x48,0x01,0xFA,0x04,0x00,
  0x01,0xD5,0x01,0x44,0x03,0x00,0x01,0xFA,0x01,0xB1,0x01,0x68,0x03,0x00,0x01,0xFA,
  0x01,0x48,0x04,0x00,0x01,0xD5,0x01,0xFA,0x02,0x00,0x01,0x24,0x01,0xFA,0x02,0x00,
  0x01,0xF9,0x02,0x00,0x01,0x91,0x01,0xB1,0x06,0x00,0x01,0x48,0x01,0xFA,0x14,0x00,
  0x01,0xFA,0x05,0x00,0x01,0xD5,0x01,0xFA,0x03,0x00,0x01,0xFA,0x01,0x24,0x04,0x00,
  0x01,0x68,0x01,0xD5,0x02,0x00,0x01,0xFA,0x01,0x44,0x03,0x00,0x01,0xFA,0x01,0x24,
  0x03,0x00,0x01,0x48,0x05,0x00,0x01,0xFA,0x01,0x24,0x07,0x00,0x01,0xD5,0x01,0x48,
  0x08,0x00,0x01,0xFA,0x03,0x00,0x01,0x6C,0x01,0xFA,0x04,0x00,0x01,0x48,0x01,0xFA,
  0x01,0x24,0x02,0x00,0x01,0xFA,0x01,0x44,0x03,0x00,0x01,0xFA,0x01,0x24,0x41,0x00,
  0x01,0x68,0x01,0xFA,0x02,0x00,0x01,0x24,0x02,0x00,0x01,0x68,0x01,0xFA,0x06,0x00,
  0x01,0xF9,0x01,0x68,0x01,0x00,0x01,0x44,0x01,0xB1,0x01,0x00,0x01,0xB5,0x01,0xB1,
  0x01,0x00,0x01,0x20,0x01,0xF9,0x01,0x00,0x01,0x6D,0x01,0xD5,0x02,0x00,0x01,0x68,
  0x01,0xFA,0x06,0x00,0x01,0xF9,0x01,0x68,0x10,0x00,0x01,0xFA,0x05,0x00,0x01,0xF9,
  0x01,0x24,0x02,0x00,0x01,0x48,0x01,0xFA,0x05,0x00,0x01,0xD5,0x01,0x68,0x04,0x00,
  0x01,0x6D,0x01,0xB1,0x04,0x00,0x01,0x6D,0x01,0xB1,0x07,0x00,0x01,0xFA,0x01,0x24,
  0x02,0x00,0x01,0xFA,0x05,0x00,0x01,0xF9,0x01,0x24,0x07,0x00,0x01,0xFA,0x04,0x00,
  0x01,0xD5,0x01,0x48,0x03,0x00,0x01,0xB5,0x01,0xD5,0x04,0x00,0x01,0xB1,0x01,0x8D,
  0x04,0x00,0x01,0x8D,0x01,0xB5,0x03,0x00,0x01,0xFA,0x01,0x48,0x01,0xB1,0x01,0x48,
  0x02,0x00,0x01,0x8D,0x01,0x68,0x07,0x00,0x01,0xFA,0x01,0x24,0x13,0x00,0x01,0xFA,
  0x05,0x00,0x01,0x8D,0x01,0xB5,0x03,0x00,0x01,0xD5,0x01,0x48,0x04,0x00,0x01,0x6D,
  0x01,0x8D,0x02,0x00,0x01,0xB5,0x01,0xFA,0x01,0x48,0x02,0x00,0x01,0xD5,0x01,0x44,
  0x03,0x00,0x01,0xFA,0x05,0x00,0x01,0xF9,0x01,0x24,0x07,0x00,0x01,0xD5,0x09,0x00,
  0x01,0xFA,0x03,0x00,0x01,0x48,0x01,0xFA,0x05,0x00,0x01,0xD5,0x01,0x68,0x02,0x00,
  0x01,0xB5,0x01,0xFA,0x01,0x48,0x02,0x00,0x01,0xD5,0x01,0x44,0x41,0x00,0x01,0x68,
  0x01,0xFA,0x05,0x00,0x01,0x44,0x01,0xFA,0x01,0x20,0x05,0x00,0x01,0xFA,0x01,0x24,
  0x01,0x00,0x01,0x44,0x01,0xB1,0x01,0x00,0x01,0x44,0x01,0xFA,0x01,0x20,0x01,0x8D,
  0x01,0x6D,0x01,0x00,0x01,0x6D,0x01,0xD5,0x02,0x00,0x01,0x44,0x01,0xFA,0x01,0x20,
  0x05,0x00,0x01,0xFA,0x01,0x24,0x04,0x00,0x06,0xF9,0x01,0x68,0x05,0x00,0x01,0xFA,
  0x05,0x00,0x01,0xD5,0x01,0x44,0x02,0x00,0x01,0x24,0x01,0xFA,0x05,0x00,0x01,0xB1,
  0x01,0x8D,0x04,0x00,0x01,0x6D,0x01,0xB1,0x04,0x00,0x01,0x6D,0x01,0xB1,0x07,0x00,
  0x01,0xF9,0x01,0x44,0x02,0x00,0x01,0xFA,0x05,0x00,0x01,0xD5,0x01,0x44,0x07,0x00,
  0x01,0xD5,0x01,0x44,0x03,0x00,0x01,0xB1,0x01,0x68,0x03,0x00,0x01,0xB1,0x01,0x6D,
  0x04,0x00,0x01,0x6C,0x01,0xB1,0x04,0x00,0x01,0xD9,0x01,0x24,0x03,0x00,0x01,0xB5,
  0x01,0xFA,0x01,0x48,0x03,0x00,0x01,0xD5,0x08,0x00,0x01,0xF9,0x01,0x44,0x04,0x00,
  0x06,0xF9,0x01,0x68,0x08,0x00,0x01,0xFA,0x05,0x00,0x01,0xD9,0x01,0x24,0x03,0x00,
  0x02,0x91,0x04,0x00,0x01,0xD5,0x04,0x00,0x01,0x8D,0x03,0x00,0x01,0xB5,0x01,0x48,
  0x03,0x00,0x01,0xFA,0x05,0x00,0x01,0xD5,0x01,0x44,0x06,0x00,0x01,0x24,0x01,0x91,
  0x09,0x00,0x01,0xFA,0x03,0x00,0x01,0x24,0x01,0xFA,0x05,0x00,0x01,0xB1,0x01,0x8D,
  0x03,0x00,0x01,0x8D,0x03,0x00,0x01,0xB5,0x01,0x48,0x41,0x00,0x01,0x68,0x01,0xFA,
  0x06,0x00,0x01,0xD5,0x01,0x91,0x04,0x00,0x01,0x6C,0x01,0xB1,0x02,0x00,0x01,0x44,
  0x01,0xB1,0x02,0x00,0x01,0xD5,0x01,0xB1,0x01,0xF9,0x02,0x00,0x01,0x6D,0x01,0xD5,
  0x03,0x00,0x01,0xD5,0x01,0x91,0x04,0x00,0x01,0x6C,0x01,0xB1,0x11,0x00,0x01,0xFA,
  0x05,0x00,0x01,0xD5,0x01,0x48,0x02,0x00,0x01,0x24,0x01,0xFA,0x05,0x00,0x01,0x8D,
  0x01,0x91,0x04,0x00,0x01,0x68,0x01,0xB1,0x04,0x00,0x01,0x68,0x01,0xB1,0x07,0x00,
  0x01,0xD5,0x01,0x48,0x02,0x00,0x01,0xFA,0x05,0x00,0x01,0xD5,0x01,0x48,0x07,0x00,
  0x01,0xB1,0x01,0x48,0x03,0x00,0x01,0xB1,0x01,0x68,0x03,0x00,0x01,0xD5,0x01,0x24,
  0x04,0x00,0x01,0x48,0x01,0xB1,0x03,0x00,0x02,0x48,0x04,0x00,0x01,0x8D,0x01,0xB1,
  0x03,0x00,0x01,0xB1,0x01,0x6D,0x08,0x00,0x01,0xD5,0x01,0x48,0x13,0x00,0x01,0xFA,
  0x01,0x20,0x03,0x00,0x02,0x48,0x04,0x00,0x01,0x48,0x01,0xD9,0x03,0x00,0x02,0x6D,
  0x08,0x00,0x01,0xB1,0x01,0x48,0x03,0x00,0x01,0xFA,0x05,0x00,0x01,0xD5,0x01,0x48,
  0x05,0x00,0x01,0x24,0x01,0xD5,0x0A,0x00,0x01,0xFA,0x01,0x20,0x02,0x00,0x01,0x24,
  0x01,0xFA,0x05,0x00,0x01,0x8D,0x01,0x91,0x07,0x00,0x01,0xB1,0x01,0x48,0x41,0x00,
  0x01,0x68,0x01,0xFA,0x06,0x00,0x01,0x48,0x01,0xFA,0x01,0x6D,0x02,0x00,0x01,0x48,
  0x01,0xD5,0x03,0x00,0x01,0x48,0x01,0xB1,0x02,0x00,0x01,0x48,0x01,0xFA,0x01,0x8D,
  0x02,0x00,0x01,0x6D,0x01,0xD5,0x03,0x00,0x01,0x48,0x01,0xFA,0x01,0x6D,0x02,0x00,
  0x01,0x48,0x01,0xD5,0x12,0x00,0x01,0xFA,0x05,0x00,0x01,0xB5,0x01,0x48,0x03,0x00,
  0x01,0xFA,0x05,0x00,0x01,0x6C,0x01,0x91,0x04,0x00,0x01,0x68,0x01,0xB1,0x04,0x00,
  0x01,0x68,0x01,0xB1,0x07,0x00,0x01,0xD5,0x01,0x48,0x02,0x00,0x01,0xFA,0x05,0x00,
  0x01,0xB5,0x01,0x48,0x05,0x00,0x01,0x24,0x01,0x68,0x01,0xB1,0x01,0x24,0x03,0x00,
  0x01,0x91,0x01,0x68,0x03,0x00,0x01,0xF9,0x01,0x00,0x01,0x24,0x03,0x68,0x01,0x91,
  0x01,0x6D,0x09,0x00,0x01,0x44,0x01,0xFA,0x01,0x6D,0x01,0x8D,0x01,0xF9,0x01,0x91,
  0x09,0x00,0x01,0xD5,0x01,0x48,0x13,0x00,0x01,0xFA,0x01,0x24,0x0A,0x00,0x01,0xFA,
  0x01,0x91,0x01,0x8D,0x01,0xD5,0x01,0x8D,0x04,0x00,0x01,0x44,0x04,0x68,0x01,0xD5,
  0x04,0x00,0x01,0xFA,0x05,0x00,0x01,0xB5,0x01,0x48,0x03,0x00,0x01,0x68,0x01,0xB5,
  0x01,0xFA,0x01,0x24,0x0A,0x00,0x01,0xFA,0x01,0x24,0x03,0x00,0x01,0xFA,0x05,0x00,
  0x01,0x6C,0x01,0x91,0x02,0x00,0x01,0x44,0x04,0x68,0x01,0xD5,0x41,0x00,0x01,0x24,
  0x01,0xB5,0x01,0xFA,0x01,0x8D,0x01,0x24,0x05,0x00,0x01,0x44,0x01,0xD5,0x01,0xFA,
  0x01,0xD5,0x01,0x91,0x03,0x00,0x01,0x24,0x01,0xB1,0x01,0xD9,0x01,0x48,0x02,0x00,
  0x01,0xD5,0x02,0x00,0x01,0x48,0x01,0xD5,0x01,0xFA,0x01,0x6C,0x03,0x00,0x01,0x44,
  0x01,0xD5,0x01,0xFA,0x01,0xD5,0x01,0x91,0x13,0x00,0x01,0x91,0x05,0x00,0x01,0x8D,
  0x04,0x00,0x01,0xD5,0x05,0x00,0x01,0x48,0x01,0x6D,0x04,0x00,0x01,0x68,0x01,0x6D,
  0x04,0x00,0x01,0x68,0x01,0x6D,0x07,0x00,0x01,0x8D,0x03,0x00,0x01,0x91,0x05,0x00,
  0x01,0x8D,0x05,0x00,0x01,0x20,0x02,0xFA,0x01,0xD5,0x04,0x00,0x01,0x6D,0x03,0x00,
  0x01,0x68,0x01,0x6D,0x01,0x00,0x01,0xF9,0x03,0xFA,0x01,0xF9,0x0B,0x00,0x01,0xB5,
  0x01,0xFA,0x01,0xD5,0x01,0x48,0x0A,0x00,0x01,0x8D,0x14,0x00,0x01,0x8D,0x0B,0x00,
  0x01,0x8D,0x01,0xFA,0x01,0xD5,0x01,0x48,0x04,0x00,0x01,0x20,0x05,0xFA,0x01,0x91,
  0x04,0x00,0x01,0x91,0x05,0x00,0x01,0x8D,0x03,0x00,0x01,0x48,0x01,0xD5,0x01,0x6D,
  0x0C,0x00,0x01,0x8D,0x04,0x00,0x01,0xD5,0x05,0x00,0x01,0x48,0x01,0x6D,0x01,0x00,
  0x01,0x20,0x05,0xFA,0x01,0x91,0x86,0x00,0x01,0x24,0x05,0x00,0x01,0x24,0x30,0x00,
  0x01,0x48,0x72,0x00,0x01,0x24,0x05,0x00,0x01,0x24,0xFF,0x00,0xFF,0x00,0xFF,0x00,
  0xFF,0x00,0xFF,0x00,0xFF,0x00,0xFF,0x00,0xFF,0x00,0xFF,0x00,0xFF,0x00,0xFF,0x00,
  0xFF,0x00,0xFF,0x00,0xFF,0x00,0xFF,0x00,0xFF,0x00,0xFF,0x00,0xFF,0x00,0xFF,0x00,
  0xFF,0x00,0xFF,0x00,0xFF,0x00,0xFF,0x00,0xFF,0x00,0xFF,0x00,0xFF,0x00,0xFF,0x00,
  0xFF,0x00,0xFF,0x00,0xFF,0x00,0xFF,0x00,0xFF,0x00,0xFF,0x00,0xFF,0x00,0xFF,0x00,
  0xFF,0x00,0xFF,0x00,0xFF,0x00,0xFF,0x00,0xFF,0x00,0xFF,0x00,0xFF,0x00,0xFF,0x00,
  0xFF,0x00,0xFF,0x00,0xFF,0x00,0xFF,0x00,0xFF,0x00,0xFF,0x00,0xFF,0x00,0x22,0x00,
  0x01,0x24,0x01,0x6D,0x01,0x92,0x01,0x6D,0x04,0x00,0x01,0x49,0x01,0x24,0x02,0x00,
  0x01,0x49,0x01,0x6D,0x04,0x00,0x01,0x49,0x01,0x6D,0x1B,0x00,0x01,0x04,0x01,0x55,
  0x01,0x24,0x02,0x00,0x01,0x04,0x01,0x55,0x01,0x24,0x02,0x00,0x01,0x04,0x01,0x55,
  0x01,0x28,0x03,0x00,0x01,0x28,0x05,0x00,0x01,0x51,0x01,0x04,0xF9,0x00,0x01,0x6D,
  0x02,0x00,0x02,0x6D,0x03,0x00,0x01,0x6D,0x02,0x00,0x01,0x49,0x01,0x92,0x01,0x6D,
  0x03,0x00,0x01,0x49,0x01,0x92,0x01,0x6D,0x1B,0x00,0x01,0x24,0x01,0x59,0x01,0x7D,
  0x01,0x28,0x01,0x00,0x01,0x24,0x01,0x55,0x01,0x7D,0x01,0x28,0x01,0x00,0x01,0x04,
  0x01,0x55,0x01,0x7D,0x01,0x28,0x01,0x00,0x01,0x28,0x03,0x7D,0x01,0x55,0x01,0x04,
  0x01,0x24,0x05,0x7D,0x01,0x55,0xF4,0x00,0x01,0x24,0x01,0x6D,0x02,0x00,0x01,0x24,
  0x01,0x6D,0x02,0x00,0x01,0x24,0x01,0x49,0x03,0x00,0x01,0x49,0x01,0x6D,0x04,0x00,
  0x01,0x49,0x01,0x6D,0x1D,0x00,0x01,0x55,0x01,0x51,0x03,0x00,0x02,0x51,0x03,0x00,
  0x01,0x51,0x01,0x55,0x02,0x00,0x02,0x04,0x01,0x24,0x01,0x59,0x01,0x31,0x01,0x00,
  0x01,0x24,0x01,0x59,0x02,0x00,0x01,0x04,0x01,0x59,0x01,0x04,0xF4,0x00,0x01,0x92,
  0x01,0x24,0x01,0x00,0x02,0x49,0x02,0x00,0x01,0x49,0x04,0x00,0x01,0x24,0x01,0x6E,
  0x04,0x00,0x01,0x24,0x01,0x6E,0x1D,0x00,0x01,0x28,0x01,0x55,0x03,0x00,0x01,0x28,
  0x01,0x51,0x03,0x00,0x01,0x24,0x01,0x55,0x05,0x00,0x01,0x28,0x01,0x55,0x02,0x00,
  0x01,0x59,0x01,0x04,0x02,0x00,0x01,0x55,0x01,0x24,0xF4,0x00,0x01,0x25,0x02,0x6D,
  0x01,0x92,0x01,0x24,0x01,0x00,0x01,0x24,0x01,0x49,0x04,0x00,0x01,0x24,0x01,0x92,
  0x04,0x00,0x01,0x24,0x01,0x92,0x1D,0x00,0x01,0x28,0x01,0x55,0x03,0x00,0x01,0x28,
  0x01,0x51,0x03,0x00,0x01,0x04,0x01,0x55,0x05,0x00,0x01,0x04,0x01,0x51,0x02,0x00,
  0x01,0x51,0x01,0x28,0x02,0x00,0x01,0x55,0x01,0x24,0xF6,0x00,0x01,0x6D,0x01,0x49,
  0x02,0x00,0x01,0x49,0x01,0x24,0x04,0x00,0x01,0x24,0x01,0x92,0x04,0x00,0x01,0x24,
  0x01,0x92,0x1D,0x00,0x01,0x28,0x01,0x55,0x03,0x00,0x01,0x28,0x01,0x51,0x02,0x00,
  0x01,0x04,0x01,0x24,0x01,0x55,0x02,0x00,0x03,0x04,0x01,0x2D,0x01,0x24,0x02,0x00,
  0x01,0x2D,0x01,0x28,0x02,0x00,0x01,0x51,0x01,0x24,0xF5,0x00,0x01,0x49,0x01,0x6D,
  0x03,0x00,0x01,0x6D,0x05,0x00,0x01,0x24,0x01,0x92,0x04,0x00,0x01,0x24,0x01,0x92,
  0x1D,0x00,0x01,0x24,0x01,0x55,0x03,0x00,0x01,0x28,0x01,0x2D,0x01,0x00,0x01,0x2C,
  0x02,0x7D,0x01,0x28,0x01,0x00,0x01,0x28,0x03,0x7D,0x01,0x2D,0x01,0x00,0x01,0x28,
  0x01,0x7D,0x01,0x5D,0x03,0x00,0x01,0x2D,0xF5,0x00,0x01,0x24,0x01,0x6D,0x03,0x00,
  0x01,0x49,0x01,0x24,0x03,0x00,0x01,0x24,0x01,0x6D,0x02,0x92,0x01,0x6D,0x02,0x24,
  0x01,0x6D,0x02,0x92,0x01,0x6D,0x01,0x24,0x1B,0x00,0x01,0x24,0x01,0x55,0x03,0x00,
  0x01,0x04,0xFF,0x00,0x0F,0x00,0x01,0x24,0x2B,0x00,0x01,0x04,0x01,0x55,0xFF,0x00,
  0x3F,0x00,0x01,0x04,0x01,0x24,0xFF,0x00,0xFF,0x00,0x76,0x00,
};

const uint8_t LESSON_PAGE_9[12486] PROGMEM = {
  0xFF,0x00,0xFF,0x00,0xFF,0x00,0xFF,0x00,0xFF,0x00,0xFF,0x00,0xFF,0x00,0xFF,0x00,
  0xFF,0x00,0xFF,0x00,0x2A,0x00,0x01,0x48,0x48,0x00,0x02,0x24,0x14,0x00,0x01,0x48,
  0x5D,0x00,0x01,0x48,0x81,0x00,0x01,0x49,0x01,0xFA,0x01,0x24,0x0D,0x00,0x01,0x8D,
  0x01,0x49,0x07,0x00,0x01,0x6D,0x01,0x69,0x07,0x00,0x01,0x8D,0x01,0x49,0x07,0x00,
  0x01,0xB5,0x01,0x69,0x0B,0x00,0x01,0xD5,0x01,0x44,0x04,0x00,0x01,0xD5,0x01,0x24,
  0x03,0x00,0x01,0x91,0x01,0x48,0x05,0x00,0x01,0xD5,0x01,0x8D,0x13,0x00,0x01,0x49,
  0x01,0xFA,0x01,0x24,0x0D,0x00,0x01,0x8D,0x01,0x49,0x06,0x00,0x01,0x24,0x01,0xD5,
  0x01,0x8D,0x07,0x00,0x01,0xB1,0x01,0x8D,0x0B,0x00,0x01,0x8D,0x01,0x49,0x07,0x00,
  0x01,0x24,0x01,0xFA,0x01,0x24,0x0D,0x00,0x01,0xD5,0x01,0x44,0x04,0x00,0x01,0xD5,
  0x01,0x24,0x03,0x00,0x01,0x91,0x01,0x48,0x09,0x00,0x01,0x49,0x01,0xFA,0x01,0x24,
  0x0D,0x00,0x01,0x8D,0x01,0x49,0x07,0x00,0x01,0xD5,0x01,0x91,0x01,0x24,0x06,0x00,
  0x01,0x8D,0x01,0x49,0x07,0x00,0x01,0x69,0x01,0x24,0x05,0x00,0x01,0x24,0x01,0x6D,
  0x04,0x00,0x01,0x48,0x01,0x44,0x06,0x00,0x02,0x24,0x40,0x00,0x01,0x24,0x0A,0xFA,
  0x01,0xB5,0x01,0x24,0x03,0x00,0x01,0x69,0x02,0xFA,0x01,0xB5,0x01,0x24,0x04,0x00,
  0x01,0x49,0x02,0xFA,0x01,0xB5,0x01,0x24,0x04,0x00,0x01,0x69,0x02,0xFA,0x01,0xB5,
  0x01,0x24,0x04,0x00,0x01,0x8D,0x06,0xFA,0x01,0xD5,0x01,0x24,0x04,0x00,0x01,0x91,
  0x01,0xFA,0x01,0x91,0x03,0x00,0x01,0x91,0x01,0xFA,0x01,0x69,0x02,0x00,0x01,0x6D,
  0x01,0xFA,0x01,0x8D,0x04,0x00,0x01,0x91,0x07,0xFA,0x01,0xD5,0x01,0x69,0x0B,0x00,
  0x01,0x24,0x0A,0xFA,0x01,0xB5,0x01,0x24,0x03,0x00,0x01,0x69,0x02,0xFA,0x01,0xB5,
  0x01,0x24,0x04,0x00,0x01,0xB1,0x02,0xFA,0x01,0xD5,0x01,0x44,0x04,0x00,0x01,0x69,
  0x06,0xFA,0x01,0x8D,0x05,0x00,0x01,0x69,0x02,0xFA,0x01,0xB5,0x01,0x24,0x05,0x00,
  0x01,0xD5,0x09,0xFA,0x01,0x8D,0x04,0x00,0x01,0x91,0x01,0xFA,0x01,0x91,0x03,0x00,
  0x01,0x91,0x01,0xFA,0x01,0x69,0x02,0x00,0x01,0x6D,0x01,0xFA,0x01,0x8D,0x08,0x00,
  0x01,0x24,0x0A,0xFA,0x01,0xB5,0x01,0x24,0x03,0x00,0x01,0x69,0x02,0xFA,0x01,0xB5,
  0x01,0x24,0x04,0x00,0x01,0x8D,0x03,0xFA,0x01,0x48,0x04,0x00,0x01,0x69,0x02,0xFA,
  0x01,0xB5,0x01,0x24,0x04,0x00,0x01,0x48,0x01,0xFA,0x01,0xB1,0x05,0x00,0x01,0xD5,
  0x01,0xFA,0x03,0x00,0x01,0x44,0x01,0xFA,0x01,0xB5,0x04,0x00,0x01,0x6D,0x01,0xD9,
  0x02,0xFA,0x01,0xD5,0x01,0x48,0x3E,0x00,0x01,0x91,0x0B,0xFA,0x01,0xD5,0x03,0x00,
  0x01,0xB1,0x03,0xFA,0x01,0xF9,0x01,0x24,0x03,0x00,0x01,0x8D,0x04,0xFA,0x01,0x48,
  0x03,0x00,0x01,0xB1,0x03,0xFA,0x01,0xF9,0x01,0x24,0x03,0x00,0x08,0xFA,0x01,0xD5,
  0x04,0x00,0x01,0x6D,0x02,0xFA,0x03,0x00,0x02,0xFA,0x01,0x8D,0x02,0x00,0x01,0xB5,
  0x01,0xFA,0x01,0xD5,0x04,0x00,0x0A,0xFA,0x01,0xB1,0x0A,0x00,0x01,0x91,0x0B,0xFA,
  0x01,0xD5,0x03,0x00,0x01,0xB1,0x03,0xFA,0x01,0xF9,0x01,0x24,0x03,0x00,0x01,0x6D,
  0x01,0xF9,0x03,0xFA,0x01,0x24,0x03,0x00,0x08,0xFA,0x01,0xB5,0x04,0x00,0x01,0xB1,
  0x03,0xFA,0x01,0xF9,0x01,0x24,0x03,0x00,0x01,0x8D,0x0B,0xFA,0x01,0x8D,0x03,0x00,
  0x01,0x6D,0x02,0xFA,0x03,0x00,0x02,0xFA,0x01,0x8D,0x02,0x00,0x01,0xB5,0x01,0xFA,
  0x01,0xD5,0x08,0x00,0x01,0x91,0x0B,0xFA,0x01,0xD5,0x03,0x00,0x01,0xB1,0x03,0xFA,
  0x01,0xF9,0x01,0x24,0x03,0x00,0x01,0x6D,0x04,0xFA,0x01,0x91,0x03,0x00,0x01,0xB1,
  0x03,0xFA,0x01,0xF9,0x01,0x24,0x03,0x00,0x01,0x91,0x02,0xFA,0x01,0x24,0x03,0x00,
  0x01,0x24,0x02,0xFA,0x01,0x24,0x02,0x00,0x01,0x91,0x02,0xFA,0x01,0x24,0x02,0x00,
  0x01,0x8D,0x06,0xFA,0x01,0x48,0x3D,0x00,0x01,0x20,0x01,0x24,0x01,0x6D,0x01,0xFA,
  0x01,0xD5,0x05,0x24,0x01,0x48,0x02,0xFA,0x04,0x00,0x01,0x48,0x01,0xD5,0x02,0xFA,
  0x01,0xD5,0x04,0x00,0x01,0x44,0x01,0xD5,0x03,0xFA,0x04,0x00,0x01,0x48,0x01,0xD5,
  0x02,0xFA,0x01,0xD5,0x03,0x00,0x06,0x24,0x01,0x48,0x02,0xFA,0x05,0x00,0x02,0xFA,
  0x01,0x44,0x02,0x00,0x01,0xB1,0x01,0xFA,0x01,0x8D,0x02,0x00,0x01,0x6D,0x01,0xFA,
  0x01,0xD5,0x04,0x00,0x01,0xD5,0x01,0xFA,0x01,0x91,0x04,0x24,0x01,0x48,0x01,0xB5,
  0x02,0xFA,0x01,0x6D,0x09,0x00,0x01,0x20,0x01,0x24,0x01,0x6D,0x01,0xFA,0x01,0xD5,
  0x05,0x24,0x01,0x48,0x02,0xFA,0x04,0x00,0x01,0x48,0x01,0xD5,0x02,0xFA,0x01,0xD5,
  0x05,0x00,0x01,0x8D,0x02,0xFA,0x01,0x8D,0x03,0x00,0x05,0x24,0x01,0x48,0x01,0x91,
  0x02,0xFA,0x01,0x49,0x04,0x00,0x01,0x48,0x01,0xD5,0x02,0xFA,0x01,0xD5,0x04,0x00,
  0x09,0x24,0x01,0x91,0x01,0xFA,0x01,0xD5,0x04,0x00,0x02,0xFA,0x01,0x44,0x02,0x00,
  0x01,0xB1,0x01,0xFA,0x01,0x8D,0x02,0x00,0x01,0x6D,0x01,0xFA,0x01,0xD5,0x08,0x00,
  0x01,0x20,0x01,0x24,0x01,0x6D,0x01,0xFA,0x01,0xD5,0x05,0x24,0x01,0x48,0x02,0xFA,
  0x04,0x00,0x01,0x48,0x01,0xD5,0x02,0xFA,0x01,0xD5,0x04,0x00,0x01,0x24,0x01,0xB1,
  0x03,0xFA,0x01,0x8D,0x03,0x00,0x01,0x48,0x01,0xD5,0x02,0xFA,0x01,0xD5,0x03,0x00,
  0x01,0x24,0x02,0xFA,0x01,0x6D,0x04,0x00,0x01,0xF9,0x01,0xFA,0x01,0x48,0x02,0x00,
  0x01,0x24,0x02,0xFA,0x01,0x69,0x02,0x00,0x01,0xF9,0x01,0x8D,0x01,0x24,0x01,0x00,
  0x01,0x44,0x01,0xD5,0x01,0xFA,0x01,0xD5,0x3F,0x00,0x01,0x24,0x02,0xFA,0x06,0x00,
  0x01,0xB1,0x01,0xFA,0x01,0x24,0x05,0x00,0x01,0xB1,0x02,0xFA,0x01,0x24,0x05,0x00,
  0x01,0x8D,0x02,0xFA,0x01,0x48,0x05,0x00,0x01,0xB1,0x02,0xFA,0x01,0x24,0x09,0x00,
  0x01,0xB1,0x01,0xFA,0x01,0x24,0x04,0x00,0x01,0x91,0x01,0xFA,0x01,0x8D,0x02,0x00,
  0x01,0x8D,0x01,0xFA,0x01,0x6D,0x02,0x00,0x01,0x48,0x01,0xFA,0x01,0xF9,0x04,0x00,
  0x01,0xB1,0x01,0xFA,0x01,0x6D,0x06,0x00,0x01,0x91,0x02,0xFA,0x0B,0x00,0x01,0x24,
  0x02,0xFA,0x06,0x00,0x01,0xB1,0x01,0xFA,0x01,0x24,0x05,0x00,0x01,0xB1,0x02,0xFA,
  0x01,0x24,0x05,0x00,0x01,0x6D,0x01,0xFA,0x01,0xD5,0x0A,0x00,0x01,0x91,0x01,0xFA,
  0x01,0xB1,0x06,0x00,0x01,0xB1,0x02,0xFA,0x01,0x24,0x0D,0x00,0x02,0xFA,0x04,0x00,
  0x01,0x91,0x01,0xFA,0x01,0x8D,0x02,0x00,0x01,0x8D,0x01,0xFA,0x01,0x6D,0x02,0x00,
  0x01,0x48,0x01,0xFA,0x01,0xF9,0x0A,0x00,0x01,0x24,0x02,0xFA,0x06,0x00,0x01,0xB1,
  0x01,0xFA,0x01,0x24,0x05,0x00,0x01,0xB1,0x02,0xFA,0x01,0x24,0x05,0x00,0x01,0x6D,
  0x02,0xFA,0x01,0xD5,0x05,0x00,0x01,0xB1,0x02,0xFA,0x01,0x24,0x03,0x00,0x01,0x8D,
  0x01,0xFA,0x01,0xB1,0x04,0x00,0x01,0xB1,0x01,0xFA,0x01,0x48,0x03,0x00,0x01,0xB1,
  0x01,0xFA,0x01,0xB1,0x01,0x00,0x01,0x20,0x01,0x24,0x04,0x00,0x01,0x24,0x02,0xFA,
  0x01,0x24,0x3F,0x00,0x01,0xD5,0x01,0xFA,0x01,0x24,0x05,0x00,0x01,0x8D,0x01,0xFA,
  0x01,0x48,0x06,0x00,0x01,0xD9,0x01,0xFA,0x01,0x24,0x06,0x00,0x01,0xD5,0x01,0xFA,
  0x01,0x6D,0x06,0x00,0x01,0xD9,0x01,0xFA,0x01,0x24,0x09,0x00,0x01,0x91,0x01,0xFA,
  0x01,0x24,0x04,0x00,0x01,0x48,0x01,0xFA,0x01,0xB5,0x02,0x00,0x01,0x8D,0x01,0xFA,
  0x01,0x24,0x02,0x00,0x01,0x24,0x01,0xFA,0x01,0xD5,0x04,0x00,0x01,0x6D,0x01,0xFA,
  0x01,0x8D,0x07,0x00,0x01,0xD5,0x01,0xFA,0x01,0x48,0x0B,0x00,0x01,0xD5,0x01,0xFA,
  0x01,0x24,0x05,0x00,0x01,0x8D,0x01,0xFA,0x01,0x48,0x06,0x00,0x01,0xD9,0x01,0xFA,
  0x01,0x24,0x06,0x00,0x01,0xFA,0x01,0xF9,0x0A,0x00,0x01,0x24,0x02,0xFA,0x07,0x00,
  0x01,0xD9,0x01,0xFA,0x01,0x24,0x04,0x00,0x01,0x24,0x01,0x69,0x07,0x00,0x01,0xB5,
  0x01,0xFA,0x01,0x24,0x03,0x00,0x01,0x48,0x01,0xFA,0x01,0xB5,0x02,0x00,0x01,0x8D,
  0x01,0xFA,0x01,0x24,0x02,0x00,0x01,0x24,0x01,0xFA,0x01,0xD5,0x0B,0x00,0x01,0xD5,
  0x01,0xFA,0x01,0x24,0x05,0x00,0x01,0x8D,0x01,0xFA,0x01,0x48,0x06,0x00,0x01,0xD9,
  0x01,0xFA,0x01,0x24,0x06,0x00,0x01,0xB1,0x01,0xFA,0x01,0x91,0x06,0x00,0x01,0xD9,
  0x01,0xFA,0x01,0x24,0x03,0x00,0x01,0x24,0x02,0xFA,0x04,0x00,0x01,0x8D,0x01,0xFA,
  0x01,0x69,0x03,0x00,0x01,0x48,0x01,0xFA,0x01,0xD5,0x08,0x00,0x01,0x91,0x01,0xFA,
  0x01,0x48,0x3F,0x00,0x01,0x91,0x01,0xFA,0x01,0x48,0x05,0x00,0x01,0x6D,0x01,0xFA,
  0x01,0x49,0x06,0x00,0x01,0xB1,0x01,0xFA,0x01,0x24,0x06,0x00,0x01,0x6D,0x01,0xFA,
  0x01,0x8D,0x06,0x00,0x01,0xB1,0x01,0xFA,0x01,0x24,0x09,0x00,0x01,0x8D,0x01,0xFA,
  0x01,0x24,0x05,0x00,0x02,0xFA,0x02,0x00,0x01,0xD5,0x01,0xB1,0x03,0x00,0x01,0x20,
  0x01,0xFA,0x01,0x91,0x04,0x00,0x01,0x69,0x01,0xFA,0x01,0x91,0x07,0x00,0x01,0x8D,
  0x01,0xFA,0x01,0x8D,0x0B,0x00,0x01,0x91,0x01,0xFA,0x01,0x48,0x05,0x00,0x01,0x6D,
  0x01,0xFA,0x01,0x49,0x06,0x00,0x01,0xB1,0x01,0xFA,0x01,0x24,0x06,0x00,0x01,0xD5,
  0x01,0xFA,0x0B,0x00,0x01,0xD5,0x01,0xFA,0x07,0x00,0x01,0xB1,0x01,0xFA,0x01,0x24,
  0x04,0x00,0x01,0xD5,0x01,0x91,0x07,0x00,0x01,0xB1,0x01,0xFA,0x01,0x24,0x04,0x00,
  0x02,0xFA,0x02,0x00,0x01,0xD5,0x01,0xB1,0x03,0x00,0x01,0x20,0x01,0xFA,0x01,0x91,
  0x0B,0x00,0x01,0x91,0x01,0xFA,0x01,0x48,0x05,0x00,0x01,0x6D,0x01,0xFA,0x01,0x49,
  0x06,0x00,0x01,0xB1,0x01,0xFA,0x01,0x24,0x06,0x00,0x01,0xD5,0x01,0xFA,0x01,0x24,
  0x06,0x00,0x01,0xB1,0x01,0xFA,0x01,0x24,0x04,0x00,0x01,0xB5,0x01,0xFA,0x01,0x48,
  0x03,0x00,0x01,0x69,0x01,0xFA,0x01,0x69,0x04,0x00,0x02,0xFA,0x08,0x00,0x01,0x6D,
  0x01,0xFA,0x01,0x44,0x3F,0x00,0x01,0x69,0x01,0xFA,0x01,0x6D,0x05,0x00,0x01,0x69,
  0x01,0xFA,0x01,0x69,0x06,0x00,0x01,0xB1,0x01,0xFA,0x01,0x44,0x06,0x00,0x01,0x48,
  0x01,0xFA,0x01,0x8D,0x06,0x00,0x01,0xB1,0x01,0xFA,0x01,0x44,0x09,0x00,0x01,0x8D,
  0x01,0xFA,0x01,0x24,0x05,0x00,0x01,0xD5,0x01,0xFA,0x01,0x69,0x02,0xD5,0x01,0x20,
  0x03,0x00,0x01,0x24,0x01,0xFA,0x01,0x48,0x04,0x00,0x01,0x48,0x01,0xFA,0x01,0xB1,
  0x07,0x00,0x01,0x49,0x01,0xFA,0x01,0x91,0x0B,0x00,0x01,0x69,0x01,0xFA,0x01,0x6D,
  0x05,0x00,0x01,0x69,0x01,0xFA,0x01,0x69,0x06,0x00,0x01,0xB1,0x01,0xFA,0x01,0x44,
  0x06,0x00,0x01,0x91,0x01,0xFA,0x01,0x24,0x0A,0x00,0x01,0xD5,0x01,0xFA,0x01,0x24,
  0x06,0x00,0x01,0xB1,0x01,0xFA,0x01,0x44,0x03,0x00,0x01,0x24,0x01,0xFA,0x01,0xB1,
  0x07,0x00,0x01,0x91,0x01,0xFA,0x01,0x24,0x04,0x00,0x01,0xD5,0x01,0xFA,0x01,0x69,
  0x02,0xD5,0x01,0x20,0x03,0x00,0x01,0x24,0x01,0xFA,0x01,0x48,0x0B,0x00,0x01,0x69,
  0x01,0xFA,0x01,0x6D,0x05,0x00,0x01,0x69,0x01,0xFA,0x01,0x69,0x06,0x00,0x01,0xB1,
  0x01,0xFA,0x01,0x44,0x05,0x00,0x01,0x44,0x01,0xFA,0x01,0x6D,0x07,0x00,0x01,0xB1,
  0x01,0xFA,0x01,0x44,0x04,0x00,0x01,0x69,0x01,0xFA,0x01,0x8D,0x03,0x00,0x01,0x48,
  0x01,0xFA,0x01,0x44,0x04,0x00,0x01,0xB1,0x01,0xFA,0x01,0x24,0x07,0x00,0x01,0x6D,
  0x01,0xFA,0x40,0x00,0x01,0x24,0x01,0xFA,0x01,0x91,0x05,0x00,0x01,0x48,0x01,0xFA,
  0x01,0x6D,0x06,0x00,0x01,0x91,0x01,0xFA,0x01,0x44,0x06,0x00,0x01,0x24,0x01,0xFA,
  0x01,0x8D,0x06,0x00,0x01,0x91,0x01,0xFA,0x01,0x44,0x09,0x00,0x01,0x6D,0x01,0xFA,
  0x01,0x44,0x05,0x00,0x01,0x91,0x02,0xFA,0x01,0xB1,0x05,0x00,0x01,0x6D,0x01,0xF9,
  0x05,0x00,0x01,0x44,0x01,0xFA,0x01,0xB1,0x07,0x00,0x01,0x24,0x01,0xFA,0x01,0xB1,
  0x0B,0x00,0x01,0x24,0x01,0xFA,0x01,0x91,0x05,0x00,0x01,0x48,0x01,0xFA,0x01,0x6D,
  0x06,0x00,0x01,0x91,0x01,0xFA,0x01,0x44,0x06,0x00,0x01,0x8D,0x01,0xFA,0x01,0x48,
  0x0A,0x00,0x01,0xB1,0x01,0xFA,0x01,0x24,0x06,0x00,0x01,0x91,0x01,0xFA,0x01,0x44,
  0x03,0x00,0x01,0x24,0x01,0xFA,0x01,0xB1,0x07,0x00,0x01,0x8D,0x01,0xFA,0x01,0x44,
  0x04,0x00,0x01,0x91,0x02,0xFA,0x01,0xB1,0x05,0x00,0x01,0x6D,0x01,0xF9,0x0C,0x00,
  0x01,0x24,0x01,0xFA,0x01,0x91,0x05,0x00,0x01,0x48,0x01,0xFA,0x01,0x6D,0x06,0x00,
  0x01,0x91,0x01,0xFA,0x01,0x44,0x05,0x00,0x01,0xB1,0x01,0xD5,0x08,0x00,0x01,0x91,
  0x01,0xFA,0x01,0x44,0x05,0x00,0x01,0xFA,0x01,0xD5,0x03,0x00,0x01,0x48,0x01,0xFA,
  0x05,0x00,0x01,0x6D,0x01,0xFA,0x01,0x69,0x07,0x00,0x02,0xB1,0x41,0x00,0x01,0xFA,
  0x01,0xB1,0x05,0x00,0x01,0x48,0x01,0xFA,0x01,0x6D,0x06,0x00,0x01,0x91,0x01,0xFA,
  0x01,0x44,0x06,0x00,0x01,0x24,0x01,0xFA,0x01,0x8D,0x06,0x00,0x01,0x91,0x01,0xFA,
  0x01,0x44,0x09,0x00,0x01,0x6D,0x01,0xFA,0x01,0x48,0x05,0x00,0x01,0x69,0x01,0xFA,
  0x01,0xB1,0x05,0x00,0x01,0x24,0x01,0xFA,0x01,0x6D,0x05,0x00,0x01,0x24,0x01,0xFA,
  0x01,0xB1,0x08,0x00,0x01,0xFA,0x01,0xB5,0x0C,0x00,0x01,0xFA,0x01,0xB1,0x05,0x00,
  0x01,0x48,0x01,0xFA,0x01,0x6D,0x06,0x00,0x01,0x91,0x01,0xFA,0x01,0x44,0x05,0x00,
  0x01,0x24,0x02,0xFA,0x01,0x6D,0x0A,0x00,0x01,0x91,0x01,0xFA,0x01,0x24,0x06,0x00,
  0x01,0x91,0x01,0xFA,0x01,0x44,0x04,0x00,0x01,0xFA,0x01,0xB1,0x07,0x00,0x01,0x6D,
  0x01,0xFA,0x01,0x48,0x04,0x00,0x01,0x69,0x01,0xFA,0x01,0xB1,0x05,0x00,0x01,0x24,
  0x01,0xFA,0x01,0x6D,0x0D,0x00,0x01,0xFA,0x01,0xB1,0x05,0x00,0x01,0x48,0x01,0xFA,
  0x01,0x6D,0x06,0x00,0x01,0x91,0x01,0xFA,0x01,0x44,0x04,0x00,0x01,0x44,0x01,0xB1,
  0x09,0x00,0x01,0x91,0x01,0xFA,0x01,0x44,0x05,0x00,0x01,0xB1,0x01,0xFA,0x01,0x24,
  0x01,0x00,0x01,0x20,0x01,0xD5,0x01,0x8D,0x05,0x00,0x01,0x24,0x01,0xFA,0x01,0x91,
  0x06,0x00,0x01,0x24,0x01,0xFA,0x01,0x24,0x41,0x00,0x01,0xD5,0x01,0xB1,0x05,0x00,
  0x01,0x44,0x01,0xFA,0x01,0x6D,0x06,0x00,0x01,0x8D,0x01,0xFA,0x01,0x44,0x06,0x00,
  0x01,0x24,0x01,0xFA,0x01,0x6D,0x06,0x00,0x01,0x8D,0x01,0xFA,0x01,0x44,0x09,0x00,
  0x01,0x6D,0x01,0xFA,0x01,0x48,0x05,0x00,0x01,0x24,0x01,0xFA,0x01,0xD5,0x04,0x00,
  0x01,0x48,0x01,0xFA,0x01,0xB5,0x06,0x00,0x01,0x24,0x01,0xFA,0x01,0xB1,0x08,0x00,
  0x01,0xFA,0x01,0xB5,0x0C,0x00,0x01,0xD5,0x01,0xB1,0x05,0x00,0x01,0x44,0x01,0xFA,
  0x01,0x6D,0x06,0x00,0x01,0x8D,0x01,0xFA,0x01,0x44,0x04,0x00,0x01,0x24,0x01,0xFA,
  0x01,0x91,0x01,0xFA,0x01,0x8D,0x0A,0x00,0x01,0x8D,0x01,0xFA,0x01,0x44,0x06,0x00,
  0x01,0x8D,0x01,0xFA,0x01,0x44,0x04,0x00,0x01,0xFA,0x01,0xB5,0x07,0x00,0x01,0x6D,
  0x01,0xFA,0x01,0x48,0x04,0x00,0x01,0x24,0x01,0xFA,0x01,0xD5,0x04,0x00,0x01,0x48,
  0x01,0xFA,0x01,0xB5,0x0E,0x00,0x01,0xD5,0x01,0xB1,0x05,0x00,0x01,0x44,0x01,0xFA,
  0x01,0x6D,0x06,0x00,0x01,0x8D,0x01,0xFA,0x01,0x44,0x0F,0x00,0x01,0x8D,0x01,0xFA,
  0x01,0x44,0x05,0x00,0x01,0x6D,0x01,0xFA,0x01,0x69,0x01,0x48,0x01,0xF9,0x01,0xD9,
  0x01,0x20,0x06,0x00,0x01,0xFA,0x01,0xD9,0x05,0x00,0x01,0x24,0x01,0xD5,0x01,0x8D,
  0x3F,0x00,0x03,0x24,0x01,0xB5,0x01,0x6D,0x05,0x00,0x01,0x24,0x01,0xFA,0x01,0x69,
  0x06,0x00,0x01,0x8D,0x01,0xFA,0x01,0x24,0x03,0x00,0x03,0x24,0x01,0x69,0x01,0xFA,
  0x01,0x24,0x06,0x00,0x01,0x8D,0x01,0xFA,0x01,0x24,0x03,0x00,0x06,0x24,0x01,0x8D,
  0x01,0xFA,0x01,0x91,0x01,0x24,0x05,0x00,0x01,0xF9,0x01,0xFA,0x01,0x69,0x01,0x44,
  0x01,0x6D,0x01,0xD5,0x01,0xFA,0x01,0xD5,0x07,0x00,0x01,0x24,0x01,0xFA,0x01,0x91,
  0x08,0x00,0x01,0xD9,0x01,0xB1,0x09,0x00,0x03,0x24,0x01,0xB5,0x01,0x6D,0x05,0x00,
  0x01,0x24,0x01,0xFA,0x01,0x69,0x06,0x00,0x01,0x8D,0x01,0xFA,0x01,0x24,0x02,0x00,
  0x01,0x24,0x01,0x91,0x01,0xFA,0x01,0xD5,0x01,0x00,0x01,0xFA,0x01,0xB1,0x0A,0x00,
  0x01,0x8D,0x01,0xFA,0x01,0x44,0x06,0x00,0x01,0x8D,0x01,0xFA,0x01,0x24,0x04,0x00,
  0x01,0xFA,0x01,0xD5,0x07,0x00,0x01,0x69,0x01,0xFA,0x01,0x48,0x05,0x00,0x01,0xF9,
  0x01,0xFA,0x01,0x69,0x01,0x44,0x01,0x6D,0x01,0xD5,0x01,0xFA,0x01,0xD5,0x0C,0x00,
  0x03,0x24,0x01,0xB5,0x01,0x6D,0x05,0x00,0x01,0x24,0x01,0xFA,0x01,0x69,0x06,0x00,
  0x01,0x8D,0x01,0xFA,0x01,0x24,0x0F,0x00,0x01,0x8D,0x01,0xFA,0x01,0x24,0x05,0x00,
  0x01,0x24,0x03,0xFA,0x01,0xD9,0x01,0x24,0x07,0x00,0x01,0xB1,0x01,0xFA,0x01,0x8D,
  0x01,0x24,0x01,0x44,0x01,0x69,0x01,0xB1,0x01,0xFA,0x01,0xB1,0x3F,0x00,0x01,0x24,
  0x04,0xFA,0x01,0x24,0x05,0x00,0x01,0x24,0x01,0xFA,0x01,0x24,0x06,0x00,0x01,0x8D,
  0x01,0xFA,0x01,0x24,0x02,0x00,0x01,0x8D,0x04,0xFA,0x01,0xB5,0x07,0x00,0x01,0x8D,
  0x01,0xFA,0x01,0x24,0x02,0x00,0x01,0x49,0x09,0xFA,0x01,0xD5,0x05,0x00,0x01,0x91,
  0x05,0xFA,0x01,0xB1,0x09,0x00,0x01,0xFA,0x01,0x48,0x08,0x00,0x01,0xD5,0x01,0x91,
  0x08,0x00,0x01,0x24,0x04,0xFA,0x01,0x24,0x05,0x00,0x01,0x24,0x01,0xFA,0x01,0x24,
  0x06,0x00,0x01,0x8D,0x01,0xFA,0x01,0x24,0x02,0x00,0x01,0x91,0x01,0xFA,0x01,0xD9,
  0x01,0x24,0x01,0x00,0x01,0xD5,0x01,0x91,0x0A,0x00,0x01,0x6D,0x01,0xFA,0x07,0x00,
  0x01,0x8D,0x01,0xFA,0x01,0x24,0x04,0x00,0x01,0xD5,0x01,0x91,0x07,0x00,0x01,0x69,
  0x01,0xFA,0x01,0x24,0x05,0x00,0x01,0x91,0x05,0xFA,0x01,0xB1,0x0C,0x00,0x01,0x24,
  0x04,0xFA,0x01,0x24,0x05,0x00,0x01,0x24,0x01,0xFA,0x01,0x24,0x06,0x00,0x01,0x8D,
  0x01,0xFA,0x01,0x24,0x0F,0x00,0x01,0x8D,0x01,0xFA,0x01,0x24,0x04,0x00,0x01,0x44,
  0x01,0xB5,0x02,0xFA,0x01,0xB1,0x01,0x20,0x08,0x00,0x01,0x49,0x06,0xFA,0x01,0x8D,
  0x40,0x00,0x01,0xD5,0x03,0xFA,0x01,0xB5,0x06,0x00,0x01,0x24,0x01,0x91,0x07,0x00,
  0x01,0x8D,0x01,0xB1,0x02,0x00,0x01,0x20,0x05,0xFA,0x01,0x24,0x07,0x00,0x01,0x8D,
  0x01,0xB1,0x03,0x00,0x0A,0xFA,0x01,0x44,0x05,0x00,0x01,0x24,0x01,0xD5,0x02,0xFA,
  0x01,0xB1,0x01,0x48,0x0A,0x00,0x01,0xB1,0x09,0x00,0x01,0xB1,0x01,0x24,0x08,0x00,
  0x01,0xD5,0x03,0xFA,0x01,0xB5,0x06,0x00,0x01,0x24,0x01,0x91,0x07,0x00,0x01,0x8D,
  0x01,0xB1,0x03,0x00,0x01,0xD5,0x01,0x8D,0x01,0x20,0x02,0x00,0x01,0x91,0x01,0x48,
  0x0A,0x00,0x01,0x69,0x01,0x6D,0x07,0x00,0x01,0x8D,0x01,0xB1,0x05,0x00,0x01,0xB1,
  0x01,0x24,0x07,0x00,0x01,0x48,0x01,0x6D,0x06,0x00,0x01,0x24,0x01,0xD5,0x02,0xFA,
  0x01,0xB1,0x01,0x48,0x0D,0x00,0x01,0xD5,0x03,0xFA,0x01,0xB5,0x06,0x00,0x01,0x24,
  0x01,0x91,0x07,0x00,0x01,0x8D,0x01,0xB1,0x10,0x00,0x01,0x8D,0x01,0xB1,0x03,0x00,
  0x01,0x24,0x01,0xD5,0x02,0xFA,0x01,0xD5,0x01,0x48,0x0B,0x00,0x01,0x8D,0x02,0xFA,
  0x01,0xD5,0x01,0x8D,0x01,0x24,0x55,0x00,0x01,0x48,0x01,0x24,0x10,0x00,0x01,0x48,
  0x01,0x24,0x4B,0x00,0x01,0x48,0x01,0x24,0x08,0x00,0x01,0x24,0x14,0x00,0x01,0x48,
  0x01,0x24,0x3D,0x00,0x01,0x48,0x01,0x24,0x10,0x00,0x01,0x48,0x01,0x24,0x03,0x00,
  0x01,0xB1,0x01,0xFA,0x01,0xF9,0x01,0x69,0xFF,0x00,0x3C,0x00,0x01,0x24,0x01,0xD5,
  0x01,0x69,0xFF,0x00,0xFF,0x00,0xFF,0x00,0xFF,0x00,0xFF,0x00,0xFF,0x00,0xFF,0x00,
  0xFF,0x00,0xFF,0x00,0xFF,0x00,0xFF,0x00,0x83,0x00,0xFF,0xFA,0xFF,0xFA,0x82,0xFA,
  0xFF,0x00,0xFF,0x00,0xFF,0x00,0xFF,0x00,0xFF,0x00,0xFF,0x00,0xFF,0x00,0xFF,0x00,
  0xFF,0x00,0xFF,0x00,0xFF,0x00,0xFF,0x00,0xFF,0x00,0xFF,0x00,0xFF,0x00,0xFF,0x00,
  0xFF,0x00,0x75,0x00,0x01,0x20,0x01,0xC9,0xA6,0x00,0x01,0x20,0x05,0x00,0x01,0x20,
  0x75,0x00,0x01,0x20,0x0B,0x00,0x01,0x20,0x0F,0x00,0x01,0x40,0x01,0xE9,0x87,0x00,
  0x01,0x40,0x01,0x20,0x06,0x00,0x01,0x64,0x03,0x00,0x01,0x84,0x03,0x00,0x01,0xC9,
  0x01,0xA9,0x04,0x00,0x02,0x84,0x07,0x00,0x01,0xC9,0x01,0xE9,0x01,0x64,0x03,0x00,
  0x01,0xC9,0x01,0xE9,0x01,0x64,0x06,0x00,0x01,0x40,0x01,0x20,0x06,0x00,0x01,0x40,
  0x01,0x20,0x05,0x00,0x01,0x44,0x0A,0x00,0x01,0x20,0x0A,0x00,0x01,0x64,0x09,0x00,
  0x01,0xC9,0x01,0x20,0x02,0x00,0x01,0xC9,0x02,0x00,0x01,0x64,0x01,0x44,0x02,0x00,
  0x01,0x40,0x01,0x20,0x0A,0x00,0x01,0x20,0x01,0xC9,0x01,0x64,0x05,0x00,0x01,0xA9,
  0x01,0x84,0x10,0x00,0x01,0x64,0x0C,0x00,0x01,0xC9,0x01,0xE9,0x01,0x64,0x03,0x00,
  0x01,0x40,0x01,0x20,0x04,0x00,0x01,0xC9,0x01,0xE9,0x01,0x64,0x04,0x00,0x01,0x64,
  0x08,0x00,0x01,0x20,0x01,0xED,0x87,0x00,0x01,0xE9,0x05,0xED,0x01,0x44,0x01,0x20,
  0x06,0xED,0x01,0x20,0x01,0x00,0x01,0xA9,0x01,0xED,0x01,0xC9,0x03,0x00,0x01,0xC9,
  0x01,0xED,0x01,0xC9,0x01,0x20,0x05,0x00,0x01,0x20,0x01,0xE9,0x01,0xED,0x01,0xC9,
  0x02,0x00,0x01,0x20,0x01,0xE9,0x01,0xED,0x01,0xC9,0x05,0x00,0x01,0xE9,0x03,0xED,
  0x01,0xA9,0x03,0x00,0x01,0xE9,0x01,0xED,0x01,0x64,0x03,0x00,0x01,0x44,0x04,0xED,
  0x01,0xE9,0x01,0x84,0x04,0x00,0x01,0xA9,0x01,0xC9,0x02,0x00,0x01,0x84,0x01,0xED,
  0x01,0xC9,0x01,0x20,0x03,0x00,0x01,0xA9,0x05,0xED,0x01,0xE9,0x01,0x64,0x03,0x00,
  0x01,0xE9,0x01,0x84,0x01,0x00,0x01,0x44,0x01,0xED,0x01,0x20,0x01,0x00,0x01,0xE9,
  0x01,0x84,0x02,0x00,0x01,0xE9,0x03,0xED,0x01,0xA9,0x01,0x20,0x05,0x00,0x01,0x20,
  0x02,0xA9,0x01,0xED,0x01,0xE9,0x01,0x40,0x03,0x00,0x01,0xC9,0x01,0xED,0x01,0xC9,
  0x03,0x00,0x01,0xC9,0x01,0x64,0x02,0x00,0x01,0x64,0x01,0xC9,0x01,0xED,0x01,0xA9,
  0x03,0x00,0x01,0xC9,0x07,0xED,0x01,0x64,0x05,0x00,0x01,0x20,0x01,0xE9,0x01,0xED,
  0x01,0xC9,0x02,0x00,0x01,0xE9,0x01,0xED,0x01,0x64,0x03,0x00,0x01,0x20,0x01,0xE9,
  0x01,0xED,0x01,0xC9,0x02,0x00,0x01,0xA9,0x05,0xED,0x01,0xE9,0x01,0x64,0x03,0x00,
  0x05,0xED,0x01,0xE9,0x82,0x00,0x03,0x64,0x01,0x84,0x01,0xED,0x01,0x84,0x01,0x00,
  0x01,0x20,0x03,0x64,0x01,0x84,0x01,0xED,0x01,0x64,0x03,0x00,0x01,0x40,0x01,0xED,
  0x01,0x44,0x03,0x00,0x01,0x64,0x01,0xED,0x01,0xA9,0x06,0x00,0x01,0xC9,0x01,0x84,
  0x01,0xE9,0x03,0x00,0x01,0xC9,0x01,0x84,0x01,0xE9,0x04,0x00,0x01,0x20,0x03,0x64,
  0x01,0x84,0x01,0xE9,0x01,0xA9,0x02,0x00,0x01,0x64,0x01,0xE9,0x01,0xED,0x01,0xA9,
  0x02,0x00,0x01,0xA9,0x01,0xED,0x03,0x64,0x01,0x84,0x01,0xED,0x01,0xA9,0x03,0x00,
  0x01,0x84,0x01,0xED,0x01,0x40,0x02,0x84,0x01,0x64,0x01,0xC9,0x01,0xE9,0x03,0x00,
  0x06,0x64,0x01,0xA9,0x01,0xED,0x03,0x00,0x01,0x84,0x01,0xC9,0x02,0x00,0x01,0xED,
  0x01,0x20,0x01,0x00,0x02,0xA9,0x01,0x00,0x01,0x20,0x04,0x64,0x01,0xC9,0x01,0xE9,
  0x05,0x00,0x01,0xA9,0x01,0x20,0x01,0x00,0x01,0x20,0x01,0xC9,0x01,0xE9,0x04,0x00,
  0x01,0x84,0x01,0xED,0x01,0x84,0x02,0x00,0x02,0xC9,0x01,0x00,0x01,0x40,0x01,0xA9,
  0x01,0x64,0x01,0x84,0x01,0xED,0x01,0x84,0x02,0x00,0x01,0x89,0x01,0xED,0x05,0x64,
  0x02,0xC9,0x06,0x00,0x01,0xC9,0x01,0x84,0x01,0xE9,0x02,0x00,0x01,0x64,0x01,0xE9,
  0x01,0xED,0x01,0xA9,0x03,0x00,0x01,0xC9,0x01,0x84,0x01,0xE9,0x02,0x00,0x06,0x64,
  0x01,0xA9,0x01,0xED,0x03,0x00,0x01,0x44,0x04,0x64,0x01,0xED,0x01,0x44,0x0A,0x00,
  0x03,0xED,0x78,0x00,0x01,0xED,0x01,0x20,0x06,0x00,0x01,0xED,0x05,0x00,0x01,0xA9,
  0x01,0x64,0x04,0x00,0x01,0x84,0x01,0xC9,0x05,0x00,0x01,0x20,0x01,0xA9,0x04,0x00,
  0x01,0x20,0x01,0xA9,0x0B,0x00,0x01,0x44,0x01,0xED,0x04,0x00,0x01,0xC9,0x01,0xED,
  0x02,0x00,0x01,0x64,0x01,0xE9,0x04,0x00,0x01,0x44,0x01,0xED,0x01,0x20,0x03,0x00,
  0x01,0xED,0x01,0xA9,0x01,0x64,0x03,0x00,0x01,0xE9,0x01,0x44,0x03,0x00,0x01,0x44,
  0x05,0x00,0x01,0xED,0x01,0x20,0x02,0x00,0x01,0x20,0x01,0xED,0x02,0x00,0x01,0xE9,
  0x02,0x00,0x01,0x84,0x01,0x89,0x06,0x00,0x01,0x20,0x01,0xE9,0x01,0x64,0x04,0x00,
  0x01,0xED,0x01,0x40,0x03,0x00,0x01,0xED,0x01,0x20,0x04,0x00,0x02,0xA9,0x02,0x00,
  0x01,0x44,0x01,0xED,0x05,0x00,0x01,0x44,0x01,0xE9,0x03,0x00,0x01,0xED,0x01,0x20,
  0x04,0x00,0x01,0x64,0x01,0xC9,0x05,0x00,0x01,0x20,0x01,0xA9,0x06,0x00,0x01,0xC9,
  0x01,0xED,0x02,0x00,0x01,0x20,0x01,0xA9,0x05,0x00,0x01,0x44,0x05,0x00,0x01,0xED,
  0x01,0x20,0x07,0x00,0x01,0xC9,0x01,0x44,0x09,0x00,0x05,0xED,0x77,0x00,0x01,0xED,
  0x01,0x20,0x06,0x00,0x01,0xED,0x05,0x00,0x01,0x64,0x01,0x84,0x04,0x00,0x01,0x40,
  0x01,0xE9,0x05,0x00,0x01,0x20,0x01,0xED,0x04,0x00,0x01,0x20,0x01,0xED,0x0C,0x00,
  0x01,0xED,0x01,0x20,0x03,0x00,0x01,0x84,0x01,0xA9,0x02,0x00,0x01,0x40,0x01,0xED,
  0x05,0x00,0x01,0xC9,0x01,0x64,0x03,0x00,0x01,0xA9,0x01,0xC9,0x04,0x00,0x01,0xA9,
  0x01,0x84,0x03,0x00,0x01,0xED,0x05,0x00,0x01,0xE9,0x01,0x20,0x03,0x00,0x01,0xED,
  0x01,0x44,0x01,0xA9,0x01,0x44,0x02,0x00,0x01,0x84,0x01,0x64,0x07,0x00,0x01,0xA9,
  0x01,0x84,0x04,0x00,0x01,0xA9,0x01,0xED,0x01,0x44,0x02,0x00,0x01,0xC9,0x01,0x40,
  0x04,0x00,0x01,0x64,0x01,0xA9,0x03,0x00,0x01,0xED,0x01,0x40,0x05,0x00,0x01,0xE9,
  0x03,0x00,0x01,0xC9,0x01,0x44,0x04,0x00,0x01,0x64,0x01,0x84,0x05,0x00,0x01,0x20,
  0x01,0xED,0x06,0x00,0x01,0x84,0x01,0xA9,0x02,0x00,0x01,0x20,0x01,0xED,0x05,0x00,
  0x01,0xED,0x05,0x00,0x01,0xE9,0x01,0x20,0x07,0x00,0x01,0xC9,0x09,0x00,0x07,0xED,
  0x76,0x00,0x01,0xED,0x01,0x20,0x06,0x00,0x01,0xED,0x05,0x00,0x01,0x64,0x01,0xA9,
  0x04,0x00,0x01,0x20,0x01,0xE9,0x06,0x00,0x01,0xC9,0x01,0x84,0x04,0x00,0x01,0xC9,
  0x01,0x84,0x0B,0x00,0x01,0xC9,0x01,0x40,0x03,0x00,0x01,0xC9,0x01,0x20,0x02,0x00,
  0x01,0x20,0x01,0xED,0x05,0x00,0x01,0xA9,0x01,0x84,0x03,0x00,0x01,0xA9,0x01,0x64,
  0x04,0x00,0x01,0x64,0x01,0x89,0x03,0x00,0x01,0xED,0x05,0x00,0x01,0xC9,0x01,0x40,
  0x03,0x00,0x01,0xA9,0x01,0xE9,0x01,0x44,0x03,0x00,0x01,0xC9,0x08,0x00,0x01,0x84,
  0x01,0x64,0x05,0x00,0x01,0x64,0x03,0x00,0x01,0xA9,0x01,0x40,0x04,0x00,0x01,0x64,
  0x01,0xA9,0x03,0x00,0x01,0xA9,0x01,0x64,0x04,0x00,0x01,0x20,0x01,0x84,0x03,0x00,
  0x02,0x84,0x04,0x00,0x01,0xA9,0x07,0x00,0x01,0xC9,0x01,0x84,0x05,0x00,0x01,0xC9,
  0x01,0x20,0x03,0x00,0x01,0xC9,0x01,0x84,0x04,0x00,0x01,0xED,0x05,0x00,0x01,0xC9,
  0x01,0x40,0x06,0x00,0x01,0x20,0x01,0x84,0x09,0x00,0x07,0xED,0x76,0x00,0x01,0xE9,
  0x01,0x20,0x06,0x00,0x01,0xED,0x01,0x20,0x03,0x00,0x01,0x40,0x02,0xC9,0x04,0x00,
  0x01,0x20,0x01,0xC9,0x06,0x00,0x01,0x44,0x01,0xE9,0x04,0x00,0x01,0x44,0x01,0xE9,
  0x0B,0x00,0x01,0xC9,0x01,0x40,0x02,0x00,0x02,0x44,0x03,0x00,0x01,0x20,0x01,0xED,
  0x05,0x00,0x02,0x84,0x03,0x00,0x01,0xC9,0x01,0x20,0x04,0x00,0x01,0x44,0x01,0xA9,
  0x03,0x00,0x01,0xED,0x05,0x00,0x01,0xC9,0x01,0x40,0x03,0x00,0x01,0x84,0x01,0xA9,
  0x03,0x00,0x01,0x89,0x01,0x64,0x08,0x00,0x01,0xA9,0x0A,0x00,0x01,0xA9,0x01,0x40,
  0x04,0x00,0x01,0x64,0x01,0xA9,0x03,0x00,0x01,0x64,0x01,0xA9,0x04,0x00,0x01,0xA9,
  0x04,0x00,0x01,0x40,0x01,0xC9,0x03,0x00,0x02,0x64,0x07,0x00,0x01,0x44,0x01,0xE9,
  0x04,0x00,0x02,0x44,0x04,0x00,0x01,0x44,0x01,0xE9,0x04,0x00,0x01,0xED,0x05,0x00,
  0x01,0xC9,0x01,0x40,0x05,0x00,0x01,0x20,0x01,0xC9,0x0A,0x00,0x07,0xED,0x76,0x00,
  0x01,0xE9,0x01,0x40,0x06,0x00,0x01,0xE9,0x01,0x20,0x02,0x00,0x01,0x84,0x01,0xE9,
  0x01,0x20,0x01,0xED,0x02,0x00,0x01,0x44,0x01,0x64,0x02,0x84,0x07,0x00,0x01,0xC9,
  0x01,0x64,0x04,0x00,0x01,0xC9,0x01,0x64,0x0A,0x00,0x01,0xA9,0x01,0x40,0x08,0x00,
  0x01,0xED,0x05,0x00,0x01,0x64,0x01,0x84,0x03,0x00,0x01,0xC9,0x01,0x00,0x01,0x20,
  0x03,0x64,0x01,0x84,0x01,0x64,0x03,0x00,0x01,0xED,0x05,0x00,0x01,0xA9,0x01,0x40,
  0x03,0x00,0x01,0x40,0x01,0xED,0x01,0x64,0x01,0x84,0x01,0xE9,0x01,0x84,0x04,0x00,
  0x01,0x40,0x03,0x64,0x01,0x84,0x01,0x64,0x05,0x00,0x01,0x40,0x04,0x64,0x01,0xC9,
  0x05,0x00,0x01,0x64,0x01,0xA9,0x03,0x00,0x01,0x20,0x01,0xED,0x01,0x84,0x01,0x64,
  0x01,0x84,0x01,0xC9,0x01,0x40,0x05,0x00,0x01,0xED,0x01,0x84,0x01,0x64,0x01,0xC9,
  0x01,0x84,0x09,0x00,0x01,0xC9,0x01,0x64,0x0A,0x00,0x01,0xC9,0x01,0x64,0x03,0x00,
  0x01,0xED,0x05,0x00,0x01,0xA9,0x01,0x40,0x03,0x00,0x01,0x64,0x01,0xA9,0x01,0xE9,
  0x01,0x20,0x0B,0x00,0x05,0xED,0x77,0x00,0x01,0xC9,0x01,0x40,0x06,0x00,0x01,0x84,
  0x02,0x00,0x01,0x20,0x01,0xA9,0x01,0x20,0x01,0x00,0x01,0x84,0x01,0x00,0x01,0x20,
  0x02,0xED,0x01,0xE9,0x01,0x20,0x07,0x00,0x01,0x40,0x01,0x44,0x04,0x00,0x01,0x40,
  0x01,0x44,0x0A,0x00,0x01,0x84,0x09,0x00,0x01,0xC9,0x05,0x00,0x01,0x44,0x01,0x64,
  0x02,0x00,0x02,0x64,0x01,0x00,0x01,0xE9,0x03,0xED,0x01,0xE9,0x04,0x00,0x01,0x84,
  0x05,0x00,0x01,0x84,0x05,0x00,0x01,0xA9,0x01,0xE9,0x01,0xA9,0x01,0x44,0x04,0x00,
  0x01,0x20,0x04,0xED,0x01,0xA9,0x05,0x00,0x01,0x20,0x05,0xED,0x01,0x84,0x05,0x00,
  0x02,0x64,0x04,0x00,0x01,0x84,0x01,0xED,0x01,0xC9,0x01,0x84,0x01,0x20,0x06,0x00,
  0x01,0x64,0x01,0xED,0x01,0xC9,0x01,0x44,0x0A,0x00,0x01,0x40,0x01,0x44,0x0A,0x00,
  0x01,0x40,0x01,0x44,0x03,0x00,0x01,0x84,0x05,0x00,0x01,0x84,0x03,0x00,0x01,0x40,
  0x01,0xC9,0x01,0x64,0x0E,0x00,0x03,0xED,0x78,0x00,0x01,0xC9,0x01,0x40,0x37,0x00,
  0x01,0x20,0x05,0x00,0x01,0x20,0x03,0x00,0x01,0x44,0xFC,0x00,0x01,0xC9,0x01,0x40,
  0xFF,0x00,0x3F,0x00,0x01,0xA9,0x01,0x20,0xFF,0x00,0x3F,0x00,0x01,0x40,0xFF,0x00,
  0xFF,0x00,0xFF,0x00,0xFF,0x00,0xFF,0x00,0xFF,0x00,0xFF,0x00,0xFF,0x00,0xFF,0x00,
  0xFF,0x00,0x95,0x00,0x01,0x20,0x01,0xC9,0x25,0x00,0x01,0x20,0x01,0xC9,0xFF,0x00,
  0x01,0x00,0x01,0x20,0x16,0x00,0x01,0x40,0x01,0xE9,0x25,0x00,0x01,0x40,0x01,0xE9,
  0x90,0x00,0x01,0x64,0x03,0x00,0x01,0x84,0x04,0x00,0x01,0x64,0x0A,0x00,0x01,0x20,
  0x01,0xC9,0x01,0x64,0x06,0x00,0x01,0x64,0x0C,0x00,0x01,0x40,0x01,0x20,0x04,0x00,
  0x01,0x40,0x01,0x20,0x07,0x00,0x01,0x44,0x09,0x00,0x01,0xA9,0x01,0x64,0x05,0x00,
  0x01,0xC9,0x07,0x00,0x01,0x64,0x09,0x00,0x01,0x40,0x01,0x20,0x04,0x00,0x01,0xA9,
  0x04,0x00,0x01,0x89,0x02,0x00,0x01,0x40,0x01,0x20,0x04,0x00,0x01,0xC9,0x01,0xE9,
  0x01,0x64,0x03,0x00,0x01,0xA9,0x01,0x84,0x05,0x00,0x01,0x20,0x01,0xC9,0x01,0x64,
  0x07,0x00,0x01,0x20,0x01,0xED,0x07,0x00,0x01,0x40,0x01,0x20,0x04,0x00,0x01,0x64,
  0x03,0x00,0x01,0x84,0x03,0x00,0x01,0xC9,0x01,0xA9,0x05,0x00,0x01,0x64,0x08,0x00,
  0x01,0x20,0x01,0xED,0x8F,0x00,0x01,0x20,0x06,0xED,0x01,0x20,0x01,0x00,0x01,0xC9,
  0x07,0xED,0x01,0x64,0x02,0x00,0x01,0x20,0x02,0xA9,0x01,0xED,0x01,0xE9,0x01,0x40,
  0x03,0x00,0x01,0xA9,0x05,0xED,0x01,0xE9,0x01,0x64,0x06,0x00,0x01,0xE9,0x01,0xED,
  0x01,0x64,0x03,0x00,0x01,0xE9,0x03,0xED,0x01,0xA9,0x03,0x00,0x01,0x44,0x04,0xED,
  0x01,0xE9,0x01,0x84,0x04,0x00,0x01,0xA9,0x01,0xED,0x01,0xA9,0x03,0x00,0x01,0x64,
  0x01,0xED,0x01,0x20,0x05,0x00,0x01,0xA9,0x05,0xED,0x01,0xE9,0x01,0x64,0x03,0x00,
  0x01,0xE9,0x01,0xED,0x01,0x64,0x02,0x00,0x01,0x40,0x01,0xED,0x01,0x64,0x02,0x00,
  0x01,0x44,0x01,0xED,0x01,0x20,0x01,0x00,0x01,0xE9,0x01,0xED,0x01,0x64,0x03,0x00,
  0x01,0x20,0x01,0xE9,0x01,0xED,0x01,0xC9,0x02,0x00,0x01,0xC9,0x01,0xED,0x01,0xC9,
  0x03,0x00,0x01,0x20,0x02,0xA9,0x01,0xED,0x01,0xE9,0x01,0x40,0x06,0x00,0x05,0xED,
  0x01,0xE9,0x02,0x00,0x01,0xE9,0x01,0xED,0x01,0x64,0x02,0x00,0x01,0x20,0x06,0xED,
  0x01,0x20,0x01,0x00,0x01,0xA9,0x01,0xED,0x01,0xC9,0x03,0x00,0x01,0xA9,0x05,0xED,
  0x01,0xE9,0x01,0x64,0x03,0x00,0x05,0xED,0x01,0xE9,0x8A,0x00,0x01,0x20,0x03,0x64,
  0x01,0x84,0x01,0xED,0x01,0x64,0x02,0x00,0x01,0x89,0x01,0xED,0x05,0x64,0x02,0xC9,
  0x02,0x00,0x01,0xA9,0x01,0x20,0x01,0x00,0x01,0x20,0x01,0xC9,0x01,0xE9,0x03,0x00,
  0x06,0x64,0x01,0xA9,0x01,0xED,0x06,0x00,0x01,0x64,0x01,0xE9,0x01,0xED,0x01,0xA9,
  0x01,0x00,0x01,0x20,0x03,0x64,0x01,0x84,0x01,0xE9,0x01,0xA9,0x02,0x00,0x01,0xA9,
  0x01,0xED,0x03,0x64,0x01,0x84,0x01,0xED,0x01,0xA9,0x04,0x00,0x01,0x64,0x01,0xED,
  0x01,0xC9,0x02,0x00,0x01,0x20,0x01,0xED,0x06,0x00,0x06,0x64,0x01,0xA9,0x01,0xED,
  0x03,0x00,0x01,0x64,0x01,0xE9,0x01,0xED,0x01,0xA9,0x02,0x00,0x01,0xA9,0x01,0xED,
  0x01,0x20,0x01,0x00,0x01,0x40,0x01,0xED,0x01,0x20,0x01,0x00,0x01,0x64,0x01,0xE9,
  0x01,0xED,0x01,0xA9,0x03,0x00,0x01,0xC9,0x01,0x84,0x01,0xE9,0x03,0x00,0x01,0x84,
  0x01,0xED,0x01,0x84,0x02,0x00,0x01,0xA9,0x01,0x20,0x01,0x00,0x01,0x20,0x01,0xC9,
  0x01,0xE9,0x06,0x00,0x01,0x44,0x04,0x64,0x01,0xED,0x01,0x44,0x01,0x00,0x01,0x64,
  0x01,0xE9,0x01,0xED,0x01,0xA9,0x01,0x00,0x01,0x20,0x03,0x64,0x01,0x84,0x01,0xED,
  0x01,0x64,0x03,0x00,0x01,0x40,0x01,0xED,0x01,0x44,0x02,0x00,0x06,0x64,0x01,0xA9,
  0x01,0xED,0x03,0x00,0x01,0x44,0x04,0x64,0x01,0xED,0x01,0x44,0x0A,0x00,0x03,0xED,
  0x81,0x00,0x01,0xED,0x04,0x00,0x01,0xED,0x01,0x20,0x04,0x00,0x01,0x64,0x01,0xC9,
  0x02,0x00,0x01,0xED,0x01,0x40,0x03,0x00,0x01,0xED,0x01,0x20,0x03,0x00,0x01,0x44,
  0x05,0x00,0x01,0xED,0x01,0x20,0x07,0x00,0x01,0xC9,0x01,0xED,0x06,0x00,0x01,0x44,
  0x01,0xED,0x02,0x00,0x01,0x64,0x01,0xE9,0x04,0x00,0x01,0x44,0x01,0xED,0x01,0x20,
  0x03,0x00,0x01,0x40,0x01,0xA9,0x01,0xE9,0x01,0xC9,0x01,0x00,0x01,0x20,0x01,0xC9,
  0x07,0x00,0x01,0x44,0x05,0x00,0x01,0xED,0x01,0x20,0x04,0x00,0x01,0xC9,0x01,0xED,
  0x03,0x00,0x01,0xC9,0x01,0xE9,0x01,0x20,0x01,0x44,0x01,0xA9,0x04,0x00,0x01,0xC9,
  0x01,0xED,0x02,0x00,0x01,0x20,0x01,0xA9,0x06,0x00,0x02,0xA9,0x02,0x00,0x01,0xED,
  0x01,0x40,0x03,0x00,0x01,0xED,0x01,0x20,0x0A,0x00,0x01,0xC9,0x01,0x44,0x03,0x00,
  0x01,0xC9,0x01,0xED,0x06,0x00,0x01,0xED,0x05,0x00,0x01,0xA9,0x01,0x64,0x03,0x00,
  0x01,0x44,0x05,0x00,0x01,0xED,0x01,0x20,0x07,0x00,0x01,0xC9,0x01,0x44,0x09,0x00,
  0x05,0xED,0x80,0x00,0x01,0xED,0x04,0x00,0x01,0xC9,0x01,0x44,0x04,0x00,0x01,0x64,
  0x01,0x84,0x02,0x00,0x01,0xA9,0x01,0xED,0x01,0x44,0x02,0x00,0x01,0xC9,0x01,0x40,
  0x03,0x00,0x01,0xED,0x05,0x00,0x01,0xE9,0x01,0x20,0x07,0x00,0x01,0x84,0x01,0xA9,
  0x07,0x00,0x01,0xED,0x01,0x20,0x01,0x00,0x01,0x40,0x01,0xED,0x05,0x00,0x01,0xC9,
  0x01,0x64,0x03,0x00,0x01,0xC9,0x01,0x00,0x01,0x20,0x01,0xE9,0x01,0xC9,0x01,0xA9,
  0x01,0x40,0x07,0x00,0x01,0xED,0x05,0x00,0x01,0xE9,0x01,0x20,0x04,0x00,0x01,0x84,
  0x01,0xA9,0x04,0x00,0x01,0xA9,0x01,0xED,0x01,0xC9,0x01,0x20,0x04,0x00,0x01,0x84,
  0x01,0xA9,0x02,0x00,0x01,0x20,0x01,0xED,0x06,0x00,0x01,0x64,0x01,0xA9,0x02,0x00,
  0x01,0xA9,0x01,0xED,0x01,0x44,0x02,0x00,0x01,0xC9,0x01,0x40,0x0A,0x00,0x01,0xC9,
  0x04,0x00,0x01,0x84,0x01,0xA9,0x06,0x00,0x01,0xED,0x05,0x00,0x01,0x64,0x01,0x84,
  0x03,0x00,0x01,0xED,0x05,0x00,0x01,0xE9,0x01,0x20,0x07,0x00,0x01,0xC9,0x09,0x00,
  0x07,0xED,0x7F,0x00,0x01,0xED,0x04,0x00,0x02,0x84,0x04,0x00,0x01,0xA9,0x04,0x00,
  0x01,0x64,0x03,0x00,0x01,0xA9,0x01,0x40,0x03,0x00,0x01,0xED,0x05,0x00,0x01,0xC9,
  0x01,0x40,0x07,0x00,0x01,0xC9,0x01,0x20,0x07,0x00,0x01,0xC9,0x01,0x40,0x01,0x00,
  0x01,0x20,0x01,0xED,0x05,0x00,0x01,0xA9,0x01,0x84,0x02,0x00,0x01,0x20,0x01,0xC9,
  0x02,0x00,0x01,0x20,0x01,0xC9,0x01,0xE9,0x08,0x00,0x01,0xED,0x05,0x00,0x01,0xC9,
  0x01,0x40,0x04,0x00,0x01,0xC9,0x01,0x20,0x05,0x00,0x01,0xA9,0x01,0xED,0x01,0x44,
  0x04,0x00,0x01,0xC9,0x01,0x20,0x03,0x00,0x01,0xC9,0x01,0x84,0x05,0x00,0x01,0x64,
  0x01,0xA9,0x03,0x00,0x01,0x64,0x03,0x00,0x01,0xA9,0x01,0x40,0x09,0x00,0x01,0x20,
  0x01,0x84,0x04,0x00,0x01,0xC9,0x01,0x20,0x06,0x00,0x01,0xED,0x05,0x00,0x01,0x64,
  0x01,0xA9,0x03,0x00,0x01,0xED,0x05,0x00,0x01,0xC9,0x01,0x40,0x06,0x00,0x01,0x20,
  0x01,0x84,0x09,0x00,0x07,0xED,0x7F,0x00,0x01,0xED,0x01,0x20,0x03,0x00,0x01,0x40,
  0x01,0xC9,0x03,0x00,0x02,0x64,0x08,0x00,0x01,0xA9,0x01,0x40,0x03,0x00,0x01,0xED,
  0x05,0x00,0x01,0xC9,0x01,0x40,0x06,0x00,0x02,0x44,0x08,0x00,0x01,0xC9,0x01,0x40,
  0x01,0x00,0x01,0x20,0x01,0xED,0x05,0x00,0x02,0x84,0x02,0x00,0x01,0x64,0x01,0xA9,
  0x04,0x00,0x02,0xC9,0x07,0x00,0x01,0xED,0x05,0x00,0x01,0xC9,0x01,0x40,0x03,0x00,
  0x02,0x44,0x07,0x00,0x01,0x84,0x01,0xED,0x01,0x20,0x02,0x00,0x02,0x44,0x04,0x00,
  0x01,0x44,0x01,0xE9,0x05,0x00,0x01,0x64,0x01,0xA9,0x07,0x00,0x01,0xA9,0x01,0x40,
  0x08,0x00,0x01,0x20,0x01,0xC9,0x04,0x00,0x02,0x44,0x07,0x00,0x01,0xED,0x01,0x20,
  0x03,0x00,0x01,0x40,0x02,0xC9,0x03,0x00,0x01,0xED,0x05,0x00,0x01,0xC9,0x01,0x40,
  0x05,0x00,0x01,0x20,0x01,0xC9,0x0A,0x00,0x07,0xED,0x7F,0x00,0x01,0xE9,0x01,0x20,
  0x04,0x00,0x01,0xED,0x01,0x84,0x01,0x64,0x01,0xC9,0x01,0x84,0x04,0x00,0x01,0x40,
  0x04,0x64,0x01,0xC9,0x04,0x00,0x01,0xED,0x05,0x00,0x01,0xA9,0x01,0x40,0x10,0x00,
  0x01,0xA9,0x01,0x40,0x02,0x00,0x01,0xED,0x05,0x00,0x01,0x64,0x01,0x84,0x02,0x00,
  0x01,0x64,0x01,0xED,0x01,0x64,0x03,0x00,0x01,0x20,0x01,0xE9,0x01,0xA9,0x06,0x00,
  0x01,0xED,0x05,0x00,0x01,0xA9,0x01,0x40,0x08,0x00,0x01,0x40,0x04,0x64,0x01,0xED,
  0x01,0x40,0x09,0x00,0x01,0xC9,0x01,0x64,0x04,0x00,0x01,0x64,0x01,0xA9,0x02,0x00,
  0x01,0x40,0x04,0x64,0x01,0xC9,0x07,0x00,0x01,0x64,0x01,0xA9,0x01,0xE9,0x01,0x20,
  0x0D,0x00,0x01,0xE9,0x01,0x20,0x02,0x00,0x01,0x84,0x01,0xE9,0x01,0x20,0x01,0xED,
  0x03,0x00,0x01,0xED,0x05,0x00,0x01,0xA9,0x01,0x40,0x03,0x00,0x01,0x64,0x01,0xA9,
  0x01,0xE9,0x01,0x20,0x0B,0x00,0x05,0xED,0x80,0x00,0x01,0x84,0x05,0x00,0x01,0x64,
  0x01,0xED,0x01,0xC9,0x01,0x44,0x04,0x00,0x01,0x20,0x05,0xED,0x01,0x84,0x04,0x00,
  0x01,0x84,0x05,0x00,0x01,0x84,0x11,0x00,0x01,0x84,0x03,0x00,0x01,0xC9,0x05,0x00,
  0x01,0x44,0x01,0x64,0x02,0x00,0x01,0x84,0x01,0xED,0x01,0x84,0x04,0x00,0x01,0x40,
  0x01,0xC9,0x06,0x00,0x01,0x84,0x05,0x00,0x01,0x84,0x08,0x00,0x01,0x20,0x05,0xED,
  0x01,0xA9,0x0A,0x00,0x01,0x40,0x01,0x44,0x04,0x00,0x02,0x64,0x01,0x00,0x01,0x20,
  0x05,0xED,0x01,0x84,0x06,0x00,0x01,0x40,0x01,0xC9,0x01,0x64,0x0F,0x00,0x01,0x84,
  0x02,0x00,0x01,0x20,0x01,0xA9,0x01,0x20,0x01,0x00,0x01,0x84,0x03,0x00,0x01,0x84,
  0x05,0x00,0x01,0x84,0x03,0x00,0x01,0x40,0x01,0xC9,0x01,0x64,0x0E,0x00,0x03,0xED,
  0xB6,0x00,0x01,0x20,0x05,0x00,0x01,0x20,0xFF,0x00,0xFF,0x00,0xFF,0x00,0xFF,0x00,
  0xFF,0x00,0xFF,0x00,0xFF,0x00,0xFF,0x00,0xFF,0x00,0xFF,0x00,0xFF,0x00,0xFF,0x00,
  0xFF,0x00,0xFF,0x00,0x05,0x00,0x01,0x20,0x01,0xC9,0x35,0x00,0x01,0x20,0x01,0xC9,
  0xD0,0x00,0x01,0x20,0x24,0x00,0x01,0x20,0x11,0x00,0x01,0x40,0x01,0xE9,0x35,0x00,
  0x01,0x40,0x01,0xE9,0xCF,0x00,0x01,0x44,0x01,0xA9,0x09,0x00,0x01,0x40,0x01,0x20,
  0x04,0x00,0x02,0x84,0x04,0x00,0x01,0x40,0x01,0x20,0x06,0x00,0x01,0xA9,0x01,0x84,
  0x04,0x00,0x01,0x44,0x01,0xA9,0x0C,0x00,0x01,0x40,0x01,0x20,0x03,0x00,0x01,0x20,
  0x01,0xED,0x07,0x00,0x01,0x44,0x01,0x20,0x09,0x00,0x01,0x40,0x01,0x20,0x06,0x00,
  0x01,0xA9,0x01,0x84,0x05,0x00,0x01,0x44,0x0A,0x00,0x01,0x64,0x08,0x00,0x01,0x20,
  0x01,0xED,0xCF,0x00,0x01,0xC9,0x06,0xED,0x01,0x84,0x03,0x00,0x01,0xE9,0x01,0xED,
  0x01,0x64,0x03,0x00,0x01,0xC9,0x01,0xED,0x01,0xC9,0x01,0x20,0x02,0x00,0x01,0xE9,
  0x03,0xED,0x01,0xA9,0x01,0x20,0x02,0x00,0x01,0xC9,0x01,0xED,0x01,0xC9,0x03,0x00,
  0x01,0xC9,0x06,0xED,0x01,0x84,0x06,0x00,0x01,0xE9,0x01,0xED,0x01,0x64,0x03,0x00,
  0x05,0xED,0x01,0xE9,0x01,0x00,0x01,0x20,0x04,0xED,0x01,0xC9,0x01,0x20,0x05,0x00,
  0x01,0xE9,0x03,0xED,0x01,0xA9,0x03,0x00,0x01,0xC9,0x01,0xED,0x01,0xC9,0x03,0x00,
  0x01,0x44,0x04,0xED,0x01,0xE9,0x01,0x84,0x04,0x00,0x01,0xC9,0x07,0xED,0x01,0x64,
  0x02,0x00,0x05,0xED,0x01,0xE9,0xCA,0x00,0x01,0x44,0x01,0xA9,0x01,0xC9,0x03,0x44,
  0x01,0x84,0x01,0xED,0x01,0x20,0x02,0x00,0x01,0x64,0x01,0xE9,0x01,0xED,0x01,0xA9,
  0x03,0x00,0x01,0x64,0x01,0xED,0x01,0xA9,0x01,0x00,0x01,0x20,0x04,0x64,0x01,0xC9,
  0x01,0xE9,0x03,0x00,0x01,0x84,0x01,0xED,0x01,0x84,0x02,0x00,0x01,0x44,0x01,0xA9,
  0x01,0xC9,0x03,0x44,0x01,0x84,0x01,0xED,0x01,0x20,0x05,0x00,0x01,0x64,0x01,0xE9,
  0x01,0xED,0x01,0xA9,0x02,0x00,0x01,0x44,0x04,0x64,0x01,0xED,0x01,0x44,0x01,0x20,
  0x04,0x64,0x01,0xC9,0x01,0x84,0x04,0x00,0x01,0x20,0x03,0x64,0x01,0x84,0x01,0xE9,
  0x01,0xA9,0x03,0x00,0x01,0x84,0x01,0xED,0x01,0x84,0x02,0x00,0x01,0xA9,0x01,0xED,
  0x03,0x64,0x01,0x84,0x01,0xED,0x01,0xA9,0x03,0x00,0x01,0x89,0x01,0xED,0x05,0x64,
  0x02,0xC9,0x02,0x00,0x01,0x44,0x04,0x64,0x01,0xED,0x01,0x44,0x0A,0x00,0x03,0xED,
  0xBD,0x00,0x01,0x44,0x01,0xE9,0x04,0x00,0x01,0xC9,0x01,0x40,0x04,0x00,0x01,0xC9,
  0x01,0xED,0x04,0x00,0x01,0x84,0x01,0xC9,0x06,0x00,0x01,0x20,0x01,0xE9,0x01,0x64,
  0x03,0x00,0x02,0xA9,0x03,0x00,0x01,0x44,0x01,0xE9,0x04,0x00,0x01,0xC9,0x01,0x40,
  0x07,0x00,0x01,0xC9,0x01,0xED,0x07,0x00,0x01,0xC9,0x01,0x44,0x05,0x00,0x01,0x64,
  0x01,0x84,0x09,0x00,0x01,0x44,0x01,0xED,0x04,0x00,0x02,0xA9,0x02,0x00,0x01,0x64,
  0x01,0xE9,0x04,0x00,0x01,0x44,0x01,0xED,0x01,0x20,0x03,0x00,0x01,0xED,0x01,0x20,
  0x04,0x00,0x01,0x64,0x01,0xC9,0x07,0x00,0x01,0xC9,0x01,0x44,0x09,0x00,0x05,0xED,
  0xBD,0x00,0x01,0xED,0x04,0x00,0x01,0xA9,0x01,0x44,0x04,0x00,0x01,0x84,0x01,0xA9,
  0x04,0x00,0x01,0x40,0x01,0xE9,0x07,0x00,0x01,0xA9,0x01,0x84,0x03,0x00,0x01,0x64,
  0x01,0xA9,0x04,0x00,0x01,0xED,0x04,0x00,0x01,0xA9,0x01,0x44,0x07,0x00,0x01,0x84,
  0x01,0xA9,0x07,0x00,0x01,0xC9,0x06,0x00,0x01,0x64,0x01,0xA9,0x0A,0x00,0x01,0xED,
  0x01,0x20,0x03,0x00,0x01,0x64,0x01,0xA9,0x02,0x00,0x01,0x40,0x01,0xED,0x05,0x00,
  0x01,0xC9,0x01,0x64,0x03,0x00,0x01,0xC9,0x01,0x44,0x04,0x00,0x01,0x64,0x01,0x84,
  0x07,0x00,0x01,0xC9,0x09,0x00,0x07,0xED,0xBC,0x00,0x01,0xC9,0x01,0x40,0x03,0x00,
  0x01,0xA9,0x01,0x64,0x04,0x00,0x01,0xC9,0x01,0x20,0x04,0x00,0x01,0x20,0x01,0xE9,
  0x07,0x00,0x01,0x84,0x01,0x64,0x03,0x00,0x01,0x64,0x01,0xA9,0x04,0x00,0x01,0xC9,
  0x01,0x40,0x03,0x00,0x01,0xA9,0x01,0x64,0x07,0x00,0x01,0xC9,0x01,0x20,0x06,0x00,
  0x01,0x20,0x01,0x84,0x06,0x00,0x01,0x64,0x01,0xA9,0x0A,0x00,0x01,0xC9,0x01,0x40,
  0x03,0x00,0x01,0x64,0x01,0xA9,0x02,0x00,0x01,0x20,0x01,0xED,0x05,0x00,0x01,0xA9,
  0x01,0x84,0x03,0x00,0x02,0x84,0x04,0x00,0x01,0xA9,0x07,0x00,0x01,0x20,0x01,0x84,
  0x09,0x00,0x07,0xED,0xBC,0x00,0x01,0xA9,0x01,0x44,0x03,0x00,0x01,0xA9,0x01,0x64,
  0x03,0x00,0x02,0x44,0x05,0x00,0x01,0x20,0x01,0xC9,0x07,0x00,0x01,0xA9,0x04,0x00,
  0x01,0x64,0x01,0xA9,0x04,0x00,0x01,0xA9,0x01,0x44,0x03,0x00,0x01,0xA9,0x01,0x64,
  0x06,0x00,0x02,0x44,0x06,0x00,0x01,0x20,0x01,0xC9,0x07,0x00,0x01,0x44,0x01,0xA9,
  0x0A,0x00,0x01,0xC9,0x01,0x40,0x03,0x00,0x01,0x64,0x01,0xA9,0x02,0x00,0x01,0x20,
  0x01,0xED,0x05,0x00,0x02,0x84,0x03,0x00,0x01,0x40,0x01,0xC9,0x03,0x00,0x02,0x64,
  0x06,0x00,0x01,0x20,0x01,0xC9,0x0A,0x00,0x07,0xED,0xBA,0x00,0x01,0x20,0x01,0x44,
  0x01,0xA9,0x01,0x20,0x03,0x00,0x01,0x84,0x01,0x44,0x08,0x00,0x01,0x44,0x01,0x64,
  0x02,0x84,0x02,0x00,0x01,0x40,0x03,0x64,0x01,0x84,0x01,0x64,0x04,0x00,0x01,0x64,
  0x01,0xA9,0x02,0x00,0x01,0x20,0x01,0x44,0x01,0xA9,0x01,0x20,0x03,0x00,0x01,0x84,
  0x01,0x44,0x0C,0x00,0x01,0x64,0x01,0xA9,0x01,0xE9,0x01,0x20,0x03,0x00,0x01,0x40,
  0x03,0x64,0x01,0x89,0x01,0xE9,0x01,0x44,0x09,0x00,0x01,0xA9,0x01,0x40,0x03,0x00,
  0x01,0x64,0x01,0xA9,0x03,0x00,0x01,0xED,0x05,0x00,0x01,0x64,0x01,0x84,0x04,0x00,
  0x01,0xED,0x01,0x84,0x01,0x64,0x01,0xC9,0x01,0x84,0x05,0x00,0x01,0x64,0x01,0xA9,
  0x01,0xE9,0x01,0x20,0x0B,0x00,0x05,0xED,0xBB,0x00,0x02,0xED,0x01,0xC9,0x04,0x00,
  0x01,0x64,0x08,0x00,0x01,0x20,0x02,0xED,0x01,0xE9,0x01,0x20,0x01,0x00,0x01,0x20,
  0x04,0xED,0x01,0xA9,0x05,0x00,0x02,0x64,0x02,0x00,0x02,0xED,0x01,0xC9,0x04,0x00,
  0x01,0x64,0x0C,0x00,0x01,0x40,0x01,0xC9,0x01,0x64,0x04,0x00,0x01,0x20,0x06,0xED,
  0x01,0x64,0x09,0x00,0x01,0x84,0x04,0x00,0x02,0x64,0x03,0x00,0x01,0xC9,0x05,0x00,
  0x01,0x44,0x01,0x64,0x04,0x00,0x01,0x64,0x01,0xED,0x01,0xC9,0x01,0x44,0x05,0x00,
  0x01,0x40,0x01,0xC9,0x01,0x64,0x0E,0x00,0x03,0xED,0xFF,0x00,0x18,0x00,0x01,0x20,
  0x05,0x00,0x01,0x20,0xFF,0x00,0xFF,0x00,0xFF,0x00,0xFF,0x00,0xFF,0x00,0xFF,0x00,
  0xFF,0x00,0xFF,0x00,0xFF,0x00,0xFF,0x00,0xFF,0x00,0xFF,0x00,0xFF,0x00,0xDA,0x00,
  0x01,0x20,0x01,0xC9,0xFF,0x00,0x04,0x00,0x01,0x20,0x3A,0x00,0x01,0x40,0x01,0xE9,
  0xD7,0x00,0x01,0x64,0x09,0x00,0x01,0xC9,0x01,0x44,0x03,0x00,0x01,0xC9,0x02,0x00,
  0x01,0x40,0x01,0x20,0x09,0x00,0x01,0x40,0x01,0x20,0x06,0x00,0x01,0xA9,0x01,0x84,
  0x04,0x00,0x01,0x44,0x01,0xA9,0x0A,0x00,0x01,0x20,0x0C,0x00,0x01,0x40,0x01,0x20,
  0x06,0x00,0x01,0xA9,0x01,0x84,0x05,0x00,0x01,0x44,0x0A,0x00,0x01,0x64,0x08,0x00,
  0x01,0x20,0x01,0xED,0xD6,0x00,0x01,0xC9,0x07,0xED,0x01,0x64,0x02,0x00,0x01,0xC9,
  0x01,0xA9,0x03,0x00,0x01,0xED,0x01,0x40,0x01,0x00,0x01,0xE9,0x03,0xED,0x01,0xA9,
  0x01,0x20,0x05,0x00,0x01,0xE9,0x05,0xED,0x01,0x44,0x01,0x00,0x01,0xC9,0x01,0xED,
  0x01,0xC9,0x03,0x00,0x01,0xC9,0x06,0xED,0x01,0x84,0x03,0x00,0x01,0xA9,0x01,0xC9,
  0x02,0x00,0x01,0x84,0x01,0xED,0x01,0xC9,0x01,0x20,0x06,0x00,0x01,0xE9,0x03,0xED,
  0x01,0xA9,0x03,0x00,0x01,0xC9,0x01,0xED,0x01,0xC9,0x03,0x00,0x01,0x44,0x04,0xED,
  0x01,0xE9,0x01,0x84,0x04,0x00,0x01,0xC9,0x07,0xED,0x01,0x64,0x02,0x00,0x05,0xED,
  0x01,0xE9,0xD1,0x00,0x01,0x89,0x01,0xED,0x05,0x64,0x02,0xC9,0x02,0x00,0x01,0x64,
  0x01,0xED,0x03,0x00,0x01,0xC9,0x01,0x64,0x01,0x20,0x04,0x64,0x01,0xC9,0x01,0xE9,
  0x05,0x00,0x03,0x64,0x01,0x84,0x01,0xED,0x01,0x84,0x03,0x00,0x01,0x84,0x01,0xED,
  0x01,0x84,0x02,0x00,0x01,0x44,0x01,0xA9,0x01,0xC9,0x03,0x44,0x01,0x84,0x01,0xED,
  0x01,0x20,0x02,0x00,0x01,0x84,0x01,0xED,0x01,0x40,0x02,0x84,0x01,0x64,0x01,0xC9,
  0x01,0xE9,0x05,0x00,0x01,0x20,0x03,0x64,0x01,0x84,0x01,0xE9,0x01,0xA9,0x03,0x00,
  0x01,0x84,0x01,0xED,0x01,0x84,0x02,0x00,0x01,0xA9,0x01,0xED,0x03,0x64,0x01,0x84,
  0x01,0xED,0x01,0xA9,0x03,0x00,0x01,0x89,0x01,0xED,0x05,0x64,0x02,0xC9,0x02,0x00,
  0x01,0x44,0x04,0x64,0x01,0xED,0x01,0x44,0x0A,0x00,0x03,0xED,0xC4,0x00,0x01,0xED,
  0x01,0x20,0x04,0x00,0x01,0x64,0x01,0xC9,0x03,0x00,0x01,0xE9,0x01,0x44,0x02,0x00,
  0x01,0xA9,0x01,0x64,0x05,0x00,0x01,0x20,0x01,0xE9,0x01,0x64,0x08,0x00,0x01,0xED,
  0x01,0x20,0x04,0x00,0x02,0xA9,0x03,0x00,0x01,0x44,0x01,0xE9,0x04,0x00,0x01,0xC9,
  0x01,0x40,0x03,0x00,0x01,0xED,0x01,0xA9,0x01,0x64,0x03,0x00,0x01,0xE9,0x01,0x44,
  0x09,0x00,0x01,0x44,0x01,0xED,0x04,0x00,0x02,0xA9,0x02,0x00,0x01,0x64,0x01,0xE9,
  0x04,0x00,0x01,0x44,0x01,0xED,0x01,0x20,0x03,0x00,0x01,0xED,0x01,0x20,0x04,0x00,
  0x01,0x64,0x01,0xC9,0x07,0x00,0x01,0xC9,0x01,0x44,0x09,0x00,0x05,0xED,0xC3,0x00,
  0x01,0xC9,0x01,0x44,0x04,0x00,0x01,0x64,0x01,0x84,0x03,0x00,0x01,0x84,0x01,0x89,
  0x02,0x00,0x01,0x89,0x01,0x40,0x06,0x00,0x01,0xA9,0x01,0x84,0x08,0x00,0x01,0xED,
  0x01,0x20,0x04,0x00,0x01,0x64,0x01,0xA9,0x04,0x00,0x01,0xED,0x04,0x00,0x01,0xA9,
  0x01,0x44,0x03,0x00,0x01,0xA9,0x01,0xC9,0x04,0x00,0x01,0xA9,0x01,0x84,0x0A,0x00,
  0x01,0xED,0x01,0x20,0x03,0x00,0x01,0x64,0x01,0xA9,0x02,0x00,0x01,0x40,0x01,0xED,
  0x05,0x00,0x01,0xC9,0x01,0x64,0x03,0x00,0x01,0xC9,0x01,0x44,0x04,0x00,0x01,0x64,
  0x01,0x84,0x07,0x00,0x01,0xC9,0x09,0x00,0x07,0xED,0xC2,0x00,0x02,0x84,0x04,0x00,
  0x01,0xA9,0x04,0x00,0x01,0x40,0x01,0xE9,0x02,0x00,0x01,0xA9,0x07,0x00,0x01,0x84,
  0x01,0x64,0x08,0x00,0x01,0xED,0x01,0x20,0x04,0x00,0x01,0x64,0x01,0xA9,0x04,0x00,
  0x01,0xC9,0x01,0x40,0x03,0x00,0x01,0xA9,0x01,0x64,0x03,0x00,0x01,0xA9,0x01,0x64,
  0x04,0x00,0x01,0x64,0x01,0x89,0x0A,0x00,0x01,0xC9,0x01,0x40,0x03,0x00,0x01,0x64,
  0x01,0xA9,0x02,0x00,0x01,0x20,0x01,0xED,0x05,0x00,0x01,0xA9,0x01,0x84,0x03,0x00,
  0x02,0x84,0x04,0x00,0x01,0xA9,0x07,0x00,0x01,0x20,0x01,0x84,0x09,0x00,0x07,0xED,
  0xC2,0x00,0x01,0x40,0x01,0xC9,0x03,0x00,0x02,0x64,0x05,0x00,0x01,0xE9,0x01,0x44,
  0x01,0xC9,0x01,0x64,0x07,0x00,0x01,0xA9,0x09,0x00,0x01,0xE9,0x01,0x20,0x04,0x00,
  0x01,0x64,0x01,0xA9,0x04,0x00,0x01,0xA9,0x01,0x44,0x03,0x00,0x01,0xA9,0x01,0x64,
  0x03,0x00,0x01,0xC9,0x01,0x20,0x04,0x00,0x01,0x44,0x01,0xA9,0x0A,0x00,0x01,0xC9,
  0x01,0x40,0x03,0x00,0x01,0x64,0x01,0xA9,0x02,0x00,0x01,0x20,0x01,0xED,0x05,0x00,
  0x02,0x84,0x03,0x00,0x01,0x40,0x01,0xC9,0x03,0x00,0x02,0x64,0x06,0x00,0x01,0x20,
  0x01,0xC9,0x0A,0x00,0x07,0xED,0xC3,0x00,0x01,0xED,0x01,0x84,0x01,0x64,0x01,0xC9,
  0x01,0x84,0x05,0x00,0x01,0x20,0x01,0xC9,0x01,0xE9,0x01,0x44,0x03,0x00,0x01,0x40,
  0x03,0x64,0x01,0x84,0x01,0x64,0x09,0x00,0x01,0xE9,0x01,0x40,0x04,0x00,0x01,0x64,
  0x01,0xA9,0x02,0x00,0x01,0x20,0x01,0x44,0x01,0xA9,0x01,0x20,0x03,0x00,0x01,0x84,
  0x01,0x44,0x03,0x00,0x01,0xC9,0x01,0x00,0x01,0x20,0x03,0x64,0x01,0x84,0x01,0x64,
  0x0A,0x00,0x01,0xA9,0x01,0x40,0x03,0x00,0x01,0x64,0x01,0xA9,0x03,0x00,0x01,0xED,
  0x05,0x00,0x01,0x64,0x01,0x84,0x04,0x00,0x01,0xED,0x01,0x84,0x01,0x64,0x01,0xC9,
  0x01,0x84,0x05,0x00,0x01,0x64,0x01,0xA9,0x01,0xE9,0x01,0x20,0x0B,0x00,0x05,0xED,
  0xC4,0x00,0x01,0x64,0x01,0xED,0x01,0xC9,0x01,0x44,0x05,0x00,0x01,0xA9,0x01,0xED,
  0x01,0x84,0x04,0x00,0x01,0x20,0x04,0xED,0x01,0xA9,0x0A,0x00,0x01,0xC9,0x01,0x40,
  0x04,0x00,0x02,0x64,0x02,0x00,0x02,0xED,0x01,0xC9,0x04,0x00,0x01,0x64,0x03,0x00,
  0x02,0x64,0x01,0x00,0x01,0xE9,0x03,0xED,0x01,0xE9,0x0B,0x00,0x01,0x84,0x04,0x00,
  0x02,0x64,0x03,0x00,0x01,0xC9,0x05,0x00,0x01,0x44,0x01,0x64,0x04,0x00,0x01,0x64,
  0x01,0xED,0x01,0xC9,0x01,0x44,0x05,0x00,0x01,0x40,0x01,0xC9,0x01,0x64,0x0E,0x00,
  0x03,0xED,0xCD,0x00,0x01,0x40,0x01,0xA9,0x01,0x20,0x15,0x00,0x01,0xC9,0x01,0x40,
  0x13,0x00,0x01,0x44,0x1C,0x00,0x01,0x20,0x05,0x00,0x01,0x20,0xFF,0x00,0x08,0x00,
  0x01,0xC9,0x01,0x40,0xFF,0x00,0x3F,0x00,0x01,0xA9,0x01,0x20,0xFF,0x00,0x3F,0x00,
  0x01,0x40,0xFF,0x00,0xFF,0x00,0xFF,0x00,0xFF,0x00,0xFF,0x00,0xFF,0x00,0xFF,0x00,
  0xFF,0x00,0xFF,0x00,0xFF,0x00,0x3A,0x00,0x01,0x6D,0x15,0x00,0x01,0x6D,0xFF,0x00,
  0x29,0x00,0x01,0x24,0x01,0x92,0x14,0x00,0x01,0x24,0x01,0x92,0xD1,0x00,0x01,0x24,
  0x01,0x6D,0x09,0x00,0x01,0x6D,0x01,0x49,0x04,0x00,0x01,0x6D,0x01,0x49,0x05,0x00,
  0x01,0x6D,0x04,0x00,0x01,0x6D,0x0A,0x00,0x01,0x49,0x09,0x00,0x01,0x6D,0x01,0x24,
  0x03,0x00,0x01,0x92,0x05,0x00,0x01,0x24,0x03,0x00,0x01,0x49,0x03,0x00,0x01,0x6D,
  0x01,0x24,0x03,0x00,0x01,0x92,0x02,0x00,0x01,0x24,0x01,0x6D,0x09,0x00,0x01,0x92,
  0x0A,0x00,0x01,0x6D,0x01,0x49,0x05,0x00,0x01,0x6D,0x03,0x00,0x01,0x92,0xD1,0x00,
  0x07,0x92,0x01,0x49,0x03,0x00,0x02,0x92,0x01,0x6D,0x03,0x00,0x01,0x6D,0x01,0x92,
  0x01,0x6D,0x03,0x00,0x01,0x24,0x01,0x92,0x03,0x00,0x01,0x6D,0x07,0x92,0x01,0x49,
  0x02,0x00,0x01,0x6D,0x07,0x92,0x01,0x49,0x02,0x00,0x01,0x92,0x01,0x6D,0x03,0x00,
  0x01,0x92,0x01,0x24,0x04,0x00,0x06,0x92,0x01,0x24,0x01,0x00,0x01,0x92,0x01,0x6D,
  0x03,0x00,0x01,0x92,0x01,0x24,0x01,0x00,0x07,0x92,0x01,0x49,0x03,0x00,0x06,0x92,
  0x05,0x00,0x01,0x6D,0x01,0x92,0x01,0x6D,0x03,0x00,0x01,0x24,0x01,0x92,0x03,0x00,
  0x06,0x92,0xCC,0x00,0x01,0x24,0x01,0x6D,0x01,0x92,0x03,0x24,0x01,0x49,0x01,0x92,
  0x04,0x00,0x01,0x49,0x01,0x92,0x01,0x49,0x03,0x00,0x01,0x49,0x01,0x92,0x01,0x6D,
  0x03,0x00,0x01,0x92,0x03,0x00,0x01,0x24,0x01,0x92,0x01,0x49,0x04,0x24,0x02,0x6D,
  0x02,0x00,0x01,0x6D,0x01,0x92,0x05,0x24,0x02,0x6D,0x02,0x00,0x01,0x24,0x01,0x92,
  0x03,0x00,0x01,0x92,0x01,0x24,0x04,0x00,0x03,0x24,0x01,0x49,0x01,0x92,0x01,0x49,
  0x02,0x00,0x01,0x24,0x01,0x92,0x03,0x00,0x01,0x92,0x01,0x24,0x01,0x00,0x01,0x24,
  0x01,0x6D,0x01,0x92,0x03,0x24,0x01,0x49,0x01,0x92,0x03,0x00,0x04,0x24,0x01,0x49,
  0x01,0x92,0x01,0x24,0x05,0x00,0x01,0x49,0x01,0x92,0x01,0x6D,0x03,0x00,0x01,0x92,
  0x03,0x00,0x04,0x24,0x01,0x49,0x01,0x92,0x01,0x24,0x0A,0x00,0x03,0x92,0xBF,0x00,
  0x01,0x24,0x01,0x92,0x04,0x00,0x01,0x92,0x01,0x24,0x04,0x00,0x02,0x6D,0x03,0x00,
  0x01,0x24,0x01,0x6D,0x01,0x92,0x01,0x6D,0x01,0x00,0x01,0x24,0x01,0x6D,0x04,0x00,
  0x01,0x92,0x01,0x24,0x04,0x00,0x01,0x49,0x01,0x6D,0x03,0x00,0x01,0x92,0x05,0x00,
  0x01,0x24,0x01,0x6D,0x03,0x00,0x01,0x92,0x01,0x24,0x02,0x00,0x01,0x6D,0x01,0x24,
  0x08,0x00,0x01,0x92,0x04,0x00,0x01,0x92,0x01,0x24,0x02,0x00,0x01,0x6D,0x01,0x24,
  0x02,0x00,0x01,0x24,0x01,0x92,0x04,0x00,0x01,0x92,0x01,0x24,0x07,0x00,0x01,0x6D,
  0x01,0x24,0x05,0x00,0x01,0x24,0x01,0x6D,0x01,0x92,0x01,0x6D,0x01,0x00,0x01,0x24,
  0x01,0x6D,0x08,0x00,0x01,0x6D,0x01,0x24,0x09,0x00,0x05,0x92,0xBF,0x00,0x01,0x92,
  0x04,0x00,0x01,0x6D,0x01,0x24,0x04,0x00,0x01,0x49,0x01,0x6D,0x03,0x00,0x01,0x6D,
  0x02,0x00,0x02,0x92,0x01,0x6D,0x01,0x24,0x04,0x00,0x01,0x92,0x01,0x24,0x04,0x00,
  0x01,0x49,0x01,0x24,0x03,0x00,0x01,0x6D,0x01,0x24,0x04,0x00,0x02,0x49,0x03,0x00,
  0x01,0x49,0x01,0x6D,0x02,0x00,0x01,0x49,0x01,0x24,0x08,0x00,0x01,0x92,0x04,0x00,
  0x01,0x49,0x01,0x6D,0x02,0x00,0x01,0x49,0x01,0x24,0x03,0x00,0x01,0x92,0x04,0x00,
  0x01,0x6D,0x01,0x24,0x07,0x00,0x01,0x92,0x06,0x00,0x01,0x6D,0x02,0x00,0x02,0x92,
  0x01,0x6D,0x01,0x24,0x08,0x00,0x01,0x92,0x09,0x00,0x07,0x92,0xBE,0x00,0x01,0x92,
  0x01,0x24,0x03,0x00,0x01,0x6D,0x01,0x24,0x04,0x00,0x01,0x49,0x01,0x6D,0x02,0x00,
  0x01,0x24,0x01,0x6D,0x03,0x00,0x02,0x92,0x05,0x00,0x01,0x92,0x01,0x24,0x04,0x00,
  0x01,0x6D,0x04,0x00,0x02,0x49,0x04,0x00,0x01,0x6D,0x04,0x00,0x01,0x24,0x01,0x92,
  0x02,0x00,0x01,0x6D,0x09,0x00,0x01,0x92,0x04,0x00,0x01,0x24,0x01,0x92,0x02,0x00,
  0x01,0x6D,0x04,0x00,0x01,0x92,0x01,0x24,0x03,0x00,0x01,0x6D,0x01,0x24,0x07,0x00,
  0x01,0x49,0x05,0x00,0x01,0x24,0x01,0x6D,0x03,0x00,0x02,0x92,0x09,0x00,0x01,0x49,
  0x09,0x00,0x07,0x92,0xBE,0x00,0x01,0x6D,0x01,0x24,0x03,0x00,0x01,0x6D,0x01,0x24,
  0x04,0x00,0x01,0x49,0x01,0x6D,0x02,0x00,0x01,0x24,0x01,0x6D,0x04,0x00,0x01,0x92,
  0x01,0x6D,0x04,0x00,0x01,0x92,0x01,0x24,0x03,0x00,0x01,0x49,0x01,0x24,0x04,0x00,
  0x01,0x24,0x01,0x92,0x03,0x00,0x02,0x49,0x05,0x00,0x01,0x92,0x01,0x24,0x01,0x6D,
  0x01,0x24,0x09,0x00,0x01,0x92,0x05,0x00,0x01,0x92,0x01,0x24,0x01,0x6D,0x01,0x24,
  0x04,0x00,0x01,0x6D,0x01,0x24,0x03,0x00,0x01,0x6D,0x01,0x24,0x06,0x00,0x01,0x6D,
  0x06,0x00,0x01,0x24,0x01,0x6D,0x04,0x00,0x01,0x92,0x01,0x6D,0x07,0x00,0x01,0x6D,
  0x0A,0x00,0x07,0x92,0xBC,0x00,0x02,0x24,0x01,0x6D,0x04,0x00,0x01,0x49,0x01,0x24,
  0x04,0x00,0x01,0x24,0x01,0x6D,0x02,0x00,0x01,0x24,0x01,0x92,0x01,0x49,0x04,0x00,
  0x01,0x92,0x01,0x6D,0x03,0x00,0x01,0x6D,0x01,0x24,0x01,0x00,0x01,0x49,0x01,0x92,
  0x01,0x49,0x06,0x00,0x01,0x92,0x02,0x49,0x01,0x6D,0x01,0x49,0x06,0x00,0x02,0x92,
  0x01,0x24,0x0A,0x00,0x01,0x92,0x05,0x00,0x02,0x92,0x01,0x24,0x03,0x00,0x02,0x24,
  0x01,0x6D,0x04,0x00,0x01,0x49,0x01,0x24,0x03,0x00,0x01,0x24,0x01,0x6D,0x01,0x92,
  0x01,0x24,0x06,0x00,0x01,0x24,0x01,0x92,0x01,0x49,0x04,0x00,0x01,0x92,0x01,0x6D,
  0x03,0x00,0x01,0x24,0x01,0x6D,0x01,0x92,0x01,0x24,0x0B,0x00,0x05,0x92,0xBD,0x00,
  0x02,0x92,0x01,0x6D,0x04,0x00,0x01,0x49,0x05,0x00,0x01,0x24,0x01,0x49,0x02,0x00,
  0x01,0x49,0x01,0x92,0x01,0x49,0x04,0x00,0x01,0x24,0x01,0x92,0x03,0x00,0x01,0x6D,
  0x02,0x24,0x01,0x6D,0x01,0x24,0x07,0x00,0x01,0x49,0x01,0x92,0x01,0x6D,0x01,0x24,
  0x05,0x00,0x01,0x6D,0x01,0x92,0x01,0x49,0x0C,0x00,0x01,0x49,0x03,0x00,0x01,0x6D,
  0x01,0x92,0x01,0x49,0x05,0x00,0x02,0x92,0x01,0x6D,0x04,0x00,0x01,0x49,0x03,0x00,
  0x01,0x24,0x01,0x6D,0x01,0x49,0x08,0x00,0x01,0x49,0x01,0x92,0x01,0x49,0x04,0x00,
  0x01,0x24,0x01,0x92,0x02,0x00,0x01,0x24,0x01,0x6D,0x01,0x49,0x0E,0x00,0x03,0x92,
  0xDB,0x00,0x01,0x6D,0x01,0x24,0x12,0x00,0x01,0x24,0x01,0x6D,0x11,0x00,0x01,0x24,
  0x01,0x6D,0xFF,0x00,0x18,0x00,0x01,0x6D,0x01,0x24,0xFF,0x00,0x3F,0x00,0x01,0x6D,
  0xFF,0x00,0xFF,0x00,0xFF,0x00,0xFF,0x00,0xFF,0x00,0xFF,0x00,0xFF,0x00,0xFF,0x00,
  0xFF,0x00,0xFF,0x00,0xCB,0x00,0x01,0x24,0x01,0xD5,0x14,0x00,0x01,0x24,0x01,0xD5,
  0x06,0x00,0x01,0x24,0x01,0xD5,0xFF,0x00,0x21,0x00,0x01,0x48,0x01,0xFA,0x14,0x00,
  0x01,0x48,0x01,0xFA,0x06,0x00,0x01,0x48,0x01,0xFA,0xA8,0x00,0x01,0x48,0x01,0xD5,
  0x01,0xFA,0x01,0xD5,0x01,0x44,0x03,0x00,0x01,0x20,0x01,0xD5,0x01,0xFA,0x01,0xB1,
  0x03,0x00,0x01,0x20,0x01,0xB1,0x01,0xFA,0x01,0x48,0x01,0x00,0x02,0x48,0x59,0x00,
  0x01,0x68,0x08,0x00,0x01,0x24,0x01,0xFA,0x07,0x00,0x01,0xB1,0x01,0x6D,0x05,0x00,
  0x01,0xD5,0x05,0x00,0x01,0x24,0x01,0xFA,0x06,0x00,0x01,0x24,0x01,0xFA,0x07,0x00,
  0x01,0xD5,0x01,0xB1,0x04,0x00,0x01,0x48,0x01,0x24,0x09,0x00,0x01,0x44,0x01,0x8D,
  0x09,0x00,0x01,0x44,0x01,0x24,0x04,0x00,0x01,0x68,0x03,0x00,0x01,0x8D,0x03,0x00,
  0x01,0x44,0x01,0x24,0x05,0x00,0x01,0x6D,0x0A,0x00,0x01,0x44,0x01,0xD5,0x01,0x6D,
  0x06,0x00,0x01,0x24,0x0C,0x00,0x01,0x44,0x01,0x8D,0x09,0x00,0x01,0x44,0x01,0x24,
  0x04,0x00,0x01,0x48,0x01,0x24,0x07,0x00,0x01,0x48,0x09,0x00,0x01,0xB1,0x01,0x91,
  0x05,0x00,0x01,0x6D,0x0A,0x00,0x01,0x68,0x0A,0x00,0x01,0x24,0x0C,0x00,0x01,0x48,
  0x01,0xB1,0x02,0x00,0x01,0x8D,0x01,0xFA,0x01,0x24,0x02,0x00,0x01,0xD5,0x02,0x00,
  0x01,0xB1,0x01,0xD5,0x02,0x00,0x01,0xD5,0x01,0x00,0x01,0x6D,0x01,0xB1,0x01,0x00,
  0x01,0xD5,0x59,0x00,0x01,0xB5,0x06,0xFA,0x01,0x68,0x03,0x00,0x05,0xFA,0x01,0xF9,
  0x02,0x00,0x01,0xB1,0x01,0xFA,0x01,0xB1,0x03,0x00,0x01,0x68,0x01,0xFA,0x01,0x24,
  0x05,0x00,0x05,0xFA,0x01,0xF9,0x02,0x00,0x05,0xFA,0x01,0xF9,0x02,0x00,0x01,0xB1,
  0x01,0xFA,0x01,0xD5,0x02,0x00,0x01,0x20,0x04,0xFA,0x01,0xD5,0x01,0x20,0x05,0x00,
  0x07,0xFA,0x01,0xD5,0x03,0x00,0x02,0xFA,0x01,0x6D,0x02,0x00,0x01,0x24,0x06,0xFA,
  0x01,0x24,0x01,0x00,0x02,0xFA,0x01,0x6D,0x03,0x00,0x01,0xD5,0x07,0xFA,0x01,0x6D,
  0x02,0x00,0x01,0x20,0x01,0xB1,0x01,0xB5,0x02,0xFA,0x01,0x44,0x03,0x00,0x02,0xD5,
  0x02,0x00,0x01,0x91,0x01,0xFA,0x01,0xD5,0x01,0x24,0x06,0x00,0x07,0xFA,0x01,0xD5,
  0x03,0x00,0x02,0xFA,0x01,0x6D,0x03,0x00,0x04,0xFA,0x01,0xB1,0x03,0x00,0x01,0x48,
  0x05,0xFA,0x01,0x91,0x04,0x00,0x01,0xD5,0x01,0xFA,0x01,0xD5,0x03,0x00,0x01,0xD5,
  0x07,0xFA,0x01,0x6D,0x02,0x00,0x01,0xB5,0x06,0xFA,0x01,0x68,0x03,0x00,0x02,0xD5,
  0x02,0x00,0x01,0x91,0x01,0xFA,0x01,0xD5,0x01,0x24,0x06,0x00,0x01,0xD9,0x01,0x24,
  0x03,0x00,0x01,0xD5,0x01,0x91,0x01,0x00,0x01,0x6D,0x01,0xB1,0x02,0x00,0x01,0x20,
  0x01,0xFA,0x01,0x44,0x01,0x00,0x01,0xFA,0x01,0x24,0x02,0x68,0x01,0x91,0x01,0x44,
  0x59,0x00,0x06,0x68,0x01,0xB1,0x01,0xFA,0x03,0x00,0x01,0x48,0x03,0x68,0x01,0x6D,
  0x01,0xFA,0x01,0x48,0x02,0x00,0x01,0x6D,0x01,0xFA,0x01,0xD5,0x02,0x00,0x01,0x24,
  0x01,0xFA,0x01,0x20,0x05,0x00,0x01,0x48,0x03,0x68,0x01,0x6D,0x01,0xFA,0x01,0x48,
  0x01,0x00,0x01,0x48,0x03,0x68,0x01,0x6D,0x01,0xFA,0x01,0x48,0x02,0x00,0x01,0x48,
  0x01,0xFA,0x01,0x48,0x01,0x00,0x01,0x20,0x03,0x68,0x01,0x6C,0x01,0xF9,0x01,0x8D,
  0x05,0x00,0x01,0xD5,0x01,0xB5,0x04,0x68,0x01,0x8D,0x01,0xFA,0x01,0x6D,0x02,0x00,
  0x01,0x68,0x02,0xFA,0x01,0xB1,0x01,0x00,0x01,0x24,0x03,0x68,0x01,0x8D,0x01,0xFA,
  0x01,0x6D,0x02,0x00,0x01,0x68,0x02,0xFA,0x01,0xB1,0x02,0x00,0x01,0xB1,0x01,0xFA,
  0x05,0x68,0x02,0xD5,0x02,0x00,0x01,0xB5,0x01,0x24,0x01,0x00,0x01,0x24,0x01,0xD5,
  0x01,0xF9,0x03,0x00,0x01,0x91,0x01,0xFA,0x01,0x44,0x02,0x91,0x01,0x6D,0x01,0xD5,
  0x01,0xFA,0x06,0x00,0x01,0xD5,0x01,0xB5,0x04,0x68,0x01,0x8D,0x01,0xFA,0x01,0x6D,
  0x02,0x00,0x01,0x68,0x02,0xFA,0x01,0xB1,0x01,0x00,0x01,0x24,0x03,0x68,0x01,0x8D,
  0x01,0xFA,0x01,0xB1,0x02,0x00,0x01,0xB1,0x01,0xFA,0x03,0x68,0x01,0x91,0x01,0xFA,
  0x01,0xB1,0x04,0x00,0x01,0x8D,0x01,0xFA,0x01,0x8D,0x02,0x00,0x01,0xB1,0x01,0xFA,
  0x05,0x68,0x02,0xD5,0x02,0x00,0x06,0x68,0x01,0xB1,0x01,0xFA,0x03,0x00,0x01,0x91,
  0x01,0xFA,0x01,0x44,0x02,0x91,0x01,0x6D,0x01,0xD5,0x01,0xFA,0x06,0x00,0x01,0xFA,
  0x01,0x48,0x03,0x00,0x01,0xD5,0x01,0x91,0x01,0x00,0x01,0xB5,0x01,0x6D,0x03,0x00,
  0x01,0xFA,0x01,0x6C,0x01,0x00,0x01,0x6D,0x01,0xF9,0x01,0x91,0x01,0x24,0x01,0x91,
  0x5B,0x00,0x01,0x48,0x05,0x00,0x01,0xFA,0x01,0x24,0x07,0x00,0x01,0xD5,0x01,0x48,
  0x02,0x00,0x01,0x48,0x01,0xB1,0x01,0xFA,0x01,0xD5,0x01,0x00,0x01,0x24,0x01,0xD5,
  0x0B,0x00,0x01,0xD5,0x01,0x48,0x06,0x00,0x01,0xD5,0x01,0x48,0x03,0x00,0x01,0xB5,
  0x01,0x6D,0x06,0x00,0x01,0x6D,0x01,0x91,0x05,0x00,0x01,0xB1,0x01,0x6D,0x05,0x00,
  0x02,0x91,0x04,0x00,0x01,0xD5,0x01,0xFA,0x06,0x00,0x01,0xFA,0x05,0x00,0x01,0xD5,
  0x01,0xFA,0x03,0x00,0x01,0xFA,0x01,0x24,0x04,0x00,0x01,0x68,0x01,0xD5,0x02,0x00,
  0x01,0xFA,0x01,0x44,0x03,0x00,0x01,0xFA,0x01,0x24,0x03,0x00,0x01,0xFA,0x01,0xB1,
  0x01,0x68,0x03,0x00,0x01,0xFA,0x01,0x48,0x05,0x00,0x01,0xB1,0x01,0x6D,0x05,0x00,
  0x02,0x91,0x04,0x00,0x01,0xD5,0x01,0xFA,0x06,0x00,0x01,0x48,0x01,0xFA,0x02,0x00,
  0x01,0x6C,0x01,0xFA,0x04,0x00,0x01,0x48,0x01,0xFA,0x01,0x24,0x04,0x00,0x02,0xB1,
  0x03,0x00,0x01,0xFA,0x01,0x24,0x04,0x00,0x01,0x68,0x01,0xD5,0x03,0x00,0x01,0x48,
  0x05,0x00,0x01,0xFA,0x01,0x24,0x03,0x00,0x01,0xFA,0x01,0xB1,0x01,0x68,0x03,0x00,
  0x01,0xFA,0x01,0x48,0x05,0x00,0x01,0xB1,0x01,0xD5,0x01,0x24,0x01,0x00,0x01,0x48,
  0x01,0xFA,0x01,0x44,0x01,0x00,0x01,0xD5,0x01,0x6C,0x03,0x00,0x01,0xD5,0x01,0x8D,
  0x04,0x00,0x01,0xB1,0x01,0x6D,0x01,0x8D,0x5A,0x00,0x01,0xFA,0x05,0x00,0x01,0xF9,
  0x01,0x24,0x07,0x00,0x01,0xD5,0x03,0x00,0x01,0xD5,0x01,0x00,0x01,0x24,0x01,0xF9,
  0x01,0xD5,0x01,0xB1,0x01,0x44,0x0B,0x00,0x01,0xD5,0x07,0x00,0x01,0xD5,0x04,0x00,
  0x01,0x6D,0x01,0x91,0x06,0x00,0x01,0x6C,0x01,0xB1,0x05,0x00,0x01,0x91,0x01,0x8D,
  0x05,0x00,0x01,0x6D,0x01,0xB1,0x04,0x00,0x01,0x8D,0x01,0xB5,0x06,0x00,0x01,0xFA,
  0x05,0x00,0x01,0x8D,0x01,0xB5,0x03,0x00,0x01,0xD5,0x01,0x48,0x04,0x00,0x01,0x6D,
  0x01,0x8D,0x02,0x00,0x01,0xB5,0x01,0xFA,0x01,0x48,0x02,0x00,0x01,0xD5,0x01,0x44,
  0x03,0x00,0x01,0xB5,0x01,0xD5,0x04,0x00,0x01,0xB1,0x01,0x8D,0x05,0x00,0x01,0x91,
  0x01,0x8D,0x05,0x00,0x01,0x6D,0x01,0xB1,0x04,0x00,0x01,0x8D,0x01,0xB5,0x07,0x00,
  0x01,0xFA,0x01,0x24,0x01,0x00,0x01,0x48,0x01,0xFA,0x05,0x00,0x01,0xD5,0x01,0x68,
  0x04,0x00,0x01,0x6D,0x01,0xB1,0x03,0x00,0x01,0xD5,0x01,0x48,0x04,0x00,0x01,0x6D,
  0x01,0x8D,0x03,0x00,0x01,0xFA,0x05,0x00,0x01,0xF9,0x01,0x24,0x03,0x00,0x01,0xB5,
  0x01,0xD5,0x04,0x00,0x01,0xB1,0x01,0x8D,0x06,0x00,0x01,0x91,0x01,0xF9,0x01,0xD9,
  0x01,0xFA,0x01,0xB5,0x02,0x00,0x01,0xD5,0x01,0x6D,0x03,0x00,0x01,0xD5,0x01,0x6D,
  0x03,0x00,0x01,0x68,0x02,0xD5,0x01,0xFA,0x01,0x68,0x59,0x00,0x01,0xFA,0x05,0x00,
  0x01,0xD5,0x01,0x44,0x06,0x00,0x01,0x24,0x01,0x91,0x02,0x00,0x01,0x24,0x01,0xD5,
  0x02,0x00,0x01,0x20,0x01,0xD9,0x01,0xFA,0x0B,0x00,0x01,0x24,0x01,0x91,0x06,0x00,
  0x01,0x24,0x01,0x91,0x04,0x00,0x01,0x6D,0x01,0xD5,0x06,0x00,0x01,0x68,0x01,0xB1,
  0x05,0x00,0x02,0x8D,0x05,0x00,0x01,0x68,0x01,0xB1,0x04,0x00,0x01,0xD9,0x01,0x24,
  0x06,0x00,0x01,0xFA,0x05,0x00,0x01,0xD9,0x01,0x24,0x03,0x00,0x02,0x91,0x04,0x00,
  0x01,0xD5,0x04,0x00,0x01,0x8D,0x03,0x00,0x01,0xB5,0x01,0x48,0x03,0x00,0x01,0xB1,
  0x01,0x6D,0x04,0x00,0x01,0x6C,0x01,0xB1,0x05,0x00,0x02,0x8D,0x05,0x00,0x01,0x68,
  0x01,0xB1,0x04,0x00,0x01,0xD9,0x01,0x24,0x07,0x00,0x01,0xF9,0x01,0x44,0x01,0x00,
  0x01,0x24,0x01,0xFA,0x05,0x00,0x01,0xB1,0x01,0x8D,0x04,0x00,0x01,0x6D,0x01,0xB1,
  0x03,0x00,0x02,0x91,0x04,0x00,0x01,0xD5,0x04,0x00,0x01,0xFA,0x05,0x00,0x01,0xD5,
  0x01,0x44,0x03,0x00,0x01,0xB1,0x01,0x6D,0x04,0x00,0x01,0x6C,0x01,0xB1,0x08,0x00,
  0x01,0x91,0x01,0xFA,0x01,0x20,0x02,0x00,0x01,0xD5,0x01,0x91,0x03,0x00,0x01,0xF9,
  0x01,0x48,0x03,0x00,0x01,0xB1,0x01,0xFA,0x01,0x00,0x01,0x8D,0x01,0x91,0x59,0x00,
  0x01,0xFA,0x05,0x00,0x01,0xD5,0x01,0x48,0x05,0x00,0x01,0x24,0x01,0xD5,0x03,0x00,
  0x01,0x68,0x01,0xB1,0x03,0x00,0x01,0x20,0x01,0xF9,0x01,0xD5,0x09,0x00,0x01,0x24,
  0x01,0xD5,0x06,0x00,0x01,0x24,0x01,0xD5,0x04,0x00,0x01,0x44,0x01,0xD5,0x01,0xF9,
  0x06,0x00,0x01,0x68,0x01,0xB1,0x05,0x00,0x02,0x8D,0x05,0x00,0x01,0x68,0x01,0xB1,
  0x03,0x00,0x02,0x48,0x07,0x00,0x01,0xFA,0x01,0x20,0x03,0x00,0x02,0x48,0x04,0x00,
  0x01,0x48,0x01,0xD9,0x03,0x00,0x02,0x6D,0x08,0x00,0x01,0xB1,0x01,0x48,0x03,0x00,
  0x01,0xD5,0x01,0x24,0x04,0x00,0x01,0x48,0x01,0xB1,0x05,0x00,0x02,0x8D,0x05,0x00,
  0x01,0x68,0x01,0xB1,0x03,0x00,0x02,0x48,0x08,0x00,0x01,0xD5,0x01,0x48,0x01,0x00,
  0x01,0x24,0x01,0xFA,0x05,0x00,0x01,0x8D,0x01,0x91,0x04,0x00,0x01,0x68,0x01,0xB1,
  0x03,0x00,0x01,0x48,0x01,0xD9,0x03,0x00,0x02,0x6D,0x04,0x00,0x01,0xFA,0x05,0x00,
  0x01,0xD5,0x01,0x48,0x03,0x00,0x01,0xD5,0x01,0x24,0x04,0x00,0x01,0x48,0x01,0xB1,
  0x07,0x00,0x01,0x44,0x01,0xFA,0x01,0x48,0x03,0x00,0x01,0x91,0x01,0xD5,0x03,0x00,
  0x01,0xFA,0x03,0x00,0x01,0x91,0x01,0x48,0x01,0xF9,0x01,0x00,0x01,0x68,0x01,0x6C,
  0x59,0x00,0x01,0xFA,0x05,0x00,0x01,0xB5,0x01,0x48,0x03,0x00,0x01,0x68,0x01,0xB5,
  0x01,0xFA,0x01,0x24,0x03,0x00,0x01,0x68,0x01,0xFA,0x01,0x6D,0x03,0x00,0x01,0x24,
  0x01,0xFA,0x01,0xD5,0x06,0x00,0x01,0x68,0x01,0xB5,0x01,0xFA,0x01,0x24,0x04,0x00,
  0x01,0x68,0x01,0xB5,0x01,0xFA,0x01,0x24,0x03,0x00,0x01,0x91,0x01,0xFA,0x01,0x24,
  0x01,0xFA,0x02,0x00,0x01,0x48,0x03,0x68,0x01,0xB1,0x01,0xF9,0x01,0x48,0x04,0x00,
  0x01,0x6D,0x01,0xD5,0x05,0x68,0x01,0xB1,0x01,0x68,0x0C,0x00,0x01,0xFA,0x01,0x24,
  0x0A,0x00,0x01,0xFA,0x01,0x91,0x01,0x8D,0x01,0xD5,0x01,0x8D,0x04,0x00,0x01,0x44,
  0x04,0x68,0x01,0xD5,0x04,0x00,0x01,0xF9,0x01,0x00,0x01,0x24,0x03,0x68,0x01,0x91,
  0x01,0x6D,0x05,0x00,0x01,0x6D,0x01,0xD5,0x05,0x68,0x01,0xB1,0x01,0x68,0x0D,0x00,
  0x01,0xD5,0x01,0x48,0x02,0x00,0x01,0xFA,0x05,0x00,0x01,0x6C,0x01,0x91,0x04,0x00,
  0x01,0x68,0x01,0xB1,0x04,0x00,0x01,0xFA,0x01,0x91,0x01,0x8D,0x01,0xD5,0x01,0x8D,
  0x05,0x00,0x01,0xFA,0x05,0x00,0x01,0xB5,0x01,0x48,0x03,0x00,0x01,0xF9,0x01,0x00,
  0x01,0x24,0x03,0x68,0x01,0x91,0x01,0x6D,0x07,0x00,0x01,0xF9,0x01,0x91,0x04,0x00,
  0x01,0x24,0x01,0xFA,0x01,0x48,0x01,0x00,0x01,0x68,0x01,0x6C,0x02,0x00,0x01,0x44,
  0x01,0x8D,0x01,0x00,0x01,0xFA,0x01,0x20,0x01,0x6D,0x01,0x20,0x59,0x00,0x01,0x91,
  0x05,0x00,0x01,0x8D,0x03,0x00,0x01,0x48,0x01,0xD5,0x01,0x6D,0x05,0x00,0x01,0x8D,
  0x01,0xFA,0x01,0x8D,0x04,0x00,0x01,0x44,0x01,0xF9,0x05,0x00,0x01,0x48,0x01,0xD5,
  0x01,0x6D,0x05,0x00,0x01,0x48,0x01,0xD5,0x01,0x6D,0x04,0x00,0x01,0x24,0x01,0xB5,
  0x01,0x24,0x01,0x00,0x01,0x91,0x01,0x00,0x01,0x24,0x06,0xFA,0x01,0x68,0x04,0x00,
  0x01,0x20,0x01,0xF9,0x05,0xFA,0x01,0xD5,0x0D,0x00,0x01,0x8D,0x0B,0x00,0x01,0x8D,
  0x01,0xFA,0x01,0xD5,0x01,0x48,0x04,0x00,0x01,0x20,0x05,0xFA,0x01,0x91,0x03,0x00,
  0x01,0x68,0x01,0x6D,0x01,0x00,0x01,0xF9,0x03,0xFA,0x01,0xF9,0x06,0x00,0x01,0x20,
  0x01,0xF9,0x05,0xFA,0x01,0xD5,0x0E,0x00,0x01,0x8D,0x03,0x00,0x01,0xD5,0x05,0x00,
  0x01,0x48,0x01,0x6D,0x04,0x00,0x01,0x68,0x01,0x6D,0x04,0x00,0x01,0x8D,0x01,0xFA,
  0x01,0xD5,0x01,0x48,0x06,0x00,0x01,0x91,0x05,0x00,0x01,0x8D,0x03,0x00,0x01,0x68,
  0x01,0x6D,0x01,0x00,0x01,0xF9,0x03,0xFA,0x01,0xF9,0x07,0x00,0x01,0x8D,0x01,0x68,
  0x06,0x00,0x01,0x68,0x02,0xF9,0x01,0x6D,0x03,0x00,0x01,0xB1,0x02,0x00,0x01,0x6C,
  0x01,0xF9,0x01,0x68,0xCE,0x00,0x01,0x48,0x27,0x00,0x01,0x24,0x05,0x00,0x01,0x24,
  0x1F,0x00,0x01,0x48,0xFF,0x00,0xFF,0x00,0xFF,0x00,0xFF,0x00,0xFF,0x00,0xFF,0x00,
  0xFF,0x00,0xFF,0x00,0xFF,0x00,0xFF,0x00,0xFF,0x00,0xFF,0x00,0xFF,0x00,0xFF,0x00,
  0xFF,0x00,0xFF,0x00,0xFF,0x00,0xFF,0x00,0xFF,0x00,0xFF,0x00,0xFF,0x00,0xFF,0x00,
  0xA0,0x00,0x01,0x49,0x01,0x6D,0x04,0x00,0x01,0x6D,0x01,0x92,0x01,0x49,0x04,0x00,
  0x01,0x49,0x01,0x24,0x02,0x00,0x01,0x49,0x01,0x6D,0x04,0x00,0x01,0x49,0x01,0x6D,
  0x15,0x00,0x01,0x04,0x01,0x55,0x01,0x24,0x02,0x00,0x01,0x04,0x01,0x55,0x01,0x24,
  0x02,0x00,0x01,0x04,0x01,0x55,0x01,0x28,0x03,0x00,0x01,0x28,0x05,0x00,0x01,0x51,
  0x01,0x04,0xF9,0x00,0x01,0x49,0x01,0x92,0x01,0x6D,0x03,0x00,0x01,0x6D,0x01,0x24,
  0x01,0x00,0x01,0x6D,0x01,0x49,0x03,0x00,0x01,0x6D,0x02,0x00,0x01,0x49,0x01,0x92,
  0x01,0x6D,0x03,0x00,0x01,0x49,0x01,0x92,0x01,0x6D,0x15,0x00,0x01,0x24,0x01,0x59,
  0x01,0x7D,0x01,0x28,0x01,0x00,0x01,0x24,0x01,0x55,0x01,0x7D,0x01,0x28,0x01,0x00,
  0x01,0x04,0x01,0x55,0x01,0x7D,0x01,0x28,0x01,0x00,0x01,0x28,0x03,0x7D,0x01,0x55,
  0x01,0x04,0x01,0x24,0x05,0x7D,0x01,0x55,0xF6,0x00,0x01,0x49,0x01,0x6D,0x03,0x00,
  0x01,0x92,0x02,0x00,0x01,0x49,0x01,0x6D,0x02,0x00,0x01,0x24,0x01,0x49,0x03,0x00,
  0x01,0x49,0x01,0x6D,0x04,0x00,0x01,0x49,0x01,0x6D,0x17,0x00,0x01,0x55,0x01,0x51,
  0x03,0x00,0x02,0x51,0x03,0x00,0x01,0x51,0x01,0x55,0x02,0x00,0x02,0x04,0x01,0x24,
  0x01,0x59,0x01,0x31,0x01,0x00,0x01,0x24,0x01,0x59,0x02,0x00,0x01,0x04,0x01,0x59,
  0x01,0x04,0xF5,0x00,0x01,0x24,0x01,0x6E,0x02,0x00,0x01,0x24,0x01,0x92,0x02,0x00,
  0x01,0x25,0x01,0x6D,0x02,0x00,0x01,0x49,0x04,0x00,0x01,0x24,0x01,0x6E,0x04,0x00,
  0x01,0x24,0x01,0x6E,0x17,0x00,0x01,0x28,0x01,0x55,0x03,0x00,0x01,0x28,0x01,0x51,
  0x03,0x00,0x01,0x24,0x01,0x55,0x05,0x00,0x01,0x28,0x01,0x55,0x02,0x00,0x01,0x59,
  0x01,0x04,0x02,0x00,0x01,0x55,0x01,0x24,0xF5,0x00,0x01,0x24,0x01,0x92,0x02,0x00,
  0x01,0x24,0x01,0x92,0x02,0x00,0x01,0x25,0x01,0x6D,0x01,0x00,0x01,0x24,0x01,0x49,
  0x04,0x00,0x01,0x24,0x01,0x92,0x04,0x00,0x01,0x24,0x01,0x92,0x17,0x00,0x01,0x28,
  0x01,0x55,0x03,0x00,0x01,0x28,0x01,0x51,0x03,0x00,0x01,0x04,0x01,0x55,0x05,0x00,
  0x01,0x04,0x01,0x51,0x02,0x00,0x01,0x51,0x01,0x28,0x02,0x00,0x01,0x55,0x01,0x24,
  0xF5,0x00,0x01,0x24,0x01,0x92,0x03,0x00,0x01,0x92,0x02,0x00,0x02,0x49,0x01,0x00,
  0x01,0x49,0x01,0x24,0x04,0x00,0x01,0x24,0x01,0x92,0x04,0x00,0x01,0x24,0x01,0x92,
  0x17,0x00,0x01,0x28,0x01,0x55,0x03,0x00,0x01,0x28,0x01,0x51,0x02,0x00,0x01,0x04,
  0x01,0x24,0x01,0x55,0x02,0x00,0x03,0x04,0x01,0x2D,0x01,0x24,0x02,0x00,0x01,0x2D,
  0x01,0x28,0x02,0x00,0x01,0x51,0x01,0x24,0xF5,0x00,0x01,0x24,0x01,0x92,0x03,0x00,
  0x01,0x6D,0x01,0x49,0x01,0x00,0x01,0x49,0x01,0x24,0x01,0x00,0x01,0x6D,0x05,0x00,
  0x01,0x24,0x01,0x92,0x04,0x00,0x01,0x24,0x01,0x92,0x17,0x00,0x01,0x24,0x01,0x55,
  0x03,0x00,0x01,0x28,0x01,0x2D,0x01,0x00,0x01,0x2C,0x02,0x7D,0x01,0x28,0x01,0x00,
  0x01,0x28,0x03,0x7D,0x01,0x2D,0x01,0x00,0x01,0x28,0x01,0x7D,0x01,0x5D,0x03,0x00,
  0x01,0x2D,0xF4,0x00,0x01,0x24,0x01,0x6D,0x02,0x92,0x01,0x6D,0x01,0x24,0x01,0x00,
  0x01,0x24,0x01,0x92,0x01,0x6D,0x01,0x25,0x01,0x00,0x01,0x49,0x01,0x24,0x03,0x00,
  0x01,0x24,0x01,0x6D,0x02,0x92,0x01,0x6D,0x02,0x24,0x01,0x6D,0x02,0x92,0x01,0x6D,
  0x01,0x24,0x15,0x00,0x01,0x24,0x01,0x55,0x03,0x00,0x01,0x04,0xFF,0x00,0x15,0x00,
  0x01,0x24,0x25,0x00,0x01,0x04,0x01,0x55,0xFF,0x00,0x3F,0x00,0x01,0x04,0x01,0x24,
  0xFF,0x00,0xFF,0x00,0x76,0x00,
};

const uint8_t LESSON_PAGE_10[10740] PROGMEM = {
  0xFF,0x00,0xFF,0x00,0xFF,0x00,0xFF,0x00,0xFF,0x00,0xFF,0x00,0xFF,0x00,0xFF,0x00,
  0xFF,0x00,0x61,0x00,0x01,0x48,0x01,0x8D,0xFF,0x00,0x3F,0x00,0x01,0xFA,0x01,0xD5,
  0xFF,0x00,0x3F,0x00,0x02,0xFA,0xFF,0x00,0x0C,0x00,0x02,0x24,0x31,0x00,0x01,0xD5,
  0x01,0xFA,0x1F,0x00,0x01,0x48,0xD1,0x00,0x01,0x69,0x0F,0x00,0x01,0xD5,0x01,0x91,
  0x01,0x24,0x07,0x00,0x01,0xD5,0x01,0x8D,0x0E,0x00,0x01,0x8D,0x01,0x49,0x07,0x00,
  0x01,0x8D,0x01,0x49,0x07,0x00,0x01,0xB1,0x01,0x8D,0x0F,0x00,0x01,0xB1,0x01,0xFA,
  0x01,0x24,0x0B,0x00,0x01,0x69,0x01,0x24,0x05,0x00,0x01,0x24,0x01,0x6D,0x09,0x00,
  0x01,0x49,0x01,0xFA,0x01,0x24,0x0D,0x00,0x01,0x24,0x01,0x8D,0x0F,0x00,0x01,0x49,
  0x01,0x20,0x08,0x00,0x01,0x24,0x01,0x44,0x05,0x00,0x01,0x24,0x01,0xFA,0x01,0x24,
  0x9D,0x00,0x01,0x91,0x09,0xFA,0x01,0xD9,0x01,0x69,0x04,0x00,0x01,0x8D,0x03,0xFA,
  0x01,0x48,0x05,0x00,0x01,0x91,0x07,0xFA,0x01,0xD5,0x01,0x69,0x06,0x00,0x01,0x69,
  0x02,0xFA,0x01,0xB5,0x01,0x24,0x04,0x00,0x01,0x69,0x02,0xFA,0x01,0xB5,0x01,0x24,
  0x04,0x00,0x01,0x69,0x06,0xFA,0x01,0x8D,0x0A,0x00,0x01,0xB1,0x08,0xFA,0x01,0x91,
  0x03,0x00,0x01,0x48,0x01,0xFA,0x01,0xB1,0x05,0x00,0x01,0xD5,0x01,0xFA,0x08,0x00,
  0x01,0x24,0x0A,0xFA,0x01,0xB5,0x01,0x24,0x03,0x00,0x01,0x24,0x01,0xF9,0x01,0xFA,
  0x01,0x48,0x03,0x00,0x01,0x6D,0x01,0xF9,0x01,0xFA,0x01,0xD5,0x01,0x44,0x05,0x00,
  0x01,0x24,0x01,0xFA,0x01,0xD5,0x01,0x24,0x06,0x00,0x01,0x24,0x02,0xD5,0x05,0x00,
  0x01,0xD5,0x09,0xFA,0x01,0x8D,0x94,0x00,0x01,0x69,0x0C,0xFA,0x01,0x48,0x03,0x00,
  0x01,0x6D,0x04,0xFA,0x01,0x91,0x04,0x00,0x0A,0xFA,0x01,0xB1,0x05,0x00,0x01,0xB1,
  0x03,0xFA,0x01,0xF9,0x01,0x24,0x03,0x00,0x01,0xB1,0x03,0xFA,0x01,0xF9,0x01,0x24,
  0x03,0x00,0x08,0xFA,0x01,0xB5,0x09,0x00,0x01,0x6D,0x09,0xFA,0x01,0x24,0x02,0x00,
  0x01,0x91,0x02,0xFA,0x01,0x24,0x03,0x00,0x01,0x24,0x02,0xFA,0x01,0x24,0x07,0x00,
  0x01,0x91,0x0B,0xFA,0x01,0xD5,0x03,0x00,0x01,0x69,0x02,0xFA,0x01,0xB1,0x02,0x00,
  0x01,0xB1,0x05,0xFA,0x01,0x44,0x04,0x00,0x01,0x48,0x03,0xFA,0x01,0x69,0x05,0x00,
  0x01,0x8D,0x02,0xFA,0x01,0x24,0x03,0x00,0x01,0x8D,0x0B,0xFA,0x01,0x8D,0x93,0x00,
  0x01,0xB1,0x02,0xFA,0x07,0x24,0x01,0x49,0x01,0xD9,0x01,0xFA,0x01,0x91,0x04,0x00,
  0x01,0x24,0x01,0xB1,0x03,0xFA,0x01,0x8D,0x03,0x00,0x01,0xD5,0x01,0xFA,0x01,0x91,
  0x04,0x24,0x01,0x48,0x01,0xB5,0x02,0xFA,0x01,0x6D,0x05,0x00,0x01,0x48,0x01,0xD5,
  0x02,0xFA,0x01,0xD5,0x04,0x00,0x01,0x48,0x01,0xD5,0x02,0xFA,0x01,0xD5,0x03,0x00,
  0x05,0x24,0x01,0x48,0x01,0x91,0x02,0xFA,0x01,0x49,0x09,0x00,0x07,0x24,0x01,0xD9,
  0x01,0xFA,0x01,0x48,0x02,0x00,0x01,0x24,0x02,0xFA,0x01,0x6D,0x04,0x00,0x01,0xF9,
  0x01,0xFA,0x01,0x48,0x07,0x00,0x01,0x20,0x01,0x24,0x01,0x6D,0x01,0xFA,0x01,0xD5,
  0x05,0x24,0x01,0x48,0x02,0xFA,0x04,0x00,0x01,0xB1,0x02,0xFA,0x01,0x24,0x01,0x6D,
  0x01,0xFA,0x01,0x69,0x01,0x24,0x01,0x69,0x02,0xFA,0x01,0xD5,0x05,0x00,0x01,0x48,
  0x03,0xFA,0x01,0x6D,0x04,0x00,0x01,0x44,0x02,0xFA,0x01,0x24,0x04,0x00,0x09,0x24,
  0x01,0x91,0x01,0xFA,0x01,0xD5,0x94,0x00,0x01,0xFA,0x01,0xD5,0x08,0x00,0x01,0x48,
  0x01,0xFA,0x01,0xB1,0x06,0x00,0x01,0x6D,0x02,0xFA,0x01,0xD5,0x03,0x00,0x01,0xB1,
  0x01,0xFA,0x01,0x6D,0x06,0x00,0x01,0x91,0x02,0xFA,0x07,0x00,0x01,0xB1,0x02,0xFA,
  0x01,0x24,0x05,0x00,0x01,0xB1,0x02,0xFA,0x01,0x24,0x09,0x00,0x01,0x91,0x01,0xFA,
  0x01,0xB1,0x10,0x00,0x01,0x91,0x01,0xFA,0x01,0x48,0x03,0x00,0x01,0x8D,0x01,0xFA,
  0x01,0xB1,0x04,0x00,0x01,0xB1,0x01,0xFA,0x01,0x48,0x09,0x00,0x01,0x24,0x02,0xFA,
  0x06,0x00,0x01,0xB1,0x01,0xFA,0x01,0x24,0x03,0x00,0x01,0x24,0x02,0xFA,0x01,0x69,
  0x01,0xD5,0x01,0x24,0x03,0x00,0x01,0x24,0x02,0xFA,0x01,0x44,0x05,0x00,0x01,0x24,
  0x01,0xD5,0x02,0xFA,0x01,0x91,0x04,0x00,0x02,0xFA,0x0F,0x00,0x02,0xFA,0x94,0x00,
  0x01,0xFA,0x01,0xD5,0x09,0x00,0x01,0xFA,0x01,0xB5,0x07,0x00,0x01,0xB1,0x01,0xFA,
  0x01,0x91,0x03,0x00,0x01,0x6D,0x01,0xFA,0x01,0x8D,0x07,0x00,0x01,0xD5,0x01,0xFA,
  0x01,0x48,0x07,0x00,0x01,0xD9,0x01,0xFA,0x01,0x24,0x06,0x00,0x01,0xD9,0x01,0xFA,
  0x01,0x24,0x09,0x00,0x01,0x24,0x02,0xFA,0x10,0x00,0x01,0x8D,0x01,0xFA,0x01,0x24,
  0x03,0x00,0x01,0x24,0x02,0xFA,0x04,0x00,0x01,0x8D,0x01,0xFA,0x01,0x69,0x0A,0x00,
  0x01,0xD5,0x01,0xFA,0x01,0x24,0x05,0x00,0x01,0x8D,0x01,0xFA,0x01,0x48,0x04,0x00,
  0x01,0xB1,0x01,0xFA,0x01,0xF9,0x01,0x48,0x05,0x00,0x01,0x91,0x01,0xFA,0x01,0x6D,
  0x06,0x00,0x01,0xB5,0x03,0xFA,0x01,0xB1,0x02,0x00,0x01,0x24,0x01,0xFA,0x01,0xB1,
  0x06,0x00,0x01,0x24,0x01,0x69,0x07,0x00,0x01,0xB5,0x01,0xFA,0x01,0x24,0x93,0x00,
  0x01,0xF9,0x01,0xD5,0x09,0x00,0x01,0xFA,0x01,0xD5,0x07,0x00,0x01,0xD5,0x01,0xFA,
  0x01,0x24,0x03,0x00,0x01,0x69,0x01,0xFA,0x01,0x91,0x07,0x00,0x01,0x8D,0x01,0xFA,
  0x01,0x8D,0x07,0x00,0x01,0xB1,0x01,0xFA,0x01,0x24,0x06,0x00,0x01,0xB1,0x01,0xFA,
  0x01,0x24,0x0A,0x00,0x01,0xD5,0x01,0xFA,0x10,0x00,0x01,0xB1,0x01,0xF9,0x05,0x00,
  0x01,0xB5,0x01,0xFA,0x01,0x48,0x03,0x00,0x01,0x69,0x01,0xFA,0x01,0x69,0x0A,0x00,
  0x01,0x91,0x01,0xFA,0x01,0x48,0x05,0x00,0x01,0x6D,0x01,0xFA,0x01,0x49,0x04,0x00,
  0x01,0x8D,0x01,0xFA,0x01,0xD5,0x06,0x00,0x01,0x48,0x01,0xFA,0x01,0x91,0x05,0x00,
  0x01,0x69,0x01,0xFA,0x01,0x24,0x01,0x8D,0x02,0xFA,0x01,0xB5,0x01,0x00,0x01,0x48,
  0x01,0xFA,0x01,0x24,0x06,0x00,0x01,0xD5,0x01,0x91,0x07,0x00,0x01,0xB1,0x01,0xFA,
  0x01,0x24,0x93,0x00,0x02,0xD5,0x09,0x00,0x01,0xFA,0x01,0xD5,0x06,0x00,0x01,0x44,
  0x01,0xFA,0x01,0x6D,0x04,0x00,0x01,0x48,0x01,0xFA,0x01,0xB1,0x07,0x00,0x01,0x49,
  0x01,0xFA,0x01,0x91,0x07,0x00,0x01,0xB1,0x01,0xFA,0x01,0x44,0x06,0x00,0x01,0xB1,
  0x01,0xFA,0x01,0x44,0x0A,0x00,0x01,0xD5,0x01,0xFA,0x01,0x24,0x0F,0x00,0x01,0xD5,
  0x01,0x8D,0x05,0x00,0x01,0x69,0x01,0xFA,0x01,0x8D,0x03,0x00,0x01,0x48,0x01,0xFA,
  0x01,0x44,0x0A,0x00,0x01,0x69,0x01,0xFA,0x01,0x6D,0x05,0x00,0x01,0x69,0x01,0xFA,
  0x01,0x69,0x04,0x00,0x01,0x6D,0x01,0xFA,0x01,0x6D,0x07,0x00,0x01,0xFA,0x01,0xB5,
  0x05,0x00,0x01,0xD5,0x01,0xB1,0x02,0x00,0x01,0x6D,0x02,0xFA,0x01,0xB5,0x02,0xB1,
  0x06,0x00,0x01,0x24,0x01,0xFA,0x01,0xB1,0x07,0x00,0x01,0x91,0x01,0xFA,0x01,0x24,
  0x93,0x00,0x01,0xD5,0x01,0xD9,0x09,0x00,0x01,0xF9,0x01,0xD5,0x06,0x00,0x01,0xB1,
  0x01,0xD5,0x05,0x00,0x01,0x44,0x01,0xFA,0x01,0xB1,0x07,0x00,0x01,0x24,0x01,0xFA,
  0x01,0xB1,0x07,0x00,0x01,0x91,0x01,0xFA,0x01,0x44,0x06,0x00,0x01,0x91,0x01,0xFA,
  0x01,0x44,0x0A,0x00,0x01,0xB1,0x01,0xFA,0x01,0x24,0x0E,0x00,0x01,0x44,0x01,0xFA,
  0x01,0x24,0x06,0x00,0x01,0xFA,0x01,0xD5,0x03,0x00,0x01,0x48,0x01,0xFA,0x0B,0x00,
  0x01,0x24,0x01,0xFA,0x01,0x91,0x05,0x00,0x01,0x48,0x01,0xFA,0x01,0x6D,0x04,0x00,
  0x01,0x8D,0x01,0xFA,0x01,0x24,0x07,0x00,0x01,0xFA,0x01,0xD5,0x04,0x00,0x01,0x44,
  0x01,0xFA,0x01,0x69,0x03,0x00,0x01,0x49,0x03,0xFA,0x01,0x24,0x06,0x00,0x01,0x24,
  0x01,0xFA,0x01,0xB1,0x07,0x00,0x01,0x8D,0x01,0xFA,0x01,0x44,0x93,0x00,0x01,0xD5,
  0x01,0xFA,0x09,0x00,0x02,0xD5,0x05,0x00,0x01,0x44,0x01,0xB1,0x06,0x00,0x01,0x24,
  0x01,0xFA,0x01,0xB1,0x08,0x00,0x01,0xFA,0x01,0xB5,0x07,0x00,0x01,0x91,0x01,0xFA,
  0x01,0x44,0x06,0x00,0x01,0x91,0x01,0xFA,0x01,0x44,0x0A,0x00,0x01,0x91,0x01,0xFA,
  0x01,0x24,0x0D,0x00,0x01,0x24,0x01,0xD5,0x01,0x8D,0x07,0x00,0x01,0xB1,0x01,0xFA,
  0x01,0x24,0x01,0x00,0x01,0x20,0x01,0xD5,0x01,0x8D,0x0C,0x00,0x01,0xFA,0x01,0xB1,
  0x05,0x00,0x01,0x48,0x01,0xFA,0x01,0x6D,0x04,0x00,0x01,0xB1,0x01,0xF9,0x08,0x00,
  0x02,0xD5,0x04,0x00,0x01,0x8D,0x01,0xFA,0x01,0x24,0x04,0x00,0x01,0x48,0x02,0xFA,
  0x01,0xB1,0x07,0x00,0x01,0xFA,0x01,0xB1,0x07,0x00,0x01,0x6D,0x01,0xFA,0x01,0x48,
  0x93,0x00,0x01,0xD5,0x01,0xFA,0x09,0x00,0x01,0xD5,0x01,0xB5,0x0D,0x00,0x01,0x24,
  0x01,0xFA,0x01,0xB1,0x08,0x00,0x01,0xFA,0x01,0xB5,0x07,0x00,0x01,0x8D,0x01,0xFA,
  0x01,0x44,0x06,0x00,0x01,0x8D,0x01,0xFA,0x01,0x44,0x0A,0x00,0x01,0x8D,0x01,0xFA,
  0x01,0x44,0x0C,0x00,0x01,0x69,0x01,0xFA,0x01,0xD5,0x08,0x00,0x01,0x6D,0x01,0xFA,
  0x01,0x69,0x01,0x48,0x01,0xF9,0x01,0xD9,0x01,0x20,0x0C,0x00,0x01,0xD5,0x01,0xB1,
  0x05,0x00,0x01,0x44,0x01,0xFA,0x01,0x6D,0x04,0x00,0x01,0xFA,0x01,0x91,0x08,0x00,
  0x02,0xB5,0x04,0x00,0x01,0x91,0x01,0xFA,0x01,0x24,0x05,0x00,0x01,0x49,0x02,0xFA,
  0x01,0xB1,0x06,0x00,0x01,0xFA,0x01,0xB5,0x07,0x00,0x01,0x6D,0x01,0xFA,0x01,0x48,
  0x93,0x00,0x01,0xB1,0x01,0xFA,0x01,0x6D,0x08,0x24,0x01,0xFA,0x01,0x6D,0x0D,0x00,
  0x01,0x24,0x01,0xFA,0x01,0x91,0x08,0x00,0x01,0xD9,0x01,0xB1,0x07,0x00,0x01,0x8D,
  0x01,0xFA,0x01,0x24,0x06,0x00,0x01,0x8D,0x01,0xFA,0x01,0x24,0x0A,0x00,0x01,0x8D,
  0x01,0xFA,0x01,0x44,0x09,0x00,0x01,0x44,0x01,0x91,0x03,0xFA,0x01,0x24,0x08,0x00,
  0x01,0x24,0x03,0xFA,0x01,0xD9,0x01,0x24,0x0A,0x00,0x03,0x24,0x01,0xB5,0x01,0x6D,
  0x05,0x00,0x01,0x24,0x01,0xFA,0x01,0x69,0x03,0x00,0x01,0x48,0x01,0xFA,0x01,0x48,
  0x02,0x00,0x06,0x24,0x01,0xD5,0x01,0x8D,0x04,0x00,0x01,0x91,0x01,0xFA,0x01,0x6D,
  0x06,0x00,0x01,0x69,0x02,0xFA,0x01,0x8D,0x05,0x00,0x01,0xFA,0x01,0xD5,0x07,0x00,
  0x01,0x69,0x01,0xFA,0x01,0x48,0x93,0x00,0x01,0x8D,0x0B,0xFA,0x01,0x24,0x0E,0x00,
  0x01,0xFA,0x01,0x48,0x08,0x00,0x01,0xD5,0x01,0x91,0x07,0x00,0x01,0x8D,0x01,0xFA,
  0x01,0x24,0x06,0x00,0x01,0x8D,0x01,0xFA,0x01,0x24,0x0A,0x00,0x01,0x6D,0x01,0xFA,
  0x09,0x00,0x01,0x24,0x03,0xFA,0x01,0xB1,0x01,0x24,0x08,0x00,0x01,0x44,0x01,0xB5,
  0x02,0xFA,0x01,0xB1,0x01,0x20,0x0A,0x00,0x01,0x24,0x04,0xFA,0x01,0x24,0x05,0x00,
  0x01,0x24,0x01,0xFA,0x01,0x24,0x03,0x00,0x01,0x91,0x01,0xD5,0x02,0x00,0x01,0x69,
  0x07,0xFA,0x01,0x24,0x04,0x00,0x01,0x91,0x03,0xFA,0x06,0x00,0x01,0x6D,0x02,0xFA,
  0x01,0x69,0x04,0x00,0x01,0xD5,0x01,0x91,0x07,0x00,0x01,0x69,0x01,0xFA,0x01,0x24,
  0x93,0x00,0x01,0x20,0x01,0xB5,0x09,0xFA,0x01,0x6D,0x0F,0x00,0x01,0xB1,0x09,0x00,
  0x01,0xB1,0x01,0x24,0x07,0x00,0x01,0x8D,0x01,0xB1,0x07,0x00,0x01,0x8D,0x01,0xB1,
  0x0B,0x00,0x01,0x69,0x01,0x6D,0x09,0x00,0x01,0x91,0x01,0xD5,0x01,0x8D,0x01,0x24,
  0x08,0x00,0x01,0x24,0x01,0xD5,0x02,0xFA,0x01,0xD5,0x01,0x48,0x0C,0x00,0x01,0xD5,
  0x03,0xFA,0x01,0xB5,0x06,0x00,0x01,0x24,0x01,0x91,0x04,0x00,0x01,0xD5,0x01,0x24,
  0x01,0x00,0x01,0x24,0x07,0xFA,0x01,0x91,0x05,0x00,0x01,0xD9,0x02,0xFA,0x01,0x69,
  0x07,0x00,0x01,0xB1,0x01,0xFA,0x01,0x44,0x04,0x00,0x01,0xB1,0x01,0x24,0x07,0x00,
  0x01,0x48,0x01,0x6D,0xC2,0x00,0x01,0x48,0x01,0x24,0x07,0x00,0x01,0x48,0x01,0x24,
  0x22,0x00,0x01,0xB1,0x01,0xFA,0x01,0xF9,0x01,0x69,0x1F,0x00,0x01,0x24,0x1C,0x00,
  0x01,0x8D,0xFE,0x00,0x01,0x24,0x01,0xD5,0x01,0x69,0xFF,0x00,0xFF,0x00,0xFF,0x00,
  0xFF,0x00,0xFF,0x00,0xFF,0x00,0xFF,0x00,0xFF,0x00,0xFF,0x00,0x62,0x00,0xFF,0xFA,
  0xFF,0xFA,0x82,0xFA,0xFF,0x00,0xFF,0x00,0xFF,0x00,0xFF,0x00,0xFF,0x00,0xFF,0x00,
  0xFF,0x00,0xFF,0x00,0xFF,0x00,0xFF,0x00,0xFF,0x00,0xFF,0x00,0xFF,0x00,0xFF,0x00,
  0xFF,0x00,0xFF,0x00,0xFE,0x00,0x01,0x24,0x01,0xDB,0x1D,0x00,0x01,0x24,0x01,0xDB,
  0x55,0x00,0x01,0x24,0x01,0xDB,0xA5,0x00,0x01,0x92,0x01,0xDB,0x05,0x00,0x01,0x24,
  0x01,0xDB,0x01,0xFF,0x01,0xB6,0x04,0x00,0x01,0x24,0x01,0xDB,0x01,0xFF,0x01,0xB6,
  0x10,0x00,0x01,0x49,0x01,0xFF,0x1D,0x00,0x01,0x49,0x01,0xFF,0x55,0x00,0x01,0x49,
  0x01,0xFF,0x73,0x00,0x01,0x49,0x01,0x92,0x09,0x00,0x01,0x49,0x01,0x24,0x04,0x00,
  0x01,0xB6,0x01,0x92,0x10,0x00,0x01,0xB6,0x0C,0x00,0x01,0x24,0x01,0xDB,0x02,0xFF,
  0x05,0x00,0x01,0xDB,0x02,0x00,0x01,0xB6,0x01,0xDB,0x03,0x00,0x01,0xDB,0x02,0x00,
  0x01,0xB6,0x01,0xDB,0x05,0x00,0x01,0xB6,0x01,0x6D,0x05,0x00,0x01,0xDB,0x02,0x00,
  0x01,0x24,0x01,0xFF,0x07,0x00,0x01,0xB6,0x01,0x6D,0x05,0x00,0x01,0xDB,0x0E,0x00,
  0x01,0x24,0x01,0xFF,0x07,0x00,0x01,0xB6,0x01,0x92,0x04,0x00,0x01,0x6D,0x03,0x00,
  0x01,0x92,0x03,0x00,0x01,0xDB,0x01,0xB6,0x07,0x00,0x01,0x49,0x01,0x24,0x06,0x00,
  0x01,0xB6,0x01,0x92,0x05,0x00,0x01,0x24,0x09,0x00,0x01,0x49,0x01,0x24,0x05,0x00,
  0x01,0x6D,0x0C,0x00,0x01,0xB6,0x01,0x6D,0x05,0x00,0x01,0xDB,0x02,0x00,0x01,0x24,
  0x01,0xFF,0x73,0x00,0x07,0xFF,0x01,0xDB,0x03,0x00,0x02,0xFF,0x01,0x6D,0x03,0x00,
  0x01,0xDB,0x02,0xFF,0x01,0x24,0x02,0x00,0x01,0xDB,0x01,0x6D,0x02,0x00,0x01,0x6D,
  0x01,0xDB,0x01,0xFF,0x01,0xB6,0x03,0x00,0x01,0xDB,0x07,0xFF,0x01,0x6D,0x06,0x00,
  0x01,0x24,0x01,0xDB,0x01,0xFF,0x04,0x00,0x01,0x6D,0x01,0xB6,0x02,0x00,0x01,0x24,
  0x01,0xFF,0x01,0x49,0x01,0x00,0x01,0x6D,0x01,0xB6,0x02,0x00,0x01,0x24,0x01,0xFF,
  0x01,0x49,0x04,0x00,0x01,0xB6,0x01,0xFF,0x01,0xB6,0x03,0x00,0x01,0x6D,0x01,0xFF,
  0x01,0x24,0x02,0x00,0x06,0xFF,0x02,0x00,0x01,0xB6,0x01,0xFF,0x01,0xB6,0x03,0x00,
  0x01,0x6D,0x01,0xFF,0x01,0x24,0x0E,0x00,0x06,0xFF,0x02,0x00,0x01,0xDB,0x01,0xFF,
  0x01,0xDB,0x02,0x00,0x01,0x24,0x06,0xFF,0x01,0x24,0x01,0x00,0x01,0xB6,0x01,0xFF,
  0x01,0xDB,0x06,0x00,0x04,0xFF,0x01,0xB6,0x03,0x00,0x01,0xDB,0x01,0xFF,0x01,0xDB,
  0x03,0x00,0x02,0xDB,0x02,0x00,0x01,0x92,0x01,0xFF,0x01,0xDB,0x01,0x24,0x03,0x00,
  0x02,0xFF,0x01,0x6D,0x03,0x00,0x01,0xB6,0x06,0xFF,0x01,0x6D,0x06,0x00,0x01,0xB6,
  0x01,0xFF,0x01,0xB6,0x03,0x00,0x01,0x6D,0x01,0xFF,0x01,0x24,0x02,0x00,0x06,0xFF,
  0x6E,0x00,0x01,0xDB,0x01,0xB6,0x04,0x6D,0x01,0x92,0x01,0xFF,0x01,0x6D,0x02,0x00,
  0x01,0x6D,0x02,0xFF,0x01,0xB6,0x03,0x00,0x01,0x6D,0x01,0xFF,0x01,0xB6,0x02,0x00,
  0x02,0xDB,0x01,0x00,0x01,0x49,0x01,0xDB,0x01,0x6D,0x01,0x92,0x01,0xFF,0x01,0xB6,
  0x02,0x00,0x01,0x49,0x01,0xFF,0x01,0x92,0x04,0x6D,0x02,0xDB,0x07,0x00,0x01,0x6D,
  0x01,0xFF,0x04,0x00,0x01,0xB6,0x01,0x92,0x03,0x00,0x01,0xFF,0x01,0x6D,0x01,0x00,
  0x01,0xB6,0x01,0x92,0x03,0x00,0x01,0xFF,0x01,0x6D,0x05,0x00,0x01,0x6D,0x01,0xFF,
  0x01,0xDB,0x02,0x00,0x01,0x24,0x01,0xFF,0x01,0x24,0x02,0x00,0x01,0x49,0x04,0x6D,
  0x01,0xFF,0x01,0x49,0x02,0x00,0x01,0x6D,0x01,0xFF,0x01,0xDB,0x02,0x00,0x01,0x24,
  0x01,0xFF,0x01,0x24,0x0E,0x00,0x01,0x49,0x04,0x6D,0x01,0xFF,0x01,0x49,0x02,0x00,
  0x01,0x92,0x01,0xFF,0x01,0x92,0x01,0x00,0x01,0x24,0x03,0x6D,0x01,0x92,0x01,0xFF,
  0x01,0x6D,0x03,0x00,0x01,0x49,0x01,0xFF,0x01,0x49,0x04,0x00,0x01,0x24,0x03,0x6D,
  0x01,0x92,0x01,0xFF,0x01,0xB6,0x03,0x00,0x01,0x92,0x01,0xFF,0x01,0x92,0x02,0x00,
  0x01,0x92,0x01,0xFF,0x01,0x49,0x02,0x92,0x01,0x6D,0x01,0xDB,0x01,0xFF,0x03,0x00,
  0x01,0x6D,0x02,0xFF,0x01,0xB6,0x02,0x00,0x06,0x6D,0x01,0xB6,0x01,0xFF,0x07,0x00,
  0x01,0x6D,0x01,0xFF,0x01,0xDB,0x02,0x00,0x01,0x24,0x01,0xFF,0x01,0x24,0x02,0x00,
  0x01,0x49,0x04,0x6D,0x01,0xFF,0x01,0x49,0x0A,0x00,0x03,0xFF,0x60,0x00,0x01,0xB6,
  0x01,0x92,0x05,0x00,0x02,0x92,0x04,0x00,0x01,0xDB,0x01,0xFF,0x04,0x00,0x01,0x92,
  0x01,0xDB,0x02,0x00,0x01,0x49,0x01,0xFF,0x05,0x00,0x01,0x6D,0x01,0xFF,0x03,0x00,
  0x01,0xFF,0x01,0x24,0x04,0x00,0x01,0x6D,0x01,0xB6,0x07,0x00,0x01,0x6D,0x01,0xFF,
  0x04,0x00,0x01,0xDB,0x01,0x6D,0x03,0x00,0x01,0xDB,0x01,0x92,0x01,0x00,0x01,0xDB,
  0x01,0x6D,0x03,0x00,0x01,0xDB,0x01,0x92,0x05,0x00,0x01,0x49,0x01,0xB6,0x01,0xFF,
  0x01,0xDB,0x01,0x00,0x01,0x24,0x01,0xDB,0x08,0x00,0x01,0xDB,0x01,0x49,0x02,0x00,
  0x01,0x49,0x01,0xB6,0x01,0xFF,0x01,0xDB,0x01,0x00,0x01,0x24,0x01,0xDB,0x14,0x00,
  0x01,0xDB,0x01,0x49,0x03,0x00,0x02,0xB6,0x06,0x00,0x01,0xFF,0x05,0x00,0x01,0xB6,
  0x01,0x92,0x09,0x00,0x01,0x49,0x01,0xFF,0x04,0x00,0x02,0xB6,0x03,0x00,0x01,0xFF,
  0x01,0xB6,0x01,0x6D,0x03,0x00,0x01,0xFF,0x01,0x49,0x04,0x00,0x01,0xDB,0x01,0xFF,
  0x03,0x00,0x01,0x49,0x05,0x00,0x01,0xFF,0x01,0x24,0x06,0x00,0x01,0x49,0x01,0xB6,
  0x01,0xFF,0x01,0xDB,0x01,0x00,0x01,0x24,0x01,0xDB,0x08,0x00,0x01,0xDB,0x01,0x49,
  0x09,0x00,0x05,0xFF,0x5F,0x00,0x02,0x92,0x05,0x00,0x01,0x6D,0x01,0xB6,0x04,0x00,
  0x01,0x92,0x01,0xB6,0x04,0x00,0x01,0x49,0x01,0xFF,0x03,0x00,0x01,0xFF,0x01,0x49,
  0x05,0x00,0x01,0xFF,0x03,0x00,0x01,0xFF,0x01,0x49,0x04,0x00,0x01,0x92,0x01,0x6D,
  0x07,0x00,0x01,0x49,0x01,0xFF,0x04,0x00,0x01,0xDB,0x01,0x6D,0x03,0x00,0x01,0xDB,
  0x01,0x92,0x01,0x00,0x01,0xDB,0x01,0x6D,0x03,0x00,0x01,0xDB,0x01,0x92,0x05,0x00,
  0x01,0xDB,0x01,0x00,0x01,0x24,0x01,0xFF,0x01,0xDB,0x01,0xB6,0x01,0x49,0x08,0x00,
  0x01,0xDB,0x03,0x00,0x01,0xDB,0x01,0x00,0x01,0x24,0x01,0xFF,0x01,0xDB,0x01,0xB6,
  0x01,0x49,0x06,0x00,0x01,0xDB,0x02,0xFF,0x01,0xDB,0x01,0x24,0x09,0x00,0x01,0xDB,
  0x04,0x00,0x01,0x92,0x01,0xB6,0x06,0x00,0x01,0xFF,0x05,0x00,0x01,0x92,0x01,0xB6,
  0x0A,0x00,0x01,0xFF,0x01,0x24,0x03,0x00,0x01,0x92,0x01,0xB6,0x03,0x00,0x01,0xB6,
  0x01,0xDB,0x04,0x00,0x01,0xB6,0x01,0x92,0x04,0x00,0x01,0x92,0x01,0xB6,0x03,0x00,
  0x01,0xFF,0x05,0x00,0x01,0xFF,0x01,0x24,0x06,0x00,0x01,0xDB,0x01,0x00,0x01,0x24,
  0x01,0xFF,0x01,0xDB,0x01,0xB6,0x01,0x49,0x08,0x00,0x01,0xDB,0x09,0x00,0x07,0xFF,
  0x5E,0x00,0x02,0x92,0x05,0x00,0x01,0x6D,0x01,0xB6,0x04,0x00,0x01,0xDB,0x01,0x24,
  0x04,0x00,0x01,0x24,0x01,0xFF,0x03,0x00,0x01,0xB6,0x01,0x6D,0x04,0x00,0x01,0x24,
  0x01,0xB6,0x03,0x00,0x01,0xFF,0x01,0x49,0x04,0x00,0x01,0xB6,0x08,0x00,0x01,0x49,
  0x01,0xFF,0x04,0x00,0x01,0xDB,0x01,0x92,0x03,0x00,0x01,0xFF,0x01,0x49,0x01,0x00,
  0x01,0xDB,0x01,0x92,0x03,0x00,0x01,0xFF,0x01,0x49,0x04,0x00,0x01,0x24,0x01,0xDB,
  0x02,0x00,0x01,0x24,0x02,0xFF,0x08,0x00,0x01,0x24,0x01,0x92,0x02,0x00,0x01,0x24,
  0x01,0xDB,0x02,0x00,0x01,0x24,0x02,0xFF,0x14,0x00,0x01,0x24,0x01,0x92,0x04,0x00,
  0x01,0x6D,0x01,0xB6,0x06,0x00,0x01,0xFF,0x05,0x00,0x01,0x6D,0x01,0xDB,0x0A,0x00,
  0x01,0xFF,0x01,0x49,0x03,0x00,0x01,0x6D,0x01,0xB6,0x03,0x00,0x01,0xB6,0x01,0x6D,
  0x04,0x00,0x01,0x6D,0x01,0xB6,0x04,0x00,0x01,0xDB,0x01,0x24,0x03,0x00,0x01,0xFF,
  0x05,0x00,0x01,0xDB,0x01,0x49,0x05,0x00,0x01,0x24,0x01,0xDB,0x02,0x00,0x01,0x24,
  0x02,0xFF,0x08,0x00,0x01,0x24,0x01,0x92,0x09,0x00,0x07,0xFF,0x5E,0x00,0x02,0x92,
  0x05,0x00,0x01,0x6D,0x01,0xB6,0x03,0x00,0x02,0x49,0x05,0x00,0x01,0x24,0x01,0xFF,
  0x03,0x00,0x01,0x6D,0x01,0xB6,0x04,0x00,0x01,0xB6,0x04,0x00,0x01,0xDB,0x01,0x49,
  0x03,0x00,0x01,0x6D,0x01,0x49,0x08,0x00,0x01,0x49,0x01,0xFF,0x04,0x00,0x01,0x92,
  0x01,0xDB,0x03,0x00,0x01,0xFF,0x02,0x00,0x01,0x92,0x01,0xDB,0x03,0x00,0x01,0xFF,
  0x05,0x00,0x01,0x6D,0x01,0xB6,0x03,0x00,0x01,0x24,0x01,0xFF,0x01,0xDB,0x06,0x00,
  0x01,0x24,0x01,0xDB,0x03,0x00,0x01,0x6D,0x01,0xB6,0x03,0x00,0x01,0x24,0x01,0xFF,
  0x01,0xDB,0x12,0x00,0x01,0x24,0x01,0xDB,0x05,0x00,0x01,0x6D,0x01,0xB6,0x06,0x00,
  0x01,0xFF,0x01,0x24,0x03,0x00,0x01,0x49,0x01,0xDB,0x01,0xFF,0x0A,0x00,0x01,0xDB,
  0x01,0x49,0x03,0x00,0x01,0x6D,0x01,0xB6,0x03,0x00,0x01,0xDB,0x01,0x24,0x04,0x00,
  0x01,0x49,0x01,0xB6,0x03,0x00,0x02,0x49,0x04,0x00,0x01,0xFF,0x05,0x00,0x01,0xDB,
  0x01,0x49,0x05,0x00,0x01,0x6D,0x01,0xB6,0x03,0x00,0x01,0x24,0x01,0xFF,0x01,0xDB,
  0x06,0x00,0x01,0x24,0x01,0xDB,0x0A,0x00,0x07,0xFF,0x5E,0x00,0x01,0x6D,0x01,0xDB,
  0x05,0x6D,0x01,0xB6,0x01,0x6D,0x08,0x00,0x01,0x49,0x01,0x6D,0x02,0x92,0x03,0x00,
  0x01,0x24,0x01,0xFF,0x01,0x92,0x01,0x6D,0x01,0x92,0x01,0xDB,0x01,0x49,0x04,0x00,
  0x01,0xDB,0x01,0x49,0x01,0x00,0x01,0x92,0x01,0xFF,0x01,0x92,0x09,0x00,0x01,0x6D,
  0x01,0xFF,0x04,0x00,0x01,0x24,0x01,0xFF,0x01,0x49,0x01,0x00,0x02,0x6D,0x02,0x00,
  0x01,0x24,0x01,0xFF,0x01,0x49,0x01,0x00,0x02,0x6D,0x05,0x00,0x01,0x6D,0x01,0xFF,
  0x01,0x6D,0x03,0x00,0x01,0x24,0x01,0xFF,0x01,0xDB,0x03,0x00,0x01,0x6D,0x01,0xDB,
  0x01,0xFF,0x01,0x24,0x03,0x00,0x01,0x6D,0x01,0xFF,0x01,0x6D,0x03,0x00,0x01,0x24,
  0x01,0xFF,0x01,0xDB,0x0F,0x00,0x01,0x6D,0x01,0xDB,0x01,0xFF,0x01,0x24,0x05,0x00,
  0x01,0x6D,0x01,0xB6,0x06,0x00,0x01,0xFF,0x01,0x24,0x02,0x00,0x01,0x92,0x01,0xFF,
  0x01,0x24,0x01,0xFF,0x0A,0x00,0x01,0xDB,0x01,0x49,0x03,0x00,0x01,0x6D,0x01,0xB6,
  0x03,0x00,0x01,0xFF,0x01,0x00,0x01,0x24,0x03,0x6D,0x01,0x92,0x01,0x6D,0x09,0x00,
  0x01,0xFF,0x05,0x00,0x01,0xDB,0x01,0x49,0x05,0x00,0x01,0x6D,0x01,0xFF,0x01,0x6D,
  0x03,0x00,0x01,0x24,0x01,0xFF,0x01,0xDB,0x03,0x00,0x01,0x6D,0x01,0xDB,0x01,0xFF,
  0x01,0x24,0x0B,0x00,0x05,0xFF,0x5F,0x00,0x01,0x24,0x06,0xFF,0x01,0xDB,0x08,0x00,
  0x01,0x49,0x03,0xFF,0x01,0x24,0x04,0x00,0x01,0x92,0x02,0xFF,0x01,0x92,0x01,0x24,
  0x05,0x00,0x01,0xDB,0x02,0x49,0x01,0xB6,0x01,0x49,0x08,0x00,0x01,0xB6,0x04,0xFF,
  0x01,0xDB,0x03,0x00,0x01,0x6D,0x02,0xFF,0x01,0x6D,0x04,0x00,0x01,0x6D,0x02,0xFF,
  0x01,0x6D,0x06,0x00,0x01,0x92,0x01,0xFF,0x01,0x92,0x04,0x00,0x01,0x49,0x01,0xFF,
  0x02,0x00,0x01,0x49,0x01,0xDB,0x01,0x6D,0x05,0x00,0x01,0x92,0x01,0xFF,0x01,0x92,
  0x04,0x00,0x01,0x49,0x01,0xFF,0x0E,0x00,0x01,0x49,0x01,0xDB,0x01,0x6D,0x07,0x00,
  0x02,0x6D,0x06,0x00,0x01,0x92,0x02,0x00,0x01,0x24,0x01,0xB6,0x01,0x24,0x01,0x00,
  0x01,0xB6,0x0A,0x00,0x01,0x92,0x04,0x00,0x02,0x6D,0x02,0x00,0x02,0x6D,0x01,0x00,
  0x05,0xFF,0x0A,0x00,0x01,0x92,0x05,0x00,0x01,0x92,0x06,0x00,0x01,0x92,0x01,0xFF,
  0x01,0x92,0x04,0x00,0x01,0x49,0x01,0xFF,0x02,0x00,0x01,0x49,0x01,0xDB,0x01,0x6D,
  0x0E,0x00,0x03,0xFF,0x83,0x00,0x01,0xDB,0x01,0x49,0x7D,0x00,0x01,0x49,0xC0,0x00,
  0x01,0xDB,0x01,0x49,0xFF,0x00,0x3F,0x00,0x01,0xB6,0xFF,0x00,0xFF,0x00,0xFF,0x00,
  0xFF,0x00,0xFF,0x00,0xFF,0x00,0xFF,0x00,0xFF,0x00,0xFF,0x00,0xFF,0x00,0xFF,0x00,
  0x80,0x00,0x01,0x24,0x01,0xDB,0x0E,0x00,0x01,0x24,0x01,0xDB,0xFF,0x00,0x2F,0x00,
  0x01,0x49,0x01,0xFF,0x0E,0x00,0x01,0x49,0x01,0xFF,0xFF,0x00,0x05,0x00,0x01,0x6D,
  0x0A,0x00,0x01,0xB6,0x0A,0x00,0x01,0x6D,0x09,0x00,0x01,0xDB,0x01,0x49,0x03,0x00,
  0x01,0xDB,0x04,0x00,0x01,0x24,0x01,0xFF,0x07,0x00,0x01,0x49,0x01,0x24,0x05,0x00,
  0x01,0x24,0x01,0xFF,0x0A,0x00,0x01,0x49,0x01,0x92,0x09,0x00,0x01,0x49,0x01,0x24,
  0x04,0x00,0x01,0x49,0x01,0x24,0x06,0x00,0x01,0xB6,0x01,0x92,0x04,0x00,0x01,0x49,
  0x01,0x24,0x06,0x00,0x01,0x49,0x01,0x24,0x09,0x00,0x01,0x49,0x01,0x92,0x09,0x00,
  0x01,0x49,0x01,0x24,0x05,0x00,0x01,0xB6,0x09,0x00,0x01,0xB6,0x01,0x92,0x05,0x00,
  0x01,0x49,0xA3,0x00,0x01,0xB6,0x06,0xFF,0x01,0x6D,0x03,0x00,0x01,0xDB,0x07,0xFF,
  0x01,0x6D,0x02,0x00,0x01,0xDB,0x07,0xFF,0x01,0x6D,0x02,0x00,0x01,0xFF,0x01,0xDB,
  0x03,0x00,0x01,0xFF,0x01,0x49,0x04,0x00,0x06,0xFF,0x02,0x00,0x04,0xFF,0x01,0xDB,
  0x01,0x24,0x02,0x00,0x06,0xFF,0x05,0x00,0x07,0xFF,0x01,0xDB,0x03,0x00,0x02,0xFF,
  0x01,0x6D,0x03,0x00,0x04,0xFF,0x01,0xB6,0x03,0x00,0x01,0xDB,0x01,0xFF,0x01,0xDB,
  0x03,0x00,0x04,0xFF,0x01,0xB6,0x02,0x00,0x01,0x24,0x04,0xFF,0x01,0xDB,0x01,0x24,
  0x05,0x00,0x07,0xFF,0x01,0xDB,0x03,0x00,0x02,0xFF,0x01,0x6D,0x03,0x00,0x01,0xDB,
  0x07,0xFF,0x01,0x6D,0x02,0x00,0x01,0xDB,0x01,0xFF,0x01,0xDB,0x03,0x00,0x01,0x49,
  0x05,0xFF,0x01,0x92,0x9E,0x00,0x06,0x6D,0x01,0xB6,0x01,0xFF,0x03,0x00,0x01,0x49,
  0x01,0xFF,0x01,0x92,0x04,0x6D,0x02,0xDB,0x02,0x00,0x01,0xB6,0x01,0xFF,0x05,0x6D,
  0x02,0xDB,0x02,0x00,0x01,0x6D,0x01,0xFF,0x03,0x00,0x01,0xFF,0x01,0x6D,0x04,0x00,
  0x01,0x49,0x04,0x6D,0x01,0xFF,0x01,0x49,0x01,0x24,0x04,0x6D,0x02,0xFF,0x02,0x00,
  0x01,0x49,0x04,0x6D,0x01,0xFF,0x01,0x49,0x04,0x00,0x01,0xDB,0x01,0xB6,0x04,0x6D,
  0x01,0x92,0x01,0xFF,0x01,0x6D,0x02,0x00,0x01,0x6D,0x02,0xFF,0x01,0xB6,0x01,0x00,
  0x01,0x24,0x03,0x6D,0x01,0x92,0x01,0xFF,0x01,0xB6,0x03,0x00,0x01,0x92,0x01,0xFF,
  0x01,0x92,0x01,0x00,0x01,0x24,0x03,0x6D,0x01,0x92,0x01,0xFF,0x01,0xB6,0x01,0x00,
  0x01,0x24,0x04,0x6D,0x01,0xFF,0x01,0x92,0x05,0x00,0x01,0xDB,0x01,0xB6,0x04,0x6D,
  0x01,0x92,0x01,0xFF,0x01,0x6D,0x02,0x00,0x01,0x6D,0x02,0xFF,0x01,0xB6,0x02,0x00,
  0x01,0x49,0x01,0xFF,0x01,0x92,0x04,0x6D,0x02,0xDB,0x03,0x00,0x01,0x92,0x01,0xFF,
  0x01,0x92,0x02,0x00,0x01,0xB6,0x01,0xFF,0x03,0x6D,0x01,0xB6,0x01,0xFF,0x01,0xB6,
  0x0C,0x00,0x03,0xFF,0x8F,0x00,0x01,0x49,0x05,0x00,0x01,0xFF,0x01,0x24,0x03,0x00,
  0x01,0xFF,0x01,0x24,0x04,0x00,0x01,0x6D,0x01,0xB6,0x03,0x00,0x01,0xFF,0x01,0x24,
  0x04,0x00,0x01,0x6D,0x01,0xDB,0x03,0x00,0x01,0xFF,0x01,0x49,0x02,0x00,0x01,0xB6,
  0x01,0x6D,0x09,0x00,0x01,0xDB,0x01,0x49,0x05,0x00,0x01,0x24,0x01,0xFF,0x01,0x6D,
  0x06,0x00,0x01,0xDB,0x01,0x49,0x04,0x00,0x01,0xB6,0x01,0x92,0x05,0x00,0x02,0x92,
  0x04,0x00,0x01,0xDB,0x01,0xFF,0x06,0x00,0x01,0x49,0x01,0xFF,0x04,0x00,0x02,0xB6,
  0x06,0x00,0x01,0x49,0x01,0xFF,0x06,0x00,0x01,0x6D,0x01,0x92,0x05,0x00,0x01,0xB6,
  0x01,0x92,0x05,0x00,0x02,0x92,0x04,0x00,0x01,0xDB,0x01,0xFF,0x03,0x00,0x01,0xFF,
  0x01,0x24,0x04,0x00,0x01,0x6D,0x01,0xB6,0x04,0x00,0x02,0xB6,0x02,0x00,0x01,0x6D,
  0x01,0xFF,0x04,0x00,0x01,0x49,0x01,0xFF,0x01,0x24,0x0A,0x00,0x05,0xFF,0x8E,0x00,
  0x01,0xFF,0x05,0x00,0x01,0xFF,0x01,0x24,0x03,0x00,0x01,0xFF,0x01,0x49,0x04,0x00,
  0x01,0x92,0x01,0x6D,0x03,0x00,0x01,0xDB,0x01,0x49,0x04,0x00,0x01,0x6D,0x01,0x92,
  0x03,0x00,0x01,0x92,0x01,0xB6,0x02,0x00,0x01,0xB6,0x01,0x49,0x09,0x00,0x01,0xDB,
  0x07,0x00,0x01,0xB6,0x01,0x92,0x06,0x00,0x01,0xDB,0x05,0x00,0x02,0x92,0x05,0x00,
  0x01,0x6D,0x01,0xB6,0x04,0x00,0x01,0x92,0x01,0xB6,0x07,0x00,0x01,0xFF,0x01,0x24,
  0x03,0x00,0x01,0x92,0x01,0xB6,0x07,0x00,0x01,0xFF,0x01,0x24,0x05,0x00,0x01,0x6D,
  0x01,0xB6,0x05,0x00,0x02,0x92,0x05,0x00,0x01,0x6D,0x01,0xB6,0x04,0x00,0x01,0x92,
  0x01,0xB6,0x03,0x00,0x01,0xFF,0x01,0x49,0x04,0x00,0x01,0x92,0x01,0x6D,0x04,0x00,
  0x01,0x92,0x01,0xB6,0x02,0x00,0x01,0x49,0x01,0xFF,0x05,0x00,0x01,0xDB,0x01,0x6D,
  0x09,0x00,0x07,0xFF,0x8D,0x00,0x01,0xFF,0x05,0x00,0x01,0xDB,0x01,0x49,0x03,0x00,
  0x01,0xFF,0x01,0x49,0x04,0x00,0x01,0xB6,0x04,0x00,0x02,0x92,0x04,0x00,0x01,0xDB,
  0x04,0x00,0x01,0x49,0x01,0xFF,0x02,0x00,0x01,0xB6,0x09,0x00,0x01,0x24,0x01,0x92,
  0x07,0x00,0x01,0x92,0x01,0x6D,0x05,0x00,0x01,0x24,0x01,0x92,0x05,0x00,0x02,0x92,
  0x05,0x00,0x01,0x6D,0x01,0xB6,0x04,0x00,0x01,0xDB,0x01,0x24,0x07,0x00,0x01,0xFF,
  0x01,0x49,0x03,0x00,0x01,0x6D,0x01,0xB6,0x07,0x00,0x01,0xFF,0x01,0x49,0x05,0x00,
  0x01,0x6D,0x01,0xB6,0x05,0x00,0x02,0x92,0x05,0x00,0x01,0x6D,0x01,0xB6,0x04,0x00,
  0x01,0xDB,0x01,0x24,0x03,0x00,0x01,0xFF,0x01,0x49,0x04,0x00,0x01,0xB6,0x05,0x00,
  0x01,0x6D,0x01,0xB6,0x02,0x00,0x01,0x24,0x01,0xFF,0x05,0x00,0x01,0xB6,0x01,0x92,
  0x09,0x00,0x07,0xFF,0x8D,0x00,0x01,0xFF,0x05,0x00,0x01,0xDB,0x01,0x49,0x03,0x00,
  0x01,0xDB,0x01,0x49,0x03,0x00,0x01,0x6D,0x01,0x49,0x04,0x00,0x01,0x49,0x01,0xDB,
  0x03,0x00,0x02,0x6D,0x05,0x00,0x01,0xFF,0x01,0x49,0x01,0xDB,0x01,0x6D,0x08,0x00,
  0x01,0x24,0x01,0xDB,0x08,0x00,0x01,0xB6,0x05,0x00,0x01,0x24,0x01,0xDB,0x06,0x00,
  0x02,0x92,0x05,0x00,0x01,0x6D,0x01,0xB6,0x03,0x00,0x02,0x49,0x08,0x00,0x01,0xDB,
  0x01,0x49,0x03,0x00,0x01,0x6D,0x01,0xB6,0x07,0x00,0x01,0xDB,0x01,0x49,0x05,0x00,
  0x01,0x6D,0x01,0xB6,0x05,0x00,0x02,0x92,0x05,0x00,0x01,0x6D,0x01,0xB6,0x03,0x00,
  0x02,0x49,0x04,0x00,0x01,0xDB,0x01,0x49,0x03,0x00,0x01,0x6D,0x01,0x49,0x05,0x00,
  0x01,0x6D,0x01,0xB6,0x02,0x00,0x01,0x24,0x01,0xFF,0x05,0x00,0x02,0x92,0x09,0x00,
  0x07,0xFF,0x8D,0x00,0x01,0xFF,0x05,0x00,0x01,0xDB,0x01,0x49,0x03,0x00,0x01,0xDB,
  0x01,0x49,0x01,0x00,0x01,0x92,0x01,0xFF,0x01,0x92,0x06,0x00,0x01,0xFF,0x02,0x92,
  0x01,0xDB,0x01,0x92,0x05,0x00,0x01,0x24,0x02,0xFF,0x01,0x49,0x07,0x00,0x01,0x6D,
  0x01,0xDB,0x01,0xFF,0x01,0x24,0x03,0x00,0x01,0x49,0x03,0x6D,0x01,0x92,0x01,0x6D,
  0x03,0x00,0x01,0x6D,0x01,0xDB,0x01,0xFF,0x01,0x24,0x06,0x00,0x01,0x6D,0x01,0xDB,
  0x05,0x6D,0x01,0xB6,0x01,0x6D,0x0D,0x00,0x01,0xDB,0x01,0x49,0x03,0x00,0x01,0x6D,
  0x01,0xB6,0x07,0x00,0x01,0xDB,0x01,0x49,0x01,0x00,0x01,0x49,0x03,0x6D,0x01,0xB6,
  0x01,0xFF,0x01,0x49,0x04,0x00,0x01,0x6D,0x01,0xDB,0x05,0x6D,0x01,0xB6,0x01,0x6D,
  0x09,0x00,0x01,0xDB,0x01,0x49,0x01,0x00,0x01,0x92,0x01,0xFF,0x01,0x92,0x06,0x00,
  0x01,0x6D,0x01,0xB6,0x03,0x00,0x01,0xFF,0x05,0x00,0x01,0x6D,0x01,0x92,0x0A,0x00,
  0x05,0xFF,0x8E,0x00,0x01,0x92,0x05,0x00,0x01,0x92,0x04,0x00,0x01,0xDB,0x02,0x49,
  0x01,0xB6,0x01,0x49,0x07,0x00,0x01,0x92,0x01,0xFF,0x01,0xDB,0x01,0x49,0x05,0x00,
  0x01,0xB6,0x01,0xFF,0x01,0xB6,0x08,0x00,0x01,0x49,0x01,0xDB,0x01,0x6D,0x04,0x00,
  0x01,0x24,0x04,0xFF,0x01,0xB6,0x03,0x00,0x01,0x49,0x01,0xDB,0x01,0x6D,0x08,0x00,
  0x01,0x24,0x06,0xFF,0x01,0xDB,0x0E,0x00,0x01,0x92,0x04,0x00,0x02,0x6D,0x07,0x00,
  0x01,0x92,0x01,0x00,0x01,0x24,0x06,0xFF,0x01,0x6D,0x04,0x00,0x01,0x24,0x06,0xFF,
  0x01,0xDB,0x0A,0x00,0x01,0xDB,0x02,0x49,0x01,0xB6,0x01,0x49,0x07,0x00,0x02,0x6D,
  0x03,0x00,0x01,0xDB,0x05,0x00,0x01,0x49,0x01,0x92,0x0B,0x00,0x03,0xFF,0x9A,0x00,
  0x01,0xDB,0x01,0x49,0x12,0x00,0x01,0x49,0x01,0xB6,0x01,0x24,0x68,0x00,0x01,0xDB,
  0x01,0x49,0x0F,0x00,0x01,0x24,0x05,0x00,0x01,0x24,0xA9,0x00,0x01,0xDB,0x01,0x49,
  0x7D,0x00,0x01,0xDB,0x01,0x49,0xBF,0x00,0x01,0xB6,0x7E,0x00,0x01,0xB6,0xFF,0x00,
  0xFF,0x00,0xFF,0x00,0xFF,0x00,0xFF,0x00,0xFF,0x00,0xFF,0x00,0xFF,0x00,0xFF,0x00,
  0xFF,0x00,0xFF,0x00,0x05,0x00,0x01,0x24,0x01,0xDB,0xFF,0x00,0x3F,0x00,0x01,0x49,
  0x01,0xFF,0xFF,0x00,0x21,0x00,0x01,0x49,0x01,0x92,0x09,0x00,0x01,0xDB,0x01,0x49,
  0x03,0x00,0x01,0xDB,0x03,0x00,0x01,0x49,0x01,0xDB,0x01,0x6D,0x07,0x00,0x01,0x24,
  0x01,0xFF,0x07,0x00,0x01,0x49,0x01,0x24,0x06,0x00,0x01,0x49,0x01,0x24,0x09,0x00,
  0x01,0xB6,0x01,0x92,0x10,0x00,0x01,0xB6,0x0C,0x00,0x01,0xB6,0x01,0x92,0x04,0x00,
  0x01,0xB6,0x01,0x92,0x04,0x00,0x01,0x49,0x01,0x24,0x06,0x00,0x01,0x49,0x01,0x24,
  0x05,0x00,0x01,0x6D,0xCB,0x00,0x07,0xFF,0x01,0xDB,0x03,0x00,0x01,0xFF,0x01,0xDB,
  0x03,0x00,0x01,0xFF,0x01,0x49,0x01,0x00,0x01,0x24,0x02,0xB6,0x02,0xFF,0x01,0x49,
  0x06,0x00,0x06,0xFF,0x02,0x00,0x04,0xFF,0x01,0xDB,0x01,0x24,0x01,0x00,0x01,0x24,
  0x04,0xFF,0x01,0xDB,0x01,0x24,0x04,0x00,0x01,0x24,0x02,0xFF,0x01,0xDB,0x03,0x00,
  0x01,0xDB,0x01,0x6D,0x02,0x00,0x01,0x6D,0x01,0xDB,0x01,0xFF,0x01,0xB6,0x03,0x00,
  0x01,0xDB,0x07,0xFF,0x01,0x6D,0x04,0x00,0x01,0x24,0x02,0xFF,0x01,0xDB,0x03,0x00,
  0x01,0xDB,0x01,0xFF,0x01,0xDB,0x03,0x00,0x04,0xFF,0x01,0xDB,0x01,0x24,0x02,0x00,
  0x02,0xFF,0x01,0x6D,0x03,0x00,0x01,0xDB,0x07,0xFF,0x01,0x6D,0xC4,0x00,0x01,0xDB,
  0x01,0xB6,0x04,0x6D,0x01,0x92,0x01,0xFF,0x01,0x6D,0x02,0x00,0x01,0x6D,0x01,0xFF,
  0x03,0x00,0x01,0xFF,0x01,0x6D,0x01,0x00,0x01,0xB6,0x01,0x24,0x01,0x00,0x01,0x24,
  0x01,0xDB,0x01,0xFF,0x06,0x00,0x01,0x49,0x04,0x6D,0x01,0xFF,0x01,0x49,0x01,0x24,
  0x04,0x6D,0x02,0xFF,0x01,0x00,0x01,0x24,0x04,0x6D,0x01,0xFF,0x01,0x92,0x06,0x00,
  0x01,0x92,0x01,0xFF,0x01,0x92,0x02,0x00,0x02,0xDB,0x01,0x00,0x01,0x49,0x01,0xDB,
  0x01,0x6D,0x01,0x92,0x01,0xFF,0x01,0xB6,0x02,0x00,0x01,0x49,0x01,0xFF,0x01,0x92,
  0x04,0x6D,0x02,0xDB,0x06,0x00,0x01,0x92,0x01,0xFF,0x01,0x92,0x03,0x00,0x01,0x92,
  0x01,0xFF,0x01,0x92,0x01,0x00,0x01,0x24,0x04,0x6D,0x02,0xFF,0x02,0x00,0x01,0x6D,
  0x02,0xFF,0x01,0xB6,0x02,0x00,0x01,0xB6,0x01,0xFF,0x05,0x6D,0x02,0xDB,0x0B,0x00,
  0x03,0xFF,0xB6,0x00,0x01,0xB6,0x01,0x92,0x05,0x00,0x02,0x92,0x03,0x00,0x01,0xFF,
  0x01,0x49,0x02,0x00,0x01,0xB6,0x01,0x6D,0x01,0x00,0x01,0xFF,0x01,0x49,0x03,0x00,
  0x01,0xFF,0x01,0x24,0x0A,0x00,0x01,0xDB,0x01,0x49,0x05,0x00,0x01,0x24,0x01,0xFF,
  0x01,0x6D,0x05,0x00,0x01,0x6D,0x01,0x92,0x07,0x00,0x02,0xB6,0x02,0x00,0x01,0x49,
  0x01,0xFF,0x05,0x00,0x01,0x6D,0x01,0xFF,0x03,0x00,0x01,0xFF,0x01,0x24,0x04,0x00,
  0x01,0x6D,0x01,0xB6,0x07,0x00,0x02,0xB6,0x04,0x00,0x02,0xB6,0x06,0x00,0x01,0x24,
  0x01,0xFF,0x01,0x6D,0x03,0x00,0x01,0xDB,0x01,0xFF,0x03,0x00,0x01,0xFF,0x01,0x24,
  0x04,0x00,0x01,0x6D,0x01,0xDB,0x0A,0x00,0x05,0xFF,0xB5,0x00,0x02,0x92,0x05,0x00,
  0x01,0x6D,0x01,0xB6,0x03,0x00,0x01,0x92,0x01,0xB6,0x02,0x00,0x01,0xB6,0x01,0x49,
  0x01,0x00,0x01,0xB6,0x01,0xFF,0x01,0x49,0x02,0x00,0x01,0xDB,0x01,0x49,0x0A,0x00,
  0x01,0xDB,0x07,0x00,0x01,0xB6,0x01,0x92,0x05,0x00,0x01,0x6D,0x01,0xB6,0x07,0x00,
  0x01,0x6D,0x01,0xDB,0x03,0x00,0x01,0xFF,0x01,0x49,0x05,0x00,0x01,0xFF,0x03,0x00,
  0x01,0xFF,0x01,0x49,0x04,0x00,0x01,0x92,0x01,0x6D,0x07,0x00,0x01,0x6D,0x01,0xDB,
  0x04,0x00,0x01,0x92,0x01,0xB6,0x07,0x00,0x01,0xB6,0x01,0x92,0x03,0x00,0x01,0x92,
  0x01,0xB6,0x03,0x00,0x01,0xDB,0x01,0x49,0x04,0x00,0x01,0x6D,0x01,0x92,0x09,0x00,
  0x07,0xFF,0xB4,0x00,0x02,0x92,0x05,0x00,0x01,0x6D,0x01,0xB6,0x03,0x00,0x01,0x49,
  0x01,0xFF,0x02,0x00,0x01,0xB6,0x03,0x00,0x01,0x92,0x03,0x00,0x01,0xB6,0x01,0x49,
  0x09,0x00,0x01,0x24,0x01,0x92,0x07,0x00,0x01,0x92,0x01,0x6D,0x05,0x00,0x01,0x6D,
  0x01,0xB6,0x07,0x00,0x01,0x6D,0x01,0xDB,0x03,0x00,0x01,0xB6,0x01,0x6D,0x04,0x00,
  0x01,0x24,0x01,0xB6,0x03,0x00,0x01,0xFF,0x01,0x49,0x04,0x00,0x01,0xB6,0x08,0x00,
  0x01,0x6D,0x01,0xDB,0x04,0x00,0x01,0x6D,0x01,0xB6,0x07,0x00,0x01,0x92,0x01,0x6D,
  0x03,0x00,0x01,0xDB,0x01,0x24,0x03,0x00,0x02,0x92,0x04,0x00,0x01,0xDB,0x0A,0x00,
  0x07,0xFF,0xB4,0x00,0x02,0x92,0x05,0x00,0x01,0x6D,0x01,0xB6,0x04,0x00,0x01,0xFF,
  0x01,0x49,0x01,0xDB,0x01,0x6D,0x07,0x00,0x01,0xB6,0x01,0x49,0x08,0x00,0x01,0x24,
  0x01,0xDB,0x08,0x00,0x01,0xB6,0x06,0x00,0x01,0x6D,0x01,0xB6,0x07,0x00,0x01,0x49,
  0x01,0xDB,0x03,0x00,0x01,0x6D,0x01,0xB6,0x04,0x00,0x01,0xB6,0x04,0x00,0x01,0xDB,
  0x01,0x49,0x03,0x00,0x01,0x6D,0x01,0x49,0x08,0x00,0x01,0x49,0x01,0xDB,0x04,0x00,
  0x01,0x6D,0x01,0xB6,0x07,0x00,0x01,0xB6,0x03,0x00,0x02,0x49,0x04,0x00,0x01,0x49,
  0x01,0xDB,0x03,0x00,0x02,0x6D,0x0A,0x00,0x07,0xFF,0xB4,0x00,0x01,0x6D,0x01,0xDB,
  0x05,0x6D,0x01,0xB6,0x01,0x6D,0x03,0x00,0x01,0x24,0x02,0xFF,0x01,0x49,0x03,0x00,
  0x01,0x49,0x04,0x6D,0x01,0xDB,0x07,0x00,0x01,0x6D,0x01,0xDB,0x01,0xFF,0x01,0x24,
  0x03,0x00,0x01,0x49,0x03,0x6D,0x01,0x92,0x01,0x6D,0x02,0x00,0x01,0x49,0x03,0x6D,
  0x01,0xB6,0x01,0xFF,0x01,0x49,0x06,0x00,0x01,0x49,0x01,0xDB,0x03,0x00,0x01,0x24,
  0x01,0xFF,0x01,0x92,0x01,0x6D,0x01,0x92,0x01,0xDB,0x01,0x49,0x04,0x00,0x01,0xDB,
  0x01,0x49,0x01,0x00,0x01,0x92,0x01,0xFF,0x01,0x92,0x09,0x00,0x01,0x49,0x01,0xDB,
  0x04,0x00,0x01,0x6D,0x01,0xB6,0x02,0x00,0x01,0x49,0x03,0x6D,0x01,0x92,0x01,0x6D,
  0x0A,0x00,0x01,0xFF,0x02,0x92,0x01,0xDB,0x01,0x92,0x0C,0x00,0x05,0xFF,0xB5,0x00,
  0x01,0x24,0x06,0xFF,0x01,0xDB,0x03,0x00,0x01,0xB6,0x01,0xFF,0x01,0xB6,0x04,0x00,
  0x01,0x24,0x05,0xFF,0x01,0x92,0x06,0x00,0x01,0x49,0x01,0xDB,0x01,0x6D,0x04,0x00,
  0x01,0x24,0x04,0xFF,0x01,0xB6,0x02,0x00,0x01,0x24,0x06,0xFF,0x01,0x6D,0x06,0x00,
  0x01,0x49,0x01,0xDB,0x04,0x00,0x01,0x92,0x02,0xFF,0x01,0x92,0x01,0x24,0x05,0x00,
  0x01,0xDB,0x02,0x49,0x01,0xB6,0x01,0x49,0x0A,0x00,0x01,0x49,0x01,0xDB,0x04,0x00,
  0x02,0x6D,0x01,0x00,0x01,0x24,0x04,0xFF,0x01,0xB6,0x0B,0x00,0x01,0x92,0x01,0xFF,
  0x01,0xDB,0x01,0x49,0x0E,0x00,0x03,0xFF,0xC0,0x00,0x01,0x49,0x01,0xB6,0x01,0x24,
  0x2F,0x00,0x01,0x49,0x01,0xDB,0x0E,0x00,0x01,0xDB,0x01,0x49,0x0D,0x00,0x01,0x49,
  0x01,0xDB,0xFF,0x00,0x20,0x00,0x01,0x49,0x01,0xDB,0x0E,0x00,0x01,0xDB,0x01,0x49,
  0x0D,0x00,0x01,0x49,0x01,0xDB,0xFF,0x00,0x20,0x00,0x01,0x24,0x01,0xB6,0x0E,0x00,
  0x01,0xB6,0x0E,0x00,0x01,0x24,0x01,0xB6,0xFF,0x00,0xFF,0x00,0xFF,0x00,0xFF,0x00,
  0xFF,0x00,0xFF,0x00,0xFF,0x00,0xFF,0x00,0xFF,0x00,0xFF,0x00,0xFF,0x00,0x39,0x00,
  0x01,0x24,0x01,0xDB,0xD3,0x00,0x01,0x24,0x61,0x00,0x01,0x24,0x08,0x00,0x01,0x49,
  0x01,0xFF,0x11,0x00,0x01,0x24,0xC0,0x00,0x01,0x49,0x01,0xB6,0x09,0x00,0x01,0x49,
  0x01,0x24,0x04,0x00,0x01,0x49,0x01,0x24,0x06,0x00,0x01,0xB6,0x01,0x92,0x04,0x00,
  0x01,0x49,0x01,0x24,0x05,0x00,0x01,0x49,0x0A,0x00,0x01,0x6D,0x0D,0x00,0x01,0x6D,
  0x09,0x00,0x01,0xB6,0x01,0x6D,0x05,0x00,0x01,0xDB,0x03,0x00,0x01,0xB6,0x04,0x00,
  0x01,0xB6,0x02,0x00,0x01,0xB6,0x01,0x92,0x04,0x00,0x01,0x49,0x01,0xB6,0x08,0x00,
  0x01,0x24,0x01,0xFF,0x0A,0x00,0x01,0xB6,0x01,0x92,0x04,0x00,0x01,0x49,0x01,0xB6,
  0x0A,0x00,0x01,0x24,0x0A,0x00,0x01,0x6D,0xAA,0x00,0x07,0xFF,0x01,0x92,0x03,0x00,
  0x02,0xFF,0x01,0x6D,0x02,0x00,0x01,0x24,0x04,0xFF,0x01,0xDB,0x01,0x24,0x02,0x00,
  0x01,0xDB,0x01,0xFF,0x01,0xDB,0x03,0x00,0x02,0xFF,0x01,0x6D,0x03,0x00,0x01,0x49,
  0x05,0xFF,0x01,0x92,0x04,0x00,0x01,0xB6,0x06,0xFF,0x01,0x6D,0x06,0x00,0x01,0xB6,
  0x06,0xFF,0x01,0x6D,0x03,0x00,0x01,0xB6,0x01,0xFF,0x01,0xB6,0x03,0x00,0x01,0x6D,
  0x01,0xFF,0x01,0x24,0x01,0x00,0x01,0x49,0x01,0xFF,0x01,0x6D,0x02,0x00,0x01,0x49,
  0x01,0xFF,0x01,0x24,0x01,0x00,0x01,0xDB,0x01,0xFF,0x01,0xDB,0x03,0x00,0x07,0xFF,
  0x01,0x92,0x03,0x00,0x06,0xFF,0x04,0x00,0x01,0x24,0x02,0xFF,0x01,0xDB,0x03,0x00,
  0x07,0xFF,0x01,0x92,0x03,0x00,0x02,0xDB,0x02,0x00,0x01,0x92,0x01,0xFF,0x01,0xDB,
  0x01,0x24,0x03,0x00,0x01,0xB6,0x06,0xFF,0x01,0x6D,0xA4,0x00,0x01,0x49,0x02,0xDB,
  0x03,0x6D,0x01,0x92,0x01,0xFF,0x01,0x24,0x02,0x00,0x01,0x6D,0x02,0xFF,0x01,0xB6,
  0x01,0x00,0x01,0x24,0x04,0x6D,0x01,0xFF,0x01,0x92,0x03,0x00,0x01,0x92,0x01,0xFF,
  0x01,0x92,0x02,0x00,0x01,0x6D,0x02,0xFF,0x01,0xB6,0x02,0x00,0x01,0xB6,0x01,0xFF,
  0x03,0x6D,0x01,0xB6,0x01,0xFF,0x01,0xB6,0x03,0x00,0x06,0x6D,0x01,0xB6,0x01,0xFF,
  0x06,0x00,0x06,0x6D,0x01,0xB6,0x01,0xFF,0x04,0x00,0x01,0x6D,0x01,0xFF,0x01,0xDB,
  0x02,0x00,0x01,0x24,0x01,0xFF,0x01,0x24,0x02,0x00,0x01,0xDB,0x01,0xFF,0x01,0x24,
  0x01,0x00,0x01,0x49,0x01,0xFF,0x01,0x24,0x02,0x00,0x01,0x92,0x01,0xFF,0x01,0x92,
  0x02,0x00,0x01,0x49,0x02,0xDB,0x03,0x6D,0x01,0x92,0x01,0xFF,0x01,0x24,0x02,0x00,
  0x01,0x49,0x04,0x6D,0x01,0xFF,0x01,0x49,0x05,0x00,0x01,0x92,0x01,0xFF,0x01,0x92,
  0x02,0x00,0x01,0x49,0x02,0xDB,0x03,0x6D,0x01,0x92,0x01,0xFF,0x01,0x24,0x02,0x00,
  0x01,0x92,0x01,0xFF,0x01,0x49,0x02,0x92,0x01,0x6D,0x01,0xDB,0x01,0xFF,0x03,0x00,
  0x06,0x6D,0x01,0xB6,0x01,0xFF,0x0C,0x00,0x03,0xFF,0x96,0x00,0x01,0x49,0x01,0xFF,
  0x04,0x00,0x01,0xDB,0x01,0x49,0x04,0x00,0x01,0xDB,0x01,0xFF,0x06,0x00,0x01,0x6D,
  0x01,0x92,0x04,0x00,0x02,0xB6,0x04,0x00,0x01,0xDB,0x01,0xFF,0x02,0x00,0x01,0x6D,
  0x01,0xFF,0x04,0x00,0x01,0x49,0x01,0xFF,0x01,0x24,0x03,0x00,0x01,0x49,0x05,0x00,
  0x01,0xFF,0x01,0x24,0x06,0x00,0x01,0x49,0x05,0x00,0x01,0xFF,0x01,0x24,0x03,0x00,
  0x01,0x49,0x01,0xB6,0x01,0xFF,0x01,0xDB,0x01,0x00,0x01,0x24,0x01,0xDB,0x04,0x00,
  0x01,0xDB,0x01,0xFF,0x01,0x24,0x01,0x6D,0x01,0xB6,0x04,0x00,0x02,0xB6,0x03,0x00,
  0x01,0x49,0x01,0xFF,0x04,0x00,0x01,0xDB,0x01,0x49,0x07,0x00,0x01,0xDB,0x01,0x49,
  0x06,0x00,0x02,0xB6,0x03,0x00,0x01,0x49,0x01,0xFF,0x04,0x00,0x01,0xDB,0x01,0x49,
  0x03,0x00,0x01,0xFF,0x01,0xB6,0x01,0x6D,0x03,0x00,0x01,0xFF,0x01,0x49,0x03,0x00,
  0x01,0x49,0x05,0x00,0x01,0xFF,0x01,0x24,0x0A,0x00,0x05,0xFF,0x96,0x00,0x01,0xFF,
  0x04,0x00,0x01,0xDB,0x01,0x49,0x04,0x00,0x01,0x92,0x01,0xB6,0x06,0x00,0x01,0x6D,
  0x01,0xB6,0x04,0x00,0x01,0x92,0x01,0xB6,0x04,0x00,0x01,0x92,0x01,0xB6,0x02,0x00,
  0x01,0x49,0x01,0xFF,0x05,0x00,0x01,0xDB,0x01,0x6D,0x03,0x00,0x01,0xFF,0x05,0x00,
  0x01,0xFF,0x01,0x24,0x06,0x00,0x01,0xFF,0x05,0x00,0x01,0xFF,0x01,0x24,0x03,0x00,
  0x01,0xDB,0x01,0x00,0x01,0x24,0x01,0xFF,0x01,0xDB,0x01,0xB6,0x01,0x49,0x05,0x00,
  0x01,0xB6,0x01,0xFF,0x01,0xDB,0x01,0x24,0x04,0x00,0x01,0x92,0x01,0xB6,0x04,0x00,
  0x01,0xFF,0x04,0x00,0x01,0xDB,0x01,0x49,0x07,0x00,0x01,0xDB,0x07,0x00,0x01,0x6D,
  0x01,0xDB,0x04,0x00,0x01,0xFF,0x04,0x00,0x01,0xDB,0x01,0x49,0x03,0x00,0x01,0xB6,
  0x01,0xDB,0x04,0x00,0x01,0xB6,0x01,0x92,0x03,0x00,0x01,0xFF,0x05,0x00,0x01,0xFF,
  0x01,0x24,0x09,0x00,0x07,0xFF,0x95,0x00,0x01,0xDB,0x01,0x49,0x03,0x00,0x01,0xB6,
  0x01,0x6D,0x04,0x00,0x01,0xDB,0x01,0x24,0x06,0x00,0x01,0x6D,0x01,0xB6,0x04,0x00,
  0x01,0x6D,0x01,0xB6,0x04,0x00,0x01,0xDB,0x01,0x24,0x02,0x00,0x01,0x24,0x01,0xFF,
  0x05,0x00,0x01,0xB6,0x01,0x92,0x03,0x00,0x01,0xFF,0x05,0x00,0x01,0xDB,0x01,0x49,
  0x06,0x00,0x01,0xFF,0x05,0x00,0x01,0xDB,0x01,0x49,0x02,0x00,0x01,0x24,0x01,0xDB,
  0x02,0x00,0x01,0x24,0x02,0xFF,0x07,0x00,0x01,0xB6,0x01,0xFF,0x01,0x49,0x04,0x00,
  0x01,0x6D,0x01,0xB6,0x04,0x00,0x01,0xDB,0x01,0x49,0x03,0x00,0x01,0xB6,0x01,0x6D,
  0x06,0x00,0x01,0x24,0x01,0x92,0x07,0x00,0x01,0x6D,0x01,0xDB,0x04,0x00,0x01,0xDB,
  0x01,0x49,0x03,0x00,0x01,0xB6,0x01,0x6D,0x03,0x00,0x01,0xB6,0x01,0x6D,0x04,0x00,
  0x01,0x6D,0x01,0xB6,0x03,0x00,0x01,0xFF,0x05,0x00,0x01,0xDB,0x01,0x49,0x09,0x00,
  0x07,0xFF,0x95,0x00,0x01,0xB6,0x01,0x49,0x03,0x00,0x01,0xB6,0x01,0x6D,0x03,0x00,
  0x02,0x49,0x07,0x00,0x01,0x6D,0x01,0xB6,0x04,0x00,0x01,0x6D,0x01,0xB6,0x03,0x00,
  0x02,0x49,0x03,0x00,0x01,0x24,0x01,0xFF,0x05,0x00,0x02,0x92,0x03,0x00,0x01,0xFF,
  0x05,0x00,0x01,0xDB,0x01,0x49,0x06,0x00,0x01,0xFF,0x05,0x00,0x01,0xDB,0x01,0x49,
  0x02,0x00,0x01,0x6D,0x01,0xB6,0x03,0x00,0x01,0x24,0x01,0xFF,0x01,0xDB,0x07,0x00,
  0x01,0x92,0x01,0xFF,0x01,0x49,0x03,0x00,0x01,0x6D,0x01,0xB6,0x04,0x00,0x01,0xB6,
  0x01,0x49,0x03,0x00,0x01,0xB6,0x01,0x6D,0x05,0x00,0x01,0x24,0x01,0xDB,0x08,0x00,
  0x01,0x49,0x01,0xDB,0x04,0x00,0x01,0xB6,0x01,0x49,0x03,0x00,0x01,0xB6,0x01,0x6D,
  0x03,0x00,0x01,0xDB,0x01,0x24,0x04,0x00,0x01,0x49,0x01,0xB6,0x03,0x00,0x01,0xFF,
  0x05,0x00,0x01,0xDB,0x01,0x49,0x09,0x00,0x07,0xFF,0x93,0x00,0x01,0x24,0x01,0x6D,
  0x01,0xB6,0x01,0x24,0x03,0x00,0x01,0x92,0x01,0x6D,0x08,0x00,0x01,0x49,0x03,0x6D,
  0x01,0xB6,0x01,0xFF,0x01,0x49,0x03,0x00,0x01,0x6D,0x01,0xB6,0x09,0x00,0x01,0xFF,
  0x05,0x00,0x01,0x6D,0x01,0x92,0x03,0x00,0x01,0xFF,0x05,0x00,0x01,0xDB,0x01,0x49,
  0x06,0x00,0x01,0xFF,0x05,0x00,0x01,0xDB,0x01,0x49,0x02,0x00,0x01,0x6D,0x01,0xFF,
  0x01,0x6D,0x03,0x00,0x01,0x24,0x01,0xFF,0x01,0xDB,0x02,0x00,0x01,0x49,0x04,0x6D,
  0x01,0xFF,0x01,0x49,0x03,0x00,0x01,0x6D,0x01,0xB6,0x02,0x00,0x01,0x24,0x01,0x6D,
  0x01,0xB6,0x01,0x24,0x03,0x00,0x01,0x92,0x01,0x6D,0x03,0x00,0x01,0x6D,0x01,0xDB,
  0x01,0xFF,0x01,0x24,0x08,0x00,0x01,0x49,0x01,0xDB,0x02,0x00,0x01,0x24,0x01,0x6D,
  0x01,0xB6,0x01,0x24,0x03,0x00,0x01,0x92,0x01,0x6D,0x03,0x00,0x01,0xFF,0x01,0x00,
  0x01,0x24,0x03,0x6D,0x01,0x92,0x01,0x6D,0x03,0x00,0x01,0xFF,0x05,0x00,0x01,0xDB,
  0x01,0x49,0x0A,0x00,0x05,0xFF,0x93,0x00,0x01,0x24,0x02,0xFF,0x01,0xDB,0x04,0x00,
  0x01,0x6D,0x08,0x00,0x01,0x24,0x06,0xFF,0x01,0x6D,0x03,0x00,0x02,0x6D,0x09,0x00,
  0x01,0xDB,0x05,0x00,0x01,0x49,0x01,0x92,0x03,0x00,0x01,0x92,0x05,0x00,0x01,0x92,
  0x07,0x00,0x01,0x92,0x05,0x00,0x01,0x92,0x03,0x00,0x01,0x92,0x01,0xFF,0x01,0x92,
  0x04,0x00,0x01,0x49,0x01,0xFF,0x01,0x00,0x01,0x24,0x05,0xFF,0x01,0xB6,0x04,0x00,
  0x02,0x6D,0x01,0x00,0x01,0x24,0x02,0xFF,0x01,0xDB,0x04,0x00,0x01,0x6D,0x03,0x00,
  0x01,0x49,0x01,0xDB,0x01,0x6D,0x0A,0x00,0x01,0x49,0x01,0xDB,0x01,0x00,0x01,0x24,
  0x02,0xFF,0x01,0xDB,0x04,0x00,0x01,0x6D,0x03,0x00,0x02,0x6D,0x01,0x00,0x05,0xFF,
  0x04,0x00,0x01,0x92,0x05,0x00,0x01,0x92,0x0C,0x00,0x03,0xFF,0xBB,0x00,0x01,0x24,
  0x05,0x00,0x01,0x24,0x4D,0x00,0x01,0x49,0x01,0xDB,0x0D,0x00,0x01,0x49,0xFF,0x00,
  0x31,0x00,0x01,0x49,0x01,0xDB,0xFF,0x00,0x3F,0x00,0x01,0x24,0x01,0xB6,0xFF,0x00,
  0xFF,0x00,0xFF,0x00,0xFF,0x00,0xFF,0x00,0xFF,0x00,0xFF,0x00,0xFF,0x00,0xFF,0x00,
  0xFF,0x00,0xD4,0x00,0x01,0x24,0x01,0xD5,0xFF,0x00,0x3F,0x00,0x01,0x48,0x01,0xFA,
  0x3F,0x00,0x01,0x24,0x59,0x00,0x01,0x24,0x44,0x00,0x01,0x68,0x03,0x00,0x01,0x8D,
  0x03,0x00,0x01,0x48,0x01,0x24,0x06,0x00,0x01,0xB1,0x01,0x91,0x04,0x00,0x01,0xD5,
  0x01,0x48,0x03,0x00,0x01,0xD5,0x05,0x00,0x01,0xB1,0x01,0x6D,0x05,0x00,0x01,0xD5,
  0x03,0x00,0x01,0xB1,0x01,0x91,0x05,0x00,0x01,0x68,0x09,0x00,0x01,0xD5,0x01,0x24,
  0x02,0x00,0x01,0xD5,0x02,0x00,0x01,0x68,0x01,0x48,0x06,0x00,0x01,0x68,0x0A,0x00,
  0x01,0x24,0x08,0x00,0x01,0x24,0x01,0xFA,0x0B,0x00,0x01,0xB5,0x09,0x00,0x01,0xB1,
  0x01,0x91,0x04,0x00,0x01,0x44,0x01,0x24,0x04,0x00,0x01,0x68,0x03,0x00,0x01,0x8D,
  0x03,0x00,0x01,0x48,0x01,0x24,0x0A,0x00,0x01,0x68,0x09,0x00,0x01,0xF9,0x01,0xFA,
  0x01,0x6D,0x03,0x00,0x01,0xB1,0x01,0x91,0x10,0x00,0x01,0x44,0x01,0x8D,0x0A,0x00,
  0x01,0x24,0x09,0x00,0x01,0xD5,0x01,0x48,0x03,0x00,0x01,0xD5,0x02,0x00,0x01,0xD5,
  0x01,0x24,0x02,0x00,0x01,0xD5,0x02,0x00,0x01,0x68,0x01,0x48,0x03,0x00,0x01,0x24,
  0x0D,0x00,0x01,0x68,0x09,0x00,0x01,0xF9,0x01,0xFA,0x01,0x6D,0x41,0x00,0x01,0x24,
  0x06,0xFA,0x01,0x24,0x01,0x20,0x04,0xFA,0x01,0xD5,0x01,0x20,0x02,0x00,0x01,0xD5,
  0x01,0xFA,0x01,0xD5,0x03,0x00,0x01,0xF9,0x01,0xB5,0x03,0x00,0x01,0xFA,0x01,0x48,
  0x04,0x00,0x01,0xB1,0x01,0xFA,0x01,0xB1,0x03,0x00,0x01,0x68,0x01,0xFA,0x01,0x24,
  0x02,0x00,0x01,0xD5,0x01,0xFA,0x01,0xD5,0x03,0x00,0x01,0xB5,0x06,0xFA,0x01,0x68,
  0x03,0x00,0x01,0xFA,0x01,0x8D,0x01,0x00,0x01,0x48,0x01,0xFA,0x01,0x24,0x01,0x00,
  0x01,0xFA,0x01,0x91,0x05,0x00,0x01,0xB5,0x06,0xFA,0x01,0x68,0x03,0x00,0x02,0xD5,
  0x02,0x00,0x01,0x91,0x01,0xFA,0x01,0xD5,0x01,0x24,0x03,0x00,0x05,0xFA,0x01,0xF9,
  0x05,0x00,0x01,0xB5,0x07,0xFA,0x01,0x68,0x02,0x00,0x01,0xD5,0x01,0xFA,0x01,0xD5,
  0x03,0x00,0x02,0xFA,0x01,0x6D,0x02,0x00,0x01,0x24,0x06,0xFA,0x01,0x24,0x01,0x20,
  0x04,0xFA,0x01,0xD5,0x01,0x20,0x05,0x00,0x01,0xB5,0x06,0xFA,0x01,0x68,0x03,0x00,
  0x01,0x24,0x02,0xFA,0x01,0xD5,0x02,0x00,0x01,0xD5,0x01,0xFA,0x01,0xD5,0x0F,0x00,
  0x07,0xFA,0x01,0xD5,0x03,0x00,0x02,0xD5,0x02,0x00,0x01,0x91,0x01,0xFA,0x01,0xD5,
  0x01,0x24,0x03,0x00,0x01,0xF9,0x01,0xB5,0x03,0x00,0x01,0xFA,0x01,0x48,0x01,0x00,
  0x01,0xFA,0x01,0x8D,0x01,0x00,0x01,0x48,0x01,0xFA,0x01,0x24,0x01,0x00,0x01,0xFA,
  0x01,0x91,0x02,0x00,0x02,0xD5,0x02,0x00,0x01,0x91,0x01,0xFA,0x01,0xD5,0x01,0x24,
  0x06,0x00,0x01,0xB5,0x06,0xFA,0x01,0x68,0x03,0x00,0x01,0x24,0x02,0xFA,0x01,0xD5,
  0x40,0x00,0x01,0x24,0x03,0x68,0x01,0x8D,0x01,0xFA,0x01,0x6D,0x01,0x00,0x01,0x20,
  0x03,0x68,0x01,0x6C,0x01,0xF9,0x01,0x8D,0x03,0x00,0x01,0x8D,0x01,0xFA,0x01,0x8D,
  0x02,0x00,0x01,0x68,0x01,0xFA,0x03,0x00,0x01,0xF9,0x01,0x68,0x05,0x00,0x01,0x6D,
  0x01,0xFA,0x01,0xD5,0x02,0x00,0x01,0x24,0x01,0xFA,0x01,0x20,0x03,0x00,0x01,0x8D,
  0x01,0xFA,0x01,0x8D,0x02,0x00,0x06,0x68,0x01,0xB1,0x01,0xFA,0x03,0x00,0x01,0x8D,
  0x01,0xD5,0x02,0x00,0x01,0xFA,0x01,0x20,0x01,0x00,0x01,0xB5,0x01,0xB1,0x05,0x00,
  0x06,0x68,0x01,0xB1,0x01,0xFA,0x03,0x00,0x01,0x91,0x01,0xFA,0x01,0x44,0x02,0x91,
  0x01,0x6D,0x01,0xD5,0x01,0xFA,0x03,0x00,0x01,0x48,0x03,0x68,0x01,0x6D,0x01,0xFA,
  0x01,0x48,0x04,0x00,0x01,0x44,0x01,0xFA,0x01,0x8D,0x04,0x68,0x02,0xD5,0x03,0x00,
  0x01,0x8D,0x01,0xFA,0x01,0x8D,0x02,0x00,0x01,0x68,0x02,0xFA,0x01,0xB1,0x01,0x00,
  0x01,0x24,0x03,0x68,0x01,0x8D,0x01,0xFA,0x01,0x6D,0x01,0x00,0x01,0x20,0x03,0x68,
  0x01,0x6C,0x01,0xF9,0x01,0x8D,0x05,0x00,0x06,0x68,0x01,0xB1,0x01,0xFA,0x04,0x00,
  0x01,0xD5,0x01,0x8D,0x01,0xFA,0x03,0x00,0x01,0x8D,0x01,0xFA,0x01,0x8D,0x0E,0x00,
  0x01,0xD5,0x01,0xB5,0x04,0x68,0x01,0x8D,0x01,0xFA,0x01,0x6D,0x02,0x00,0x01,0x91,
  0x01,0xFA,0x01,0x44,0x02,0x91,0x01,0x6D,0x01,0xD5,0x01,0xFA,0x03,0x00,0x01,0x68,
  0x01,0xFA,0x03,0x00,0x01,0xF9,0x01,0x68,0x01,0x00,0x01,0x8D,0x01,0xD5,0x02,0x00,
  0x01,0xFA,0x01,0x20,0x01,0x00,0x01,0xB5,0x01,0xB1,0x02,0x00,0x01,0x91,0x01,0xFA,
  0x01,0x44,0x02,0x91,0x01,0x6D,0x01,0xD5,0x01,0xFA,0x06,0x00,0x06,0x68,0x01,0xB1,
  0x01,0xFA,0x04,0x00,0x01,0xD5,0x01,0x8D,0x01,0xFA,0x45,0x00,0x01,0xFA,0x07,0x00,
  0x01,0x6D,0x01,0x91,0x04,0x00,0x02,0xB1,0x03,0x00,0x01,0xFA,0x01,0x48,0x02,0x00,
  0x01,0xB1,0x01,0x68,0x05,0x00,0x01,0x48,0x01,0xB1,0x01,0xFA,0x01,0xD5,0x01,0x00,
  0x01,0x24,0x01,0xD5,0x05,0x00,0x02,0xB1,0x03,0x00,0x01,0x48,0x05,0x00,0x01,0xFA,
  0x01,0x24,0x02,0x00,0x01,0x24,0x01,0xFA,0x02,0x00,0x01,0xF9,0x02,0x00,0x01,0x91,
  0x01,0xB1,0x06,0x00,0x01,0x48,0x05,0x00,0x01,0xFA,0x01,0x24,0x03,0x00,0x01,0xFA,
  0x01,0xB1,0x01,0x68,0x03,0x00,0x01,0xFA,0x01,0x48,0x07,0x00,0x01,0xD5,0x01,0x48,
  0x05,0x00,0x01,0xFA,0x01,0x24,0x04,0x00,0x01,0x6D,0x01,0xB1,0x04,0x00,0x02,0xB1,
  0x04,0x00,0x01,0xD5,0x01,0xFA,0x06,0x00,0x01,0xFA,0x07,0x00,0x01,0x6D,0x01,0x91,
  0x06,0x00,0x01,0x48,0x05,0x00,0x01,0xFA,0x01,0x24,0x02,0x00,0x01,0x24,0x01,0xB1,
  0x06,0x00,0x02,0xB1,0x0E,0x00,0x01,0xB1,0x01,0x6D,0x05,0x00,0x02,0x91,0x03,0x00,
  0x01,0xFA,0x01,0xB1,0x01,0x68,0x03,0x00,0x01,0xFA,0x01,0x48,0x03,0x00,0x01,0xFA,
  0x01,0x48,0x02,0x00,0x01,0xB1,0x01,0x68,0x01,0x00,0x01,0x24,0x01,0xFA,0x02,0x00,
  0x01,0xF9,0x02,0x00,0x01,0x91,0x01,0xB1,0x03,0x00,0x01,0xFA,0x01,0xB1,0x01,0x68,
  0x03,0x00,0x01,0xFA,0x01,0x48,0x06,0x00,0x01,0x48,0x05,0x00,0x01,0xFA,0x01,0x24,
  0x02,0x00,0x01,0x24,0x01,0xB1,0x47,0x00,0x01,0xFA,0x07,0x00,0x01,0x6C,0x01,0xB1,
  0x04,0x00,0x01,0x6D,0x01,0xB1,0x03,0x00,0x01,0x91,0x01,0xB1,0x02,0x00,0x01,0xB1,
  0x01,0x48,0x05,0x00,0x01,0xD5,0x01,0x00,0x01,0x24,0x01,0xF9,0x01,0xD5,0x01,0xB1,
  0x01,0x44,0x05,0x00,0x01,0x6D,0x01,0xB1,0x03,0x00,0x01,0xFA,0x05,0x00,0x01,0xF9,
  0x01,0x24,0x03,0x00,0x01,0xFA,0x01,0x48,0x01,0xB1,0x01,0x48,0x02,0x00,0x01,0x8D,
  0x01,0x68,0x06,0x00,0x01,0xFA,0x05,0x00,0x01,0xF9,0x01,0x24,0x03,0x00,0x01,0xB5,
  0x01,0xD5,0x04,0x00,0x01,0xB1,0x01,0x8D,0x07,0x00,0x01,0xD5,0x06,0x00,0x01,0xFA,
  0x01,0x44,0x04,0x00,0x01,0x8D,0x01,0x68,0x04,0x00,0x01,0x6D,0x01,0xB1,0x04,0x00,
  0x01,0x8D,0x01,0xB5,0x06,0x00,0x01,0xFA,0x07,0x00,0x01,0x6C,0x01,0xB1,0x06,0x00,
  0x01,0xFA,0x05,0x00,0x01,0xF9,0x01,0x24,0x02,0x00,0x01,0x24,0x01,0xFA,0x06,0x00,
  0x01,0x6D,0x01,0xB1,0x05,0x00,0x01,0xD5,0x02,0xF9,0x01,0xD5,0x01,0x24,0x04,0x00,
  0x01,0x91,0x01,0x8D,0x05,0x00,0x01,0x6D,0x01,0xB1,0x03,0x00,0x01,0xB5,0x01,0xD5,
  0x04,0x00,0x01,0xB1,0x01,0x8D,0x03,0x00,0x01,0x91,0x01,0xB1,0x02,0x00,0x01,0xB1,
  0x01,0x48,0x02,0x00,0x01,0xFA,0x01,0x48,0x01,0xB1,0x01,0x48,0x02,0x00,0x01,0x8D,
  0x01,0x68,0x03,0x00,0x01,0xB5,0x01,0xD5,0x04,0x00,0x01,0xB1,0x01,0x8D,0x06,0x00,
  0x01,0xFA,0x05,0x00,0x01,0xF9,0x01,0x24,0x02,0x00,0x01,0x24,0x01,0xFA,0x47,0x00,
  0x01,0xFA,0x07,0x00,0x01,0x68,0x01,0xB1,0x04,0x00,0x01,0x6D,0x01,0xB1,0x03,0x00,
  0x01,0x44,0x01,0xF9,0x02,0x00,0x01,0xB1,0x05,0x00,0x01,0x24,0x01,0xD5,0x02,0x00,
  0x01,0x20,0x01,0xD9,0x01,0xFA,0x06,0x00,0x01,0x6D,0x01,0xB1,0x03,0x00,0x01,0xFA,
  0x05,0x00,0x01,0xD5,0x01,0x44,0x03,0x00,0x01,0xB5,0x01,0xFA,0x01,0x48,0x03,0x00,
  0x01,0xD5,0x07,0x00,0x01,0xFA,0x05,0x00,0x01,0xD5,0x01,0x44,0x03,0x00,0x01,0xB1,
  0x01,0x6D,0x04,0x00,0x01,0x6C,0x01,0xB1,0x06,0x00,0x01,0x24,0x01,0x91,0x06,0x00,
  0x01,0xF9,0x01,0x44,0x04,0x00,0x01,0xB1,0x05,0x00,0x01,0x6D,0x01,0xB1,0x04,0x00,
  0x01,0xD9,0x01,0x24,0x06,0x00,0x01,0xFA,0x07,0x00,0x01,0x68,0x01,0xB1,0x06,0x00,
  0x01,0xFA,0x05,0x00,0x01,0xD5,0x01,0x44,0x03,0x00,0x01,0xD5,0x01,0x8D,0x05,0x00,
  0x01,0x6D,0x01,0xB1,0x0E,0x00,0x02,0x8D,0x05,0x00,0x01,0x68,0x01,0xB1,0x03,0x00,
  0x01,0xB1,0x01,0x6D,0x04,0x00,0x01,0x6C,0x01,0xB1,0x03,0x00,0x01,0x44,0x01,0xF9,
  0x02,0x00,0x01,0xB1,0x03,0x00,0x01,0xB5,0x01,0xFA,0x01,0x48,0x03,0x00,0x01,0xD5,
  0x04,0x00,0x01,0xB1,0x01,0x6D,0x04,0x00,0x01,0x6C,0x01,0xB1,0x06,0x00,0x01,0xFA,
  0x05,0x00,0x01,0xD5,0x01,0x44,0x03,0x00,0x01,0xD5,0x01,0x8D,0x46,0x00,0x01,0xFA,
  0x01,0x20,0x06,0x00,0x01,0x68,0x01,0xB1,0x04,0x00,0x01,0x68,0x01,0xB1,0x04,0x00,
  0x01,0xFA,0x01,0x48,0x01,0xD5,0x01,0x68,0x05,0x00,0x01,0x68,0x01,0xB1,0x03,0x00,
  0x01,0x20,0x01,0xF9,0x01,0xD5,0x05,0x00,0x01,0x68,0x01,0xB1,0x03,0x00,0x01,0xFA,
  0x05,0x00,0x01,0xD5,0x01,0x48,0x03,0x00,0x01,0x8D,0x01,0xB1,0x03,0x00,0x01,0xB1,
  0x01,0x6D,0x07,0x00,0x01,0xFA,0x05,0x00,0x01,0xD5,0x01,0x48,0x03,0x00,0x01,0xD5,
  0x01,0x24,0x04,0x00,0x01,0x48,0x01,0xB1,0x05,0x00,0x01,0x24,0x01,0xD5,0x07,0x00,
  0x01,0xD5,0x01,0x44,0x03,0x00,0x01,0x6D,0x01,0x48,0x05,0x00,0x01,0x68,0x01,0xB1,
  0x03,0x00,0x02,0x48,0x07,0x00,0x01,0xFA,0x01,0x20,0x06,0x00,0x01,0x68,0x01,0xB1,
  0x06,0x00,0x01,0xFA,0x05,0x00,0x01,0xD5,0x01,0x48,0x03,0x00,0x01,0x48,0x01,0xFA,
  0x05,0x00,0x01,0x68,0x01,0xB1,0x0E,0x00,0x02,0x8D,0x05,0x00,0x01,0x68,0x01,0xB1,
  0x03,0x00,0x01,0xD5,0x01,0x24,0x04,0x00,0x01,0x48,0x01,0xB1,0x04,0x00,0x01,0xFA,
  0x01,0x48,0x01,0xD5,0x01,0x68,0x03,0x00,0x01,0x8D,0x01,0xB1,0x03,0x00,0x01,0xB1,
  0x01,0x6D,0x04,0x00,0x01,0xD5,0x01,0x24,0x04,0x00,0x01,0x48,0x01,0xB1,0x06,0x00,
  0x01,0xFA,0x05,0x00,0x01,0xD5,0x01,0x48,0x03,0x00,0x01,0x48,0x01,0xFA,0x46,0x00,
  0x01,0xFA,0x01,0x24,0x02,0x00,0x01,0x48,0x03,0x68,0x01,0xB1,0x01,0xF9,0x01,0x48,
  0x03,0x00,0x01,0x68,0x01,0xB1,0x03,0x00,0x01,0x24,0x01,0xF9,0x01,0xFA,0x01,0x48,
  0x06,0x00,0x01,0x68,0x01,0xFA,0x01,0x6D,0x03,0x00,0x01,0x24,0x01,0xFA,0x01,0xD5,
  0x04,0x00,0x01,0x68,0x01,0xB1,0x03,0x00,0x01,0xFA,0x05,0x00,0x01,0xB5,0x01,0x48,
  0x03,0x00,0x01,0x44,0x01,0xFA,0x01,0x6D,0x01,0x8D,0x01,0xF9,0x01,0x91,0x08,0x00,
  0x01,0xFA,0x05,0x00,0x01,0xB5,0x01,0x48,0x03,0x00,0x01,0xF9,0x01,0x00,0x01,0x24,
  0x03,0x68,0x01,0x91,0x01,0x6D,0x03,0x00,0x01,0x68,0x01,0xB5,0x01,0xFA,0x01,0x24,
  0x07,0x00,0x01,0xD5,0x01,0x44,0x01,0x00,0x01,0x8D,0x01,0xD9,0x01,0x8D,0x06,0x00,
  0x01,0x68,0x01,0xB1,0x0C,0x00,0x01,0xFA,0x01,0x24,0x02,0x00,0x01,0x48,0x03,0x68,
  0x01,0xB1,0x01,0xF9,0x01,0x48,0x05,0x00,0x01,0xFA,0x05,0x00,0x01,0xB5,0x01,0x48,
  0x04,0x00,0x01,0xD5,0x01,0x6D,0x04,0x00,0x01,0x68,0x01,0xB1,0x0E,0x00,0x01,0x6D,
  0x01,0xD5,0x05,0x68,0x01,0xB1,0x01,0x68,0x03,0x00,0x01,0xF9,0x01,0x00,0x01,0x24,
  0x03,0x68,0x01,0x91,0x01,0x6D,0x03,0x00,0x01,0x24,0x01,0xF9,0x01,0xFA,0x01,0x48,
  0x04,0x00,0x01,0x44,0x01,0xFA,0x01,0x6D,0x01,0x8D,0x01,0xF9,0x01,0x91,0x05,0x00,
  0x01,0xF9,0x01,0x00,0x01,0x24,0x03,0x68,0x01,0x91,0x01,0x6D,0x06,0x00,0x01,0xFA,
  0x05,0x00,0x01,0xB5,0x01,0x48,0x04,0x00,0x01,0xD5,0x01,0x6D,0x45,0x00,0x01,0x8D,
  0x02,0x00,0x01,0x24,0x06,0xFA,0x01,0x68,0x03,0x00,0x01,0x68,0x01,0x6D,0x02,0x00,
  0x01,0xB1,0x01,0xFA,0x01,0x91,0x08,0x00,0x01,0x8D,0x01,0xFA,0x01,0x8D,0x04,0x00,
  0x01,0x44,0x01,0xF9,0x04,0x00,0x01,0x68,0x01,0x6D,0x03,0x00,0x01,0x91,0x05,0x00,
  0x01,0x8D,0x05,0x00,0x01,0xB5,0x01,0xFA,0x01,0xD5,0x01,0x48,0x09,0x00,0x01,0x91,
  0x05,0x00,0x01,0x8D,0x03,0x00,0x01,0x68,0x01,0x6D,0x01,0x00,0x01,0xF9,0x03,0xFA,
  0x01,0xF9,0x03,0x00,0x01,0x48,0x01,0xD5,0x01,0x6D,0x09,0x00,0x01,0xD5,0x01,0x44,
  0x01,0x48,0x01,0xB5,0x01,0x44,0x07,0x00,0x01,0x68,0x01,0x6D,0x0C,0x00,0x01,0x8D,
  0x02,0x00,0x01,0x24,0x06,0xFA,0x01,0x68,0x05,0x00,0x01,0x91,0x05,0x00,0x01,0x8D,
  0x05,0x00,0x01,0x44,0x01,0x48,0x04,0x00,0x01,0x68,0x01,0x6D,0x0E,0x00,0x01,0x20,
  0x01,0xF9,0x05,0xFA,0x01,0xD5,0x03,0x00,0x01,0x68,0x01,0x6D,0x01,0x00,0x01,0xF9,
  0x03,0xFA,0x01,0xF9,0x03,0x00,0x01,0xB1,0x01,0xFA,0x01,0x91,0x07,0x00,0x01,0xB5,
  0x01,0xFA,0x01,0xD5,0x01,0x48,0x05,0x00,0x01,0x68,0x01,0x6D,0x01,0x00,0x01,0xF9,
  0x03,0xFA,0x01,0xF9,0x07,0x00,0x01,0x91,0x05,0x00,0x01,0x8D,0x05,0x00,0x01,0x44,
  0x01,0x48,0x56,0x00,0x01,0x48,0x01,0xB1,0x01,0x24,0x3E,0x00,0x01,0x48,0x16,0x00,
  0x01,0xD5,0x01,0x44,0x55,0x00,0x01,0x48,0x09,0x00,0x01,0x48,0x01,0xB1,0x01,0x24,
  0x11,0x00,0x01,0x48,0xCA,0x00,0x01,0xD5,0x01,0x44,0xFF,0x00,0x3F,0x00,0x01,0xB1,
  0xFF,0x00,0xFF,0x00,0xFF,0x00,0xFF,0x00,0xFF,0x00,0xFF,0x00,0xFF,0x00,0xFF,0x00,
  0xFF,0x00,0xFF,0x00,0xFF,0x00,0xFF,0x00,0xFF,0x00,0xFF,0x00,0xFF,0x00,0xFF,0x00,
  0xFF,0x00,0xFF,0x00,0xFF,0x00,0xFF,0x00,0xFF,0x00,0xFF,0x00,0xFF,0x00,0xFF,0x00,
  0xFF,0x00,0xFF,0x00,0xFF,0x00,0xFF,0x00,0xFF,0x00,0xFF,0x00,0xFF,0x00,0xFF,0x00,
  0xFF,0x00,0xFF,0x00,0xFF,0x00,0xFF,0x00,0xFF,0x00,0xFF,0x00,0xFF,0x00,0xFF,0x00,
  0xFF,0x00,0xFF,0x00,0xFF,0x00,0xFF,0x00,0xFF,0x00,0xFF,0x00,0xFF,0x00,0xFF,0x00,
  0x28,0x00,0x01,0x49,0x01,0x6D,0x04,0x00,0x01,0x49,0x01,0x6D,0x05,0x00,0x01,0x49,
  0x01,0x24,0x02,0x00,0x01,0x49,0x01,0x6D,0x04,0x00,0x01,0x49,0x01,0x6D,0x15,0x00,
  0x01,0x04,0x01,0x55,0x01,0x24,0x02,0x00,0x01,0x04,0x01,0x55,0x01,0x24,0x02,0x00,
  0x01,0x04,0x01,0x55,0x01,0x28,0x03,0x00,0x01,0x28,0x05,0x00,0x01,0x51,0x01,0x04,
  0xF9,0x00,0x01,0x49,0x01,0x92,0x01,0x6D,0x03,0x00,0x01,0x49,0x01,0x92,0x01,0x6D,
  0x05,0x00,0x01,0x6D,0x02,0x00,0x01,0x49,0x01,0x92,0x01,0x6D,0x03,0x00,0x01,0x49,
  0x01,0x92,0x01,0x6D,0x15,0x00,0x01,0x24,0x01,0x59,0x01,0x7D,0x01,0x28,0x01,0x00,
  0x01,0x24,0x01,0x55,0x01,0x7D,0x01,0x28,0x01,0x00,0x01,0x04,0x01,0x55,0x01,0x7D,
  0x01,0x28,0x01,0x00,0x01,0x28,0x03,0x7D,0x01,0x55,0x01,0x04,0x01,0x24,0x05,0x7D,
  0x01,0x55,0xF6,0x00,0x01,0x49,0x01,0x6D,0x04,0x00,0x01,0x49,0x01,0x6D,0x04,0x00,
  0x01,0x24,0x01,0x49,0x03,0x00,0x01,0x49,0x01,0x6D,0x04,0x00,0x01,0x49,0x01,0x6D,
  0x17,0x00,0x01,0x55,0x01,0x51,0x03,0x00,0x02,0x51,0x03,0x00,0x01,0x51,0x01,0x55,
  0x02,0x00,0x02,0x04,0x01,0x24,0x01,0x59,0x01,0x31,0x01,0x00,0x01,0x24,0x01,0x59,
  0x02,0x00,0x01,0x04,0x01,0x59,0x01,0x04,0xF5,0x00,0x01,0x24,0x01,0x6E,0x04,0x00,
  0x01,0x24,0x01,0x6E,0x04,0x00,0x01,0x49,0x04,0x00,0x01,0x24,0x01,0x6E,0x04,0x00,
  0x01,0x24,0x01,0x6E,0x17,0x00,0x01,0x28,0x01,0x55,0x03,0x00,0x01,0x28,0x01,0x51,
  0x03,0x00,0x01,0x24,0x01,0x55,0x05,0x00,0x01,0x28,0x01,0x55,0x02,0x00,0x01,0x59,
  0x01,0x04,0x02,0x00,0x01,0x55,0x01,0x24,0xF5,0x00,0x01,0x24,0x01,0x92,0x04,0x00,
  0x01,0x24,0x01,0x92,0x03,0x00,0x01,0x24,0x01,0x49,0x04,0x00,0x01,0x24,0x01,0x92,
  0x04,0x00,0x01,0x24,0x01,0x92,0x17,0x00,0x01,0x28,0x01,0x55,0x03,0x00,0x01,0x28,
  0x01,0x51,0x03,0x00,0x01,0x04,0x01,0x55,0x05,0x00,0x01,0x04,0x01,0x51,0x02,0x00,
  0x01,0x51,0x01,0x28,0x02,0x00,0x01,0x55,0x01,0x24,0xF5,0x00,0x01,0x24,0x01,0x92,
  0x04,0x00,0x01,0x24,0x01,0x92,0x03,0x00,0x01,0x49,0x01,0x24,0x04,0x00,0x01,0x24,
  0x01,0x92,0x04,0x00,0x01,0x24,0x01,0x92,0x17,0x00,0x01,0x28,0x01,0x55,0x03,0x00,
  0x01,0x28,0x01,0x51,0x02,0x00,0x01,0x04,0x01,0x24,0x01,0x55,0x02,0x00,0x03,0x04,
  0x01,0x2D,0x01,0x24,0x02,0x00,0x01,0x2D,0x01,0x28,0x02,0x00,0x01,0x51,0x01,0x24,
  0xF5,0x00,0x01,0x24,0x01,0x92,0x04,0x00,0x01,0x24,0x01,0x92,0x03,0x00,0x01,0x6D,
  0x05,0x00,0x01,0x24,0x01,0x92,0x04,0x00,0x01,0x24,0x01,0x92,0x17,0x00,0x01,0x24,
  0x01,0x55,0x03,0x00,0x01,0x28,0x01,0x2D,0x01,0x00,0x01,0x2C,0x02,0x7D,0x01,0x28,
  0x01,0x00,0x01,0x28,0x03,0x7D,0x01,0x2D,0x01,0x00,0x01,0x28,0x01,0x7D,0x01,0x5D,
  0x03,0x00,0x01,0x2D,0xF4,0x00,0x01,0x24,0x01,0x6D,0x02,0x92,0x01,0x6D,0x02,0x24,
  0x01,0x6D,0x02,0x92,0x01,0x6D,0x01,0x24,0x01,0x49,0x01,0x24,0x03,0x00,0x01,0x24,
  0x01,0x6D,0x02,0x92,0x01,0x6D,0x02,0x24,0x01,0x6D,0x02,0x92,0x01,0x6D,0x01,0x24,
  0x15,0x00,0x01,0x24,0x01,0x55,0x03,0x00,0x01,0x04,0xFF,0x00,0x15,0x00,0x01,0x24,
  0x25,0x00,0x01,0x04,0x01,0x55,0xFF,0x00,0x3F,0x00,0x01,0x04,0x01,0x24,0xFF,0x00,
  0xFF,0x00,0x76,0x00,
};

const uint32_t LESSON_SIZES[11] = {11974, 11436, 10682, 10782, 12834, 12834, 11586, 13106, 12028, 12486, 10740};

const uint8_t* const LESSON_PAGES[11] = {LESSON_PAGE_0, LESSON_PAGE_1, LESSON_PAGE_2, LESSON_PAGE_3, LESSON_PAGE_4, LESSON_PAGE_5, LESSON_PAGE_6, LESSON_PAGE_7, LESSON_PAGE_8, LESSON_PAGE_9, LESSON_PAGE_10};
